date,rotation_phase,detector_thermal_radiance_W_cm-2_um-1_sr-1,sigma,frame_count,PDS_FILL_FAC,disk_equivalent_radiance_diagnostic_W_cm-2_um-1_sr-1,sun_x_IAU_BENNU,sun_y_IAU_BENNU,sun_z_IAU_BENNU,observer_x_IAU_BENNU,observer_y_IAU_BENNU,observer_z_IAU_BENNU,heliocentric_distance_au
2018-11-02,0.001388888888888889,0.0001105243862505424,5.52621931252712e-07,93,0.36182795698924725,0.00030580663132491064,0.9795307172248545,-0.19692075309851936,-0.04173476982174626,0.9935922967279167,-0.10984917198381626,-0.026599009331428895,1.040635830045233
2018-11-02,0.004166666666666667,0.00011028178963871442,5.514089481935721e-07,94,0.361595744680851,0.00030536695783813927,0.9759583586282148,-0.21392404306703722,-0.04173471003341707,0.9915325001299519,-0.12710574459696405,-0.026597572755764423,1.0406373783205825
2018-11-02,0.006944444444444444,0.00011002234839332315,5.501117419666157e-07,94,0.355531914893617,0.00031020293520792405,0.9720658815355482,-0.23096780963510993,-0.041734792043057765,0.9891559911123539,-0.14443999458726373,-0.026599120477340806,1.0406357254512528
2018-11-02,0.009722222222222222,0.000109517351440092,5.4758675720046e-07,69,0.3657971014492753,0.00029956933452093083,0.9683791315877773,-0.2459685304840481,-0.0417293603691709,0.9868558928730832,-0.15941522950502143,-0.02649964723408977,1.0407417848046263
2018-11-02,0.0125,0.00010899852465687647,5.449926232843824e-07,47,0.3599999999999999,0.0003027736796024345,0.9637977468651747,-0.26335020381946345,-0.041720178401580564,0.983928051632904,-0.17661435388614086,-0.026324118432696716,1.0409293198164435
2018-11-02,0.015277777777777777,0.00010876572059266448,5.438286029633224e-07,47,0.3599999999999999,0.0003021270016462902,0.9590424355961389,-0.2801732081299058,-0.04172026092946037,0.9806863082562521,-0.19380744162266791,-0.026325659923343552,1.0409276665444156
2018-11-02,0.018055555555555554,0.00010861534923769409,5.430767461884705e-07,47,0.3599999999999999,0.0003017093034380392,0.9539932477672353,-0.2969112597556218,-0.04172034329739043,0.977143975388856,-0.21094200583702388,-0.026327201422021294,1.0409260131931648
2018-11-02,0.020833333333333332,0.00010844560050007524,5.422280025003763e-07,47,0.3599999999999999,0.00030123777916687565,0.9486522283079889,-0.31355757971331466,-0.041720425820159106,0.9733024882731888,-0.22801110414738338,-0.026328742976264936,1.040924359926116
2018-11-02,0.02361111111111111,0.00010830908739515892,5.415454369757947e-07,47,0.3599999999999999,0.00030085857609766375,0.9430204846418339,-0.33010871655082785,-0.04172050818297783,0.969162644047199,-0.24501119464085644,-0.02633028454276018,1.0409227065798459
2018-11-02,0.02638888888888889,0.00010819445954439161,5.40972297721958e-07,47,0.3599999999999999,0.00030054016540108786,0.9371002976288937,-0.34655796700614,-0.041720590700636766,0.9647261210158156,-0.2619353858535503,-0.02633182613359088,1.0409210533177773
2018-11-02,0.029166666666666667,0.00010812180120703089,5.406090060351544e-07,46,0.3541304347826087,0.0003055531798544352,0.9309603620139965,-0.3627288129332594,-0.041720649884646695,0.9600456796190394,-0.278601594394289,-0.02633333715610029,1.0409194175461216
2018-11-02,0.03194444444444444,0.00010804757017485799,5.402378508742899e-07,47,0.3534042553191489,0.00030601400222635936,0.924542041189952,-0.37878937785485495,-0.04172075378812428,0.9550778377070196,-0.2951826522713247,-0.026334876474936226,1.0409177819367814
2018-11-02,0.034722222222222224,0.00010794513793402661,5.397256896701331e-07,47,0.3495744680851063,0.00030929109389454573,0.9177722469619067,-0.39490945106029657,-0.04172083615830522,0.9497648594680622,-0.31185430058346686,-0.026336418268412373,1.0409161285187094
2018-11-02,0.0375,0.00010785134214596216,5.392567107298108e-07,47,0.3599999999999999,0.00029958706151656157,0.9107224787106967,-0.41090623226983203,-0.04172091864826912,0.9441617410200817,-0.3284279504850855,-0.02633795994557293,1.0409144753482604
2018-11-02,0.04027777777777778,0.00010778571950986588,5.389285975493295e-07,47,0.3599999999999999,0.00029940477641629407,0.9033931737023128,-0.4267787855443137,-0.041721000915411616,0.9382688358353963,-0.3449026273491087,-0.026339501661420146,1.0409128220168806
2018-11-02,0.043055555555555555,0.00010770402304873486,5.385201152436744e-07,47,0.3599999999999999,0.00029917784180204135,0.8957876417856502,-0.4425198888364689,-0.04172108349818891,0.9320888012495019,-0.3612708347070464,-0.026341043550713324,1.0409111687697028
2018-11-02,0.04583333333333333,0.00010762560943152854,5.381280471576428e-07,47,0.3599999999999999,0.0002989600261986903,0.8879074599723681,-0.45812627828255575,-0.04172116576022152,0.9256229197180948,-0.3775291759454494,-0.02634258534197678,1.0409095154433052
2018-11-02,0.04861111111111111,0.00010757101880528023,5.378550940264012e-07,47,0.3599999999999999,0.00029880838557022296,0.8797558196870275,-0.47359163333396687,-0.04172124833788929,0.9188738109555663,-0.39367106382940714,-0.026344127304148503,1.0409078622011092
2018-11-02,0.05138888888888889,0.00010750584158454018,5.375292079227009e-07,47,0.3599999999999999,0.00029862733773483385,0.8713344111755575,-0.48891274730236167,-0.04172133059481096,0.9118428755031598,-0.40969314872280993,-0.02634566916437293,1.0409062088796945
2018-11-02,0.05416666666666667,0.00010744936892911947,5.372468446455973e-07,47,0.3599999999999999,0.0002984704692475542,0.8626466450561612,-0.504083415177158,-0.0417214131673686,0.9045329620004823,-0.425588939138534,-0.026347211191531286,1.0409045556424805
2018-11-02,0.05694444444444444,0.00010753806057969412,5.376903028984706e-07,46,0.3534782608695652,0.00030440113287044445,0.8537909147454851,-0.5189416081377316,-0.04172147218750551,0.8970277326031264,-0.44118815913371706,-0.026348722570475457,1.040902919909626
2018-11-02,0.059722222222222225,0.00010758524465736638,5.379262232868319e-07,47,0.3504255319148936,0.0003072941900407282,0.8446800342592502,-0.5336430921615821,-0.04172157609699241,0.8892541512986071,-0.45665382740541466,-0.026350262127346157,1.040901284310666
2018-11-02,0.0625,0.00010758705343060797,5.379352671530399e-07,47,0.34872340425531917,0.000309049242752865,0.835212764819004,-0.5483419924709029,-0.041721658361520024,0.881125001990563,-0.4721486135552506,-0.02635180420739802,1.0408996309174552
2018-11-02,0.06527777777777778,0.00010753577463151127,5.376788731575564e-07,47,0.3599999999999999,0.0002987104850875313,0.8254910460329606,-0.5628710591711049,-0.04172174093931296,0.8727270247408428,-0.48749670914154847,-0.02635334633697994,1.040897977746536
2018-11-02,0.06805555555555555,0.00010757306893151528,5.378653446575764e-07,47,0.3599999999999999,0.00029881408036532014,0.8155156892619677,-0.5772291139750984,-0.041721823391369164,0.8640609248614888,-0.5026968648967443,-0.026354888550191937,1.0408963244269454
2018-11-02,0.07083333333333333,0.00010759064099767506,5.379532049883753e-07,47,0.3599999999999999,0.00029886289166020845,0.8052912193956216,-0.5914096165505699,-0.041721905706962784,0.8551306323498115,-0.5177421560792805,-0.026356430626878712,1.0408946712046294
2018-11-02,0.07361111111111111,0.00010768334748423749,5.384167374211875e-07,47,0.3599999999999999,0.00029912040967843755,0.7948191550513036,-0.6054104281263183,-0.04172198796126463,0.8459374721532994,-0.5326303131385279,-0.026357972851484494,1.040893017821388
2018-11-02,0.0763888888888889,0.00010779011794145799,5.389505897072899e-07,47,0.3599999999999999,0.0002994169942818278,0.7841053077956505,-0.6192238166610228,-0.04172207049565566,0.8364865510047035,-0.5473531090194121,-0.026359515075949188,1.0408913646857658
2018-11-02,0.07916666666666666,0.000107874467311755,5.39372336558775e-07,47,0.3599999999999999,0.0002996512980882084,0.773150328594452,-0.6328489798885217,-0.041722152968755616,0.8267784479872726,-0.5619096836630328,-0.026361057442127554,1.0408897113892184
2018-11-02,0.08194444444444444,0.00010801173618978535,5.400586809489268e-07,47,0.3599999999999999,0.00030003260052718147,0.7619591777095662,-0.6462797123443474,-0.04172223527412428,0.8168175571725413,-0.576293407592126,-0.02636259965439383,1.040888058176872
2018-11-02,0.08472222222222223,0.00010823189301435548,5.411594650717774e-07,46,0.3565217391304348,0.0003036822437656012,0.7506569996753321,-0.659373429085268,-0.0417222944570845,0.8067159444170255,-0.5903510130832111,-0.02636411149598895,1.0408864224828351
2018-11-02,0.0875,0.00010844866228341981,5.422433114170991e-07,47,0.3506382978723404,0.00030964101312443084,0.7391305766488004,-0.6722687201885538,-0.04172239828744014,0.7963730829758547,-0.6042307217704375,-0.026365651524450598,1.0408847868942712
2018-11-02,0.09027777777777778,0.00010863898007395434,5.431949003697717e-07,47,0.34978723404255313,0.0003110387308799131,0.7272543241170241,-0.6850988123230076,-0.04172248083101995,0.7856756467445821,-0.6180764913805397,-0.02636719391980066,1.040883133607642
2018-11-02,0.09305555555555556,0.00010874540274430494,5.437270137215247e-07,47,0.3599999999999999,0.000302070563178625,0.7151559973035002,-0.6977185157739076,-0.041722563045570364,0.7747380525782227,-0.6317322531242148,-0.026368736221255986,1.040881480405214
2018-11-02,0.09583333333333334,0.00010889903752434171,5.444951876217086e-07,47,0.3599999999999999,0.0003024973264565048,0.7028381047192216,-0.7101252138884814,-0.04172264558403685,0.7635625800470811,-0.645195160200029,-0.026370278843880594,1.0408798271235713
2018-11-02,0.09861111111111111,0.00010912418527437857,5.456209263718929e-07,47,0.3599999999999999,0.00030312273687327373,0.6903050104445241,-0.7223144789727001,-0.04172272787800783,0.7521531876814452,-0.6584604083004413,-0.02637182135266231,1.0408781738444217
2018-11-02,0.10138888888888889,0.00010933515690627284,5.466757845313642e-07,47,0.3599999999999999,0.0003037087691840914,0.677561187018339,-0.734281992796181,-0.041722810326829625,0.7405139517263193,-0.6715232929499402,-0.026373363917775262,1.0408765206494741
2018-11-02,0.10416666666666667,0.00010955554407613429,5.477777203806715e-07,47,0.3599999999999999,0.0003043209557670397,0.6646099219413933,-0.7460246992532409,-0.04172289253115605,0.7286478794215313,-0.684380473222973,-0.02637490636201717,1.0408748674570194
2018-11-02,0.10694444444444444,0.00010979238988792901,5.48961949439645e-07,47,0.3642553191489362,0.0003014686922493955,0.6514545252255539,-0.7575395665675427,-0.04172297505940295,0.716558002644997,-0.6970286305286861,-0.02637644913017825,1.0408732141853485
2018-11-02,0.10972222222222222,0.00011005942647236984,5.502971323618492e-07,47,0.37,0.0002974579093847833,0.6381003248333922,-0.7688219312301866,-0.04172305725861168,0.7042492198455655,-0.7094626402450265,-0.026377991649643995,1.040871560997879
2018-11-02,0.1125,0.00011037445328710496,5.518722664355248e-07,46,0.3658695652173913,0.000301959824582992,0.6246954497927312,-0.7797530227979649,-0.0417231164427296,0.691858633478892,-0.7215509358723833,-0.02637950383172504,1.0408699253426688
2018-11-02,0.11527777777777778,0.00011069320515777836,5.534660257888918e-07,47,0.3572340425531915,0.0003100870700465997,0.61110397585918,-0.790449937418898,-0.041723220436144536,0.6792611644022486,-0.7334223278806726,-0.026381044349997062,1.040868289764511
2018-11-02,0.11805555555555555,0.00011094187841987873,5.547093920993936e-07,47,0.3491489361702127,0.00031807238052813236,0.5971794354338743,-0.8010217774228223,-0.041723302712771276,0.666320508102308,-0.7451985906994587,-0.026382587094952375,1.0408666365027657
2018-11-02,0.12083333333333333,0.000111069209882264,5.5534604941132e-07,47,0.3599999999999999,0.0003085255830062889,0.5830720449493481,-0.8113483527749199,-0.04172338490594359,0.6531757341496757,-0.7567465480721615,-0.026384129678657307,1.0408649832435144
2018-11-02,0.12361111111111112,0.00011129743298165085,5.564871649082543e-07,47,0.3599999999999999,0.0003091595360601413,0.5687868342540576,-0.8214260097209826,-0.041723467414771065,0.6398315125659483,-0.7680621275726374,-0.026385672554712494,1.040863330068465
2018-11-02,0.12638888888888888,0.00011151130164697213,5.575565082348607e-07,47,0.3599999999999999,0.0003097536156860338,0.5543267653619891,-0.8312526587096456,-0.04172354960283123,0.6262906204435478,-0.7791429737921152,-0.02638721536682734,1.0408616768142027
2018-11-02,0.12916666666666668,0.00011175816142912156,5.587908071456078e-07,47,0.36042553191489357,0.0003100819517694509,0.539697694551331,-0.8408243199502591,-0.04172363210654766,0.6125585457627204,-0.7899845957025219,-0.026388758322136545,1.0408600236441425
2018-11-02,0.13194444444444445,0.00011194140526128872,5.597070263064436e-07,47,0.37,0.0003025443385440235,0.5249033903224006,-0.8501385548686371,-0.04172371452681055,0.5986388305669061,-0.8005842257602426,-0.02639030127452382,1.0408583704765761
2018-11-02,0.13472222222222222,0.00011217658138312796,5.608829069156398e-07,47,0.37,0.00030317994968412967,0.5099476390234128,-0.859192952855197,-0.0417237967880963,0.5845350373220602,-0.8109391226848566,-0.026391844232882263,1.0408567172297984
2018-11-02,0.1375,0.00011239573504423869,5.619786752211935e-07,47,0.37,0.0003037722568763207,0.49483649776778105,-0.8679838468434478,-0.04172387920324487,0.5702528804088292,-0.8210450910239873,-0.0263933872560198,1.0408550640672227
2018-11-02,0.14027777777777778,0.00011259732852306795,5.629866426153398e-07,46,0.37021739130434783,0.00030433563791445306,0.47973660803800067,-0.8764199335367847,-0.04172393806403898,0.555950363497829,-0.8307963063253849,-0.026394899558986305,1.0408534284508502
2018-11-02,0.14305555555555555,0.00011283432764848394,5.641716382424197e-07,47,0.3631914893617022,0.0003109699579801726,0.4644926098016549,-0.8845935336413061,-0.04172404198582663,0.54148082539147,-0.8402986038680166,-0.026396440495536317,1.0408517928014052
2018-11-02,0.14583333333333334,0.00011299305199363468,5.649652599681734e-07,47,0.35638297872340424,0.00031733776696395947,0.44894399944530017,-0.8925852244010564,-0.04172412423256064,0.5266914303199384,-0.8496465639864865,-0.026397983511907405,1.0408501396462613
2018-11-02,0.1486111111111111,0.00011313902283688328,5.656951141844164e-07,47,0.36510638297872333,0.00030993863820853664,0.43325716221211896,-0.9003040164144578,-0.04172420664191806,0.5117399551087701,-0.8587346990383063,-0.02639952675453603,1.0408484864119074
2018-11-02,0.15138888888888888,0.00011331389005170509,5.665694502585254e-07,47,0.36085106382978716,0.00031403655747924415,0.41743832556849514,-0.907746841394147,-0.0417242889156939,0.49663234912793336,-0.8675593889273768,-0.026401069743992575,1.0408468332486813
2018-11-02,0.15416666666666667,0.0001134908068452316,5.67454034226158e-07,47,0.3619148936170212,0.0003136198072229719,0.40149077446451154,-0.9149121459792555,-0.04172437128969435,0.4813717317841861,-0.8761188035108476,-0.02640261301111167,1.0408451799939895
2018-11-02,0.15694444444444444,0.00011367355615135076,5.683677807567538e-07,47,0.36914893617021277,0.0003079520817970163,0.3854221287801517,-0.9217965353755959,-0.04172445345506653,0.4659654041979163,-0.884408877518543,-0.026404156056635243,1.0408435269305323
2018-11-02,0.1597222222222222,0.0001138599486836354,5.69299743418177e-07,47,0.37,0.0003077295910368525,0.3692330856022211,-0.9283996938810776,-0.04172453592533089,0.4504140393166988,-0.892429230929751,-0.02640569954665539,1.040841873624453
2018-11-02,0.1625,0.00011399832323664351,5.699916161832176e-07,47,0.37,0.0003081035763152528,0.3529325926569708,-0.9347179474473057,-0.041724618156723944,0.4347262327978724,-0.9001754051551303,-0.026407242778588445,1.0408402204842833
2018-11-02,0.16527777777777777,0.00011415373158010829,5.707686579005414e-07,47,0.37,0.0003085235988651575,0.33652323267251794,-0.9407503192854039,-0.04172470055074053,0.4189044750641593,-0.9076461958170835,-0.026408786227271646,1.040838567264905
2018-11-02,0.16805555555555557,0.00011430766119391585,5.715383059695792e-07,47,0.37361702127659574,0.00030612208428214575,0.32001246985179055,-0.946494089599879,-0.04172478270588133,0.40295596776047404,-0.9148382275280958,-0.026410329408615072,1.040836914211433
2018-11-02,0.17083333333333334,0.0001144267931595843,5.721339657979215e-07,46,0.3660869565217391,0.00031286999947518357,0.3035785706775811,-0.951892372590208,-0.04172484188036778,0.38705336522847883,-0.9216789609435199,-0.026411842407966974,1.0408352785120463
2018-11-02,0.1736111111111111,0.00011456264294910677,5.728132147455339e-07,47,0.3642553191489362,0.00031487146167338153,0.2870555486246836,-0.9570047758060746,-0.04172494563383951,0.37103650238970287,-0.9282425583137074,-0.02641338353258407,1.040833642999837
2018-11-02,0.1763888888888889,0.00011462880017375405,5.731440008687703e-07,47,0.37468085106382965,0.000306030966607369,0.2702663080143761,-0.9618810450271237,-0.04172502809833558,0.35473326169153674,-0.9345943316071561,-0.02641492717114412,1.0408319897903913
2018-11-02,0.17916666666666667,0.00011476717798356314,5.738358899178158e-07,47,0.3736170212765958,0.00030722947183696393,0.2533951505540126,-0.9664625770570154,-0.041725110233787714,0.33832216159845774,-0.9406594947452904,-0.026416470560655214,1.0408303366651475
2018-11-02,0.18194444444444444,0.00011485313617521224,5.742656808760613e-07,47,0.37085106382978733,0.00030971903162597107,0.2364455743630268,-0.9707484219193231,-0.0417251926931699,0.3218066185390244,-0.9464367854182374,-0.026418014150803977,1.0408286834606961
2018-11-02,0.18472222222222223,0.00011491003697477362,5.745501848738681e-07,47,0.37,0.0003105676674993882,0.2194244440236373,-0.9747368438741918,-0.04172527482350571,0.3051933078486572,-0.9519238687116095,-0.026419557557178043,1.0408270303404463
2018-11-02,0.1875,0.00011496359204532172,5.748179602266086e-07,47,0.37,0.0003107124109333019,0.20233528877437487,-0.9784270159171978,-0.04172535727777366,0.2884856765060601,-0.9571196058254027,-0.026421101329552544,1.0408253771409892
2018-11-02,0.19027777777777777,0.00011496985229264782,5.748492614632391e-07,47,0.37,0.0003107293305206698,0.18518502971641984,-0.9818174435584018,-0.04172543940299682,0.2716904994818271,-0.9620218897355138,-0.02642264485297172,1.0408237240257332
2018-11-02,0.19305555555555556,0.00011500279470445672,5.750139735222837e-07,47,0.3708510638297872,0.0003101225170352098,0.16797722286584632,-0.9849074237838008,-0.04172552185215077,0.2548112619653933,-0.9666297031577686,-0.026424188705198658,1.0408220708312712
2018-11-02,0.19583333333333333,0.00011503468027321547,5.751734013660774e-07,47,0.37,0.00031114807914673867,0.1507188373755228,-0.987695705181166,-0.041725603972258836,0.23785480280666862,-0.970941179193741,-0.02642573230146512,1.0408204177210099
2018-11-02,0.1986111111111111,0.00011507204337905789,5.753602168952894e-07,46,0.36847826086956537,0.00031273863914146795,0.13359802277007396,-0.9901568246256407,-0.04172566307675857,0.2210064209508499,-0.9749142334547715,-0.026427245520314856,1.0408187821421908
2018-11-02,0.2013888888888889,0.00011507323177651298,5.753661588825649e-07,47,0.3634042553191489,0.00031702178153324016,0.11643795207565333,-0.992321099082978,-0.041725766993290364,0.20409254132496224,-0.9785947852844034,-0.026428787139994792,1.0408171466404248
2018-11-02,0.20416666666666666,0.00011501642277263943,5.750821138631972e-07,46,0.37391304347826093,0.00030769510590237544,0.0988716309305217,-0.9942250026556748,-0.04172582763064249,0.18675056562486825,-0.9820517622441597,-0.026430333178611144,1.040815475852401
2018-11-02,0.20694444444444443,0.00011494850177332703,5.747425088666351e-07,47,0.3706382978723405,0.0003101497620530222,0.08164548051213578,-0.9957876089652268,-0.0417259313048718,0.16971738308012552,-0.9851382470880056,-0.026431874787948853,1.0408138402738736
2018-11-02,0.20972222222222223,0.00011494871681199703,5.747435840599852e-07,47,0.37,0.00031067220759999206,0.06420994297635287,-0.9970637005732346,-0.04172601373460956,0.15245003244526395,-0.9879576215505665,-0.026433418764614185,1.040812187176044
2018-11-02,0.2125,0.00011496826429498564,5.748413214749281e-07,47,0.37,0.00031072503863509635,0.046754747124718526,-0.9980345317308176,-0.04172609608088636,0.13513599342613172,-0.9904743590984367,-0.026434962630456138,1.040810534080717
2018-11-02,0.2152777777777778,0.00011496179824242305,5.748089912121153e-07,47,0.37,0.0003107075628173595,0.029284373263216132,-0.9986998305445501,-0.0417261782681747,0.1177796994880913,-0.9926877925667941,-0.02643650652716261,1.0408088809061857
2018-11-02,0.21805555555555556,0.00011495011796213915,5.747505898106958e-07,47,0.37,0.00031067599449226794,0.011805896925845672,-0.9990593275543439,-0.041726260609338414,0.10038817687753178,-0.9945970256469671,-0.026438050559973003,1.040807227815855
2018-11-02,0.22083333333333333,0.0001149279260550924,5.74639630275462e-07,47,0.376595744680851,0.0003052243701059418,-0.005677057852994492,-0.9991129482352727,-0.04172634279151287,0.08296504225446721,-0.9962016611114727,-0.026439594597063097,1.040805574646321
2018-11-02,0.22361111111111112,0.0001149634062291393,5.748170311456966e-07,47,0.3740425531914895,0.00030752380266081924,-0.023157410443525605,-0.9988606708583655,-0.04172642512756299,0.06551735485934886,-0.9975010488196474,-0.026441138703494932,1.0408039215609877
2018-11-02,0.2263888888888889,0.000114992942867364,5.7496471433682e-07,46,0.3632608695652174,0.00031682905921398243,-0.040444416470264484,-0.9983101470597648,-0.041726483842882044,0.048235940199572745,-0.9984858938568705,-0.026442651945477715,1.0408022861045207
2018-11-02,0.22916666666666666,0.00011495742385316213,5.747871192658106e-07,47,0.36276595744680845,0.0003171743905901095,-0.05772144027274864,-0.997460338663789,-0.0417265877535997,0.030937922144185878,-0.999171431523493,-0.02644419408290054,1.0408006504480298
2018-11-02,0.23194444444444445,0.00011484072032118327,5.742036016059163e-07,47,0.3676595744680851,0.0003124202504751812,-0.07516491058458373,-0.9962977071308039,-0.0417266699212204,0.01344622909891356,-0.9995598140455092,-0.02644573818835162,1.0407989973701397
2018-11-02,0.23472222222222222,0.00011473416070361693,5.736708035180847e-07,47,0.37,0.00031009232622599173,-0.09258622862609785,-0.9948299696005044,-0.04172675225146959,-0.004050446437181363,-0.9996420034849103,-0.026447282513219032,1.0407973442130476
2018-11-02,0.2375,0.00011468066677816445,5.734033338908223e-07,47,0.37,0.00030994774804909313,-0.1099774972529206,-0.9930578137214477,-0.04172683434868221,-0.021544168298401854,-0.9994179848218259,-0.02644882657153091,1.0407956912202243
2018-11-02,0.24027777777777778,0.00011462008303196308,5.731004151598154e-07,47,0.37,0.0003097840081944949,-0.12733800359097638,-0.9909812799745366,-0.04172691675038747,-0.039034219354222424,-0.9988877352272846,-0.026450371111058257,1.0407940379529321
2018-11-02,0.24305555555555555,0.00011458483527979672,5.729241763989836e-07,47,0.37,0.0003096887439994507,-0.14465663370325701,-0.9886016972949776,-0.04172699882727157,-0.05650939169179922,-0.998051594275482,-0.026451915144117724,1.0407923849634728
2018-11-02,0.24583333333333332,0.0001145172530620495,5.725862653102475e-07,47,0.3738297872340425,0.00030638637644006794,-0.16193350366882467,-0.9859190590928495,-0.04172708121842628,-0.0739698058555953,-0.9969095657553882,-0.026453459643095426,1.0407907317346772
2018-11-02,0.24861111111111112,0.00011444885802644976,5.722442901322488e-07,47,0.37936170212765946,0.00030170082841601777,-0.1791582361705163,-0.9829349776334348,-0.04172716329956251,-0.09140498170833629,-0.9954623358475327,-0.026455003834296255,1.0407890787534853
2018-11-02,0.2513888888888889,0.0001144507847839271,5.722539239196355e-07,47,0.3693617021276596,0.0003102378159049004,-0.19633066459530804,-0.9796494817571528,-0.04172724568560248,-0.10881473844055406,-0.9937099193125126,-0.02645654849056465,1.0407874255296896
2018-11-02,0.25416666666666665,0.00011449779133783682,5.724889566891841e-07,47,0.36404255319148937,0.00031470313387353395,-0.21344044028129908,-0.9760645514362252,-0.041727327761621996,-0.1261885814522246,-0.9916533725243535,-0.026458092753466434,1.040785772553498
2018-11-02,0.2569444444444444,0.00011444221124141642,5.722110562070822e-07,46,0.3643478260869565,0.00031431626924639095,-0.23030632242486568,-0.9722231343869905,-0.041727386856472024,-0.14334202902810503,-0.9893194387670905,-0.026459606793659846,1.0407841369305832
2018-11-02,0.25972222222222224,0.00011427560373138399,5.713780186569199e-07,47,0.3612765957446808,0.0003163720618478608,-0.24710128010860585,-0.9680907880475386,-0.041727490533029966,-0.16045055779971593,-0.9866891233281946,-0.02646114902264845,1.0407825014948369
2018-11-02,0.2625,0.00011413938276003375,5.706969138001688e-07,47,0.3599999999999999,0.0003170538410000938,-0.264002721690997,-0.9636188938569463,-0.04172757291841118,-0.17769532568070764,-0.9837296869929534,-0.02646269373992642,1.0407808483626897
2018-11-02,0.2652777777777778,0.00011406606985507547,5.703303492753773e-07,46,0.3599999999999999,0.0003168501940418763,-0.2809237715898949,-0.9588225264731792,-0.04172765609638274,-0.19498839058492362,-0.9804484540853244,-0.026464247935633328,1.040779185336624
2018-11-02,0.26805555555555555,0.00011400285281450239,5.70014264072512e-07,47,0.3599999999999999,0.0003166745911513955,-0.29755712469094414,-0.9537916719498498,-0.0417277373550013,-0.21201543335214693,-0.9769078863180228,-0.02646578300663389,1.0407775421875993
2018-11-02,0.2708333333333333,0.00011396617074552865,5.698308537276433e-07,47,0.3693617021276596,0.00030856280964784553,-0.3141990009033241,-0.9484396537988224,-0.041727819656949196,-0.22907942372577783,-0.9730478396221842,-0.026467327633620537,1.0407758892263548
2018-11-02,0.27361111111111114,0.00011387179887487654,5.693589943743826e-07,47,0.37,0.0003077616185807474,-0.3307471375313875,-0.942796432549317,-0.04172790178135739,-0.24607575552709968,-0.9688891171534451,-0.026468872348191983,1.0407742360225112
2018-11-02,0.2763888888888889,0.0001138123345870893,5.690616729354465e-07,47,0.37,0.0003076009042894305,-0.34719237229718525,-0.9368651087453033,-0.041727983827447496,-0.2629950191686883,-0.9644339982206972,-0.026470416855453514,1.0407725829845687
2018-11-02,0.2791666666666667,0.00011382845810794242,5.691422905397121e-07,47,0.37063829787234037,0.0003072934154529083,-0.36353211557322723,-0.9306466404808392,-0.04172806619748181,-0.27983456094703524,-0.9596832048853365,-0.02647196178203233,1.0407709298674266
2018-11-02,0.28194444444444444,0.0001138257255890662,5.69128627945331e-07,47,0.36,0.0003164242568160888,-0.3797597497709659,-0.9241435462624208,-0.04172814823845402,-0.29658754718659225,-0.9546386647884699,-0.026473506468318395,1.0407692768344865
2018-11-02,0.2847222222222222,0.00011376196388099093,5.688098194049547e-07,46,0.3578260869565217,0.0003182626095169705,-0.3957009051450662,-0.9174309512905948,-0.041728207263310224,-0.31307349554340125,-0.949359815699629,-0.026475020736579646,1.0407676413321718
2018-11-02,0.2875,0.00011353158823419911,5.676579411709956e-07,47,0.35936170212765944,0.0003160596280050942,-0.41152274874184736,-0.9104437244115925,-0.04172831110292718,-0.32946481806364064,-0.9437965486513669,-0.02647656344883844,1.04076600590691
2018-11-02,0.2902777777777778,0.00011332508518136175,5.666254259068088e-07,47,0.3599999999999999,0.0003147919032815603,-0.42739033224610606,-0.9031036735069405,-0.041728393221310965,-0.34593297339438706,-0.9378855408291591,-0.026478108356036045,1.0407643527997215
2018-11-02,0.29305555555555557,0.0001131910108647466,5.65955054323733e-07,47,0.3599999999999999,0.0003144194746242961,-0.4431262786995344,-0.8954874848142125,-0.04172847549357863,-0.36229434345812694,-0.9316875209304183,-0.026479653335652317,1.040762699776733
2018-11-02,0.29583333333333334,0.00011304690844974647,5.652345422487323e-07,47,0.3599999999999999,0.0003140191901381847,-0.4587273253902527,-0.8875967374998387,-0.041728557606843186,-0.378545533191206,-0.9252037750875703,-0.026481198324360147,1.0407610466745483
2018-11-02,0.2986111111111111,0.00011286429924857597,5.643214962428799e-07,47,0.3612765957446808,0.0003124300936230065,-0.47418715385914567,-0.8794346273198649,-0.041728639873994305,-0.3946799581009368,-0.9184369303207762,-0.02648274336983308,1.0407593936565636
2018-11-02,0.3013888888888889,0.00011273226744088108,5.636613372044054e-07,47,0.37,0.0003046818038942732,-0.48950255863012837,-0.8710028466407528,-0.04172872198214307,-0.4106942702152075,-0.9113883907969323,-0.026484288417404654,1.0407577405593824
2018-11-02,0.30416666666666664,0.00011258164356141191,5.629082178070596e-07,47,0.37,0.0003042747123281403,-0.5046673369239733,-0.8623048103416887,-0.04172880424417925,-0.42658197663274017,-0.9040610144433837,-0.026485833490835255,1.0407560875464026
2018-11-02,0.30694444444444446,0.00011250954143692671,5.625477071846336e-07,47,0.36893617021276603,0.00030527495317115455,-0.5196783444655989,-0.8533423218953318,-0.04172888634720926,-0.44233977798695895,-0.8964563233034493,-0.026487378498248018,1.040754434454226
2018-11-02,0.30972222222222223,0.00011248562236914598,5.624281118457299e-07,47,0.3617021276595745,0.0003111738045124678,-0.5345295017674822,-0.8441190111112549,-0.04172896860413096,-0.45796130822095416,-0.8885773894797098,-0.026488923684745896,1.0407527814462472
2018-11-02,0.3125,0.00011239733960796321,5.619866980398161e-07,46,0.3567391304347826,0.0003153309579341556,-0.5490612782202091,-0.8347397205385715,-0.04172902723977542,-0.47327823694013743,-0.8805146035898332,-0.026490437970593767,1.040751146066315
2018-11-02,0.31527777777777777,0.0001122881884440095,5.614409422200475e-07,47,0.3604255319148935,0.00031159410563819914,-0.5634302872208543,-0.8251090782812119,-0.041729131073561444,-0.4884551324107258,-0.8721867681598507,-0.02649198121120538,1.040749510486374
2018-11-02,0.31805555555555554,0.00011213349699670783,5.606674849835392e-07,47,0.3599999999999999,0.0003114819361019661,-0.5777807571039927,-0.8151245729882116,-0.04172921316203939,-0.5036448457713919,-0.8635044657595263,-0.02649352640298763,1.0407478574858524
2018-11-02,0.32083333333333336,0.00011210041298104978,5.605020649052489e-07,47,0.3599999999999999,0.0003113900360584715,-0.5919550298896613,-0.8048899977591051,-0.04172929541314934,-0.5186810184564091,-0.8545572024521289,-0.02649507180993252,1.040746204406136
2018-11-02,0.3236111111111111,0.00011206600120100966,5.603300060050484e-07,47,0.3599999999999999,0.00031129444778058246,-0.6059473650972869,-0.7944094975422998,-0.041729377496508374,-0.5335575584546874,-0.8453486032991907,-0.02649661706671497,1.0407445514106213
2018-11-02,0.3263888888888889,0.00011205848326041387,5.602924163020694e-07,47,0.3599999999999999,0.00031127356461226074,-0.6197550579495129,-0.7836850900284219,-0.04172945977532285,-0.5482715883368673,-0.835880441691355,-0.026498162585998186,1.0407428983122176
2018-11-02,0.32916666666666666,0.00011208019506381637,5.604009753190819e-07,47,0.3599999999999999,0.0003113338751772677,-0.6333715726877239,-0.7727218750988532,-0.04172954175151623,-0.5628161388120602,-0.8261572243707087,-0.02649970778650591,1.0407412453887006
2018-11-02,0.33194444444444443,0.00011207035238003783,5.603517619001891e-07,47,0.3599999999999999,0.00031130653438899396,-0.6467960474907211,-0.7615205259386626,-0.04172962406352997,-0.5771902887782092,-0.8161795477133553,-0.026501253452431296,1.0407395922372997
2018-11-02,0.3347222222222222,0.00011221887824231033,5.610943912115517e-07,47,0.36574468085106376,0.0003069800379498806,-0.6600205143524654,-0.7500876963832914,-0.04172970606551634,-0.5913855009596264,-0.8059533428901401,-0.026502798700134386,1.0407379393334948
2018-11-02,0.3375,0.00011228830166756958,5.614415083378479e-07,47,0.36319148936170204,0.00030923869016527154,-0.673044845329474,-0.7384234970109078,-0.04172978837241313,-0.6054016298640724,-0.7954787151715519,-0.026504344303178905,1.0407362861871015
2018-11-02,0.3402777777777778,0.00011238842742262531,5.619421371131266e-07,47,0.3538297872340425,0.0003177913411523046,-0.6858618198763694,-0.7265343639146743,-0.04172987044041974,-0.6192309254556712,-0.7847614279301703,-0.026505889766486105,1.0407346332066068
2018-11-02,0.34305555555555556,0.00011243756297608561,5.621878148804281e-07,46,0.3591304347826086,0.00031311468882475334,-0.6983363543006411,-0.7145522718847496,-0.04172992938446474,-0.632727031088324,-0.7739210952183706,-0.026507404741938117,1.040732997741975
2018-11-02,0.3458333333333333,0.00011246993727650272,5.623496863825136e-07,47,0.3599999999999999,0.0003124164924347298,-0.710600825621479,-0.7023567974848827,-0.04173003298407368,-0.6460325685704251,-0.7628493927493646,-0.026508948078422533,1.0407313623828134
2018-11-02,0.3486111111111111,0.00011252075614948268,5.626037807474134e-07,47,0.3599999999999999,0.0003125576559707852,-0.7227815977809481,-0.6898154531373424,-0.041730115290313355,-0.6592852290973619,-0.7514254323673436,-0.026510493876763026,1.0407297093280796
2018-11-02,0.35138888888888886,0.00011261637387172803,5.630818693586401e-07,47,0.3599999999999999,0.0003128232607548001,-0.7347404760551016,-0.6770635298717101,-0.04173019726747646,-0.6723352734239316,-0.7397718512317943,-0.02651203943590676,1.0407280563575474
2018-11-02,0.3541666666666667,0.00011270076768148722,5.635038384074361e-07,47,0.3599999999999999,0.0003130576880041312,-0.746474980823344,-0.6641036717048889,-0.041730279568599024,-0.6851799935584859,-0.7278910675513427,-0.026513585313189994,1.0407264033078225
2018-11-02,0.35694444444444445,0.0001127611051957247,5.638055259786236e-07,47,0.3599999999999999,0.0003132252922103464,-0.7579803596358592,-0.650941127393239,-0.04173036154064178,-0.6978141852524578,-0.7157878950438301,-0.0265151309476549,1.0407247503422987
2018-11-02,0.3597222222222222,0.00011285764521259199,5.6428822606296e-07,47,0.3638297872340425,0.000310247629573584,-0.7692542269080574,-0.6375786260856641,-0.041730443836650616,-0.7102352268112686,-0.7034648452075436,-0.026516676893464486,1.0407230972975803
2018-11-02,0.3625,0.00011299226022225022,5.649613011112511e-07,47,0.3731914893617021,0.00030283935942985004,-0.7802914770699187,-0.6240222544166777,-0.04173052605433452,-0.7224374879786286,-0.6909275358741386,-0.026518222678366975,1.0407214444187596
2018-11-02,0.36527777777777776,0.00011304911068857486,5.652455534428743e-07,47,0.36957446808510636,0.00030603794544721016,-0.7910914404427022,-0.6102727990057866,-0.04173060809445801,-0.7344202285253112,-0.6781766951220147,-0.02651976859272204,1.0407197912973574
2018-11-02,0.3680555555555556,0.0001131440480639928,5.65720240319964e-07,47,0.36446808510638296,0.0003105585154049052,-0.8016481243184643,-0.5963378524662978,-0.04173069005626473,-0.7461767920621393,-0.66521937350071,-0.026521314205327072,1.040718138341852
2018-11-02,0.37083333333333335,0.0001132116515041332,5.66058257520666e-07,46,0.36543478260869555,0.0003099317735421911,-0.8118513383989163,-0.5823709719136648,-0.04173074900144554,-0.757583766038876,-0.6521988783706082,-0.026522829533712523,1.0407165029161551
2018-11-02,0.3736111111111111,0.00011321334607988652,5.660667303994327e-07,47,0.3599999999999999,0.00031448151688857364,-0.8218112807731208,-0.5682294912633747,-0.04173085252674835,-0.7687636152248628,-0.6389827552672802,-0.026524373271280193,1.0407148674858155
2018-11-02,0.3763888888888889,0.00011324298803202357,5.662149401601179e-07,47,0.3599999999999999,0.00031456385564450996,-0.8316276410288702,-0.5537634835895163,-0.04173093480333289,-0.7798289769754272,-0.6254303656460627,-0.026525919348649202,1.0407132145377722
2018-11-02,0.37916666666666665,0.00011327657424054057,5.663828712027028e-07,47,0.362127659574468,0.0003128469939394156,-0.8411893905341989,-0.5391279360904472,-0.04173101699644562,-0.7906554568800924,-0.6116863919401604,-0.026527465407777503,1.0407115615922344
2018-11-02,0.3819444444444444,0.00011331289343384152,5.665644671692076e-07,47,0.37,0.00030625106333470684,-0.8504940553484456,-0.5243265940143207,-0.04173109903054182,-0.8012402556524095,-0.5977543511104846,-0.02652901148827085,1.0407099085675064
2018-11-02,0.38472222222222224,0.00011332297963657753,5.666148981828877e-07,47,0.37,0.0003062783233421014,-0.8595378670437849,-0.5093654519418512,-0.04173118121853661,-0.8115790846680986,-0.5836398879803959,-0.02653055761800147,1.0407082556269793
2018-11-02,0.3875,0.00011338210016482681,5.66910500824134e-07,47,0.37,0.00030643810855358596,-0.8683189504707829,-0.4942476119528399,-0.04173126324751299,-0.8216697985474187,-0.5693459314204969,-0.026532103760747088,1.040706602607263
2018-11-02,0.3902777777777778,0.00011341169650784985,5.670584825392492e-07,47,0.3738297872340424,0.00030352306856510524,-0.8768341634896619,-0.4789784385186522,-0.04173134519301683,-0.8315087888518023,-0.5548775535968343,-0.026533649892187046,1.0407049495900527
2018-11-02,0.39305555555555555,0.0001133802196888922,5.66901098444461e-07,47,0.37872340425531914,0.00029964785489299716,-0.8850804979506944,-0.4635633722696193,-0.041731427454246024,-0.8410925740596527,-0.540239914505841,-0.026535196182228535,1.0407032966570435
2018-11-02,0.3958333333333333,0.0001133919221616297,5.669596108081486e-07,47,0.3763829787234042,0.00030189350947669344,-0.893055856573656,-0.44800638181093727,-0.04173150963200421,-0.8504187108903878,-0.5254367873183493,-0.02653674245461784,1.04070164372654
2018-11-02,0.39861111111111114,0.00011335649518336811,5.667824759168405e-07,46,0.3708695652173912,0.0003059011288288979,-0.9006775073555918,-0.4324794838542029,-0.04173156825378378,-0.8593895046131809,-0.5106323533000844,-0.02653825774103197,1.0407000083397886
2018-11-02,0.4013888888888889,0.00011327589020954311,5.663794510477156e-07,47,0.3599999999999999,0.00031465525058206416,-0.9080293836138901,-0.4168226314039012,-0.0417316719447733,-0.8681027977956887,-0.49567446108370355,-0.026539801971334966,1.0406983729199804
2018-11-02,0.4041666666666667,0.00011319789977322653,5.659894988661327e-07,47,0.3651063829787234,0.0003100992515209149,-0.9151834184363152,-0.40087126528492506,-0.041731753954076904,-0.8766448359115704,-0.4804054417916815,-0.026541348242226835,1.0406967199969426
2018-11-02,0.40694444444444444,0.0001131406793050671,5.657033965253355e-07,47,0.37,0.00030578561974342464,-0.9220575938813759,-0.3847963713696361,-0.04173183612601938,-0.8849187373464027,-0.46498849774186457,-0.02654289473686455,1.040695066994717
2018-11-02,0.4097222222222222,0.00011309497926453942,5.654748963226971e-07,47,0.37,0.00030566210612037686,-0.9286491259778991,-0.3686044598613229,-0.041731918130209544,-0.892921149874754,-0.44942987523507943,-0.026544441085239765,1.0406934140766906
2018-11-02,0.4125,0.00011298788397375709,5.649394198687854e-07,47,0.37,0.0003053726593885327,-0.9349566784096279,-0.35229880733059965,-0.041732000319573234,-0.9006504503710765,-0.43373272505628596,-0.026545987674700025,1.040691761071306
2018-11-02,0.4152777777777778,0.00011291447102124299,5.645723551062149e-07,47,0.37,0.00030517424600335946,-0.9409777418002604,-0.3358858775589643,-0.041732082297999414,-0.9081035645959927,-0.41790327158471,-0.02654753410107621,1.0406901081280693
2018-11-02,0.41805555555555557,0.00011288147555956123,5.644073777978062e-07,47,0.37468085106382976,0.0003013800166521416,-0.946710879336708,-0.3193695937233621,-0.041732164459703104,-0.91527871220862,-0.40194530136532036,-0.02654908073873909,1.0406884551358717
2018-11-02,0.42083333333333334,0.00011282397902972703,5.641198951486351e-07,47,0.37702127659574475,0.00029942343371689985,-0.9521538818762887,-0.3027563456541358,-0.04173224645364877,-0.9221731249654949,-0.3858649916555812,-0.026550627224454948,1.0406868022278746
2018-11-02,0.4236111111111111,0.00011277366654288096,5.638683327144049e-07,47,0.3725531914893617,0.00030295147958021135,-0.957305620795692,-0.28604957811844833,-0.04173232861023165,-0.9287853721652388,-0.36966567937950623,-0.026552173936741117,1.0406851492406917
2018-11-02,0.4263888888888889,0.00011270571854759981,5.635285927379991e-07,46,0.36521739130434766,0.00030882419462678525,-0.9621965267051031,-0.26913983374127065,-0.041732408154298364,-0.9351554615831793,-0.3532409406256324,-0.02655372924975316,1.0406834849272781
2018-11-02,0.42916666666666664,0.00011253676436596498,5.626838218298249e-07,46,0.3599999999999999,0.0003126021232387915,-0.9666810189096525,-0.2525593171361566,-0.041732469463408486,-0.9410912270397085,-0.33710847187624476,-0.02655523636044183,1.0406818609497732
2018-11-02,0.43194444444444446,0.00011249253407315272,5.624626703657636e-07,47,0.3599999999999999,0.00031247926131431307,-0.9709082525592142,-0.23578710197405273,-0.04173257307057518,-0.9467874071684774,-0.3207621283993035,-0.0265567809031998,1.0406802255856122
2018-11-02,0.43472222222222223,0.00011244622585457085,5.622311292728542e-07,47,0.3604255319148935,0.0003119914633472812,-0.9748851294348543,-0.21876327364448384,-0.04173265521310557,-0.9522561676652018,-0.3041428058904432,-0.026558327670831113,1.0406785726901
2018-11-02,0.4375,0.00011239128646478938,5.619564323239469e-07,47,0.36893617021276603,0.0003046578948652532,-0.9785637103738059,-0.20167162265825134,-0.04173273719561297,-0.9574334763307739,-0.2874294895629269,-0.02655987444934114,1.0406769197154018
2018-11-02,0.44027777777777777,0.0001123192522973427,5.615962614867135e-07,47,0.37,0.0003035655467495749,-0.9819425055240387,-0.18451907119777697,-0.04173281933302411,-0.9623172354853218,-0.2706289511255224,-0.026561421283270468,1.0406752668249049
2018-11-02,0.44305555555555554,0.00011227517032573468,5.613758516286735e-07,47,0.37,0.00030344640628576937,-0.9850206696506167,-0.16731002754264832,-0.04173290122587616,-0.9669062122346842,-0.25374551320689054,-0.02656296800712696,1.0406736139369155
2018-11-02,0.44583333333333336,0.00011227374503432083,5.613687251716042e-07,47,0.37425531914893617,0.00030016776202396856,-0.9877973900786516,-0.1500489061832019,-0.04173298344270183,-0.9711992056668308,-0.23678350756078162,-0.02656451504037037,1.0406719609697426
2018-11-02,0.4486111111111111,0.0001122621377206704,5.61310688603352e-07,47,0.37276595744680857,0.0003012817599645238,-0.990271542265802,-0.1327426978655919,-0.04173306533043449,-0.9751944764297564,-0.21974980659801524,-0.026566061827602596,1.0406703080867699
2018-11-02,0.4513888888888889,0.00011219151006824006,5.609575503412003e-07,47,0.37127659574468086,0.0003024568112327348,-0.9924426131839447,-0.11539499093482808,-0.04173314754214117,-0.9788911954603733,-0.20264794498283745,-0.02656760893257045,1.0406686551246136
2018-11-02,0.45416666666666666,0.0001121078836047124,5.60539418023562e-07,47,0.3653191489361701,0.00030719148572658597,-0.9943098083353182,-0.0980119513269065,-0.041733229509287595,-0.9822880254403289,-0.18548400208667082,-0.02656915592283181,1.0406670021649662
2018-11-02,0.45694444444444443,0.00011189579439085783,5.594789719542892e-07,46,0.3599999999999999,0.0003108216510857162,-0.9958574458775986,-0.08078539557760558,-0.04173328829023246,-0.9853523903463081,-0.16844781452789154,-0.026570672170534663,1.040665366897692
2018-11-02,0.4597222222222222,0.00011176954880885903,5.588477440442952e-07,47,0.3599999999999999,0.00031047096891349726,-0.9971067113482558,-0.06353369340958805,-0.0417333917385418,-0.9881214526404983,-0.15136020653381616,-0.02657221687537511,1.0406637315440865
2018-11-02,0.4625,0.00011165907556801858,5.58295377840093e-07,47,0.3599999999999999,0.0003101640988000516,-0.9980657038742505,-0.046077846121912396,-0.04173347393594422,-0.9906190963028567,-0.13404342992567847,-0.026573764013991204,1.0406620786736007
2018-11-02,0.4652777777777778,0.00011155164000646262,5.577582000323131e-07,47,0.3599999999999999,0.0003098656666846183,-0.9987191538470213,-0.028607028128352384,-0.04173355581248227,-0.9928133894644585,-0.11668473139475555,-0.0265753110880611,1.0406604257239354
2018-11-02,0.46805555555555556,0.00011142422948537325,5.571211474268663e-07,47,0.3612765957446808,0.0003084441751218625,-0.999066796597604,-0.011128315015709909,-0.04173363800476699,-0.9947034425700239,-0.09929114734210867,-0.02657685833259745,1.040658772858471
2018-11-02,0.4708333333333333,0.00011128650678169139,5.56432533908457e-07,47,0.36446808510638296,0.0003053970154689434,-0.9991085600707282,0.006354669046627387,-0.04173371987618575,-0.9962888634250235,-0.08186628718653581,-0.026578405474493288,1.0406571199138244
2018-11-02,0.4736111111111111,0.00011125669650386487,5.562834825193244e-07,47,0.37127659574468086,0.0002998070783659803,-0.9988444273260588,0.0238348435072417,-0.04173380206334978,-0.9975690096743612,-0.06441721080048161,-0.026579952784013282,1.0406554670533794
2018-11-02,0.47638888888888886,0.00011112426046726808,5.556213023363404e-07,47,0.3714893617021276,0.0002993694084058709,-0.9982744531586866,0.04130858388848598,-0.04173388392964629,-0.9985436156848058,-0.046947539154643496,-0.02658150000353763,1.0406538141137518
2018-11-02,0.4791666666666667,0.00011102360776578962,5.551180388289481e-07,47,0.3668085106382978,0.00030288187003257427,-0.9973988683796793,0.05876881339216755,-0.04173396611169165,-0.9992122865821073,-0.02946435023301287,-0.026583047393088203,1.0406521612583255
2018-11-02,0.48194444444444445,0.0001109710322919545,5.548551614597725e-07,47,0.3568085106382977,0.0003111140476344777,-0.9962178545682079,0.07621191166291047,-0.04173404797286632,-0.999574883622721,-0.011971272122814776,-0.02658459468160616,1.040650508323718
2018-11-02,0.4847222222222222,0.00011081539616837723,5.540769808418861e-07,46,0.3599999999999999,0.00030782054491215895,-0.994749340857787,0.09344524170114507,-0.041734106752309395,-0.9996322742266092,0.005338071984298768,-0.02658611126185418,1.0406488730954242
2018-11-02,0.4875,0.00011076993192803085,5.538496596401543e-07,47,0.3599999999999999,0.0003076942553556413,-0.9929824996276617,0.11065265987312924,-0.041734210142308104,-0.9993898980230989,0.02264791932925137,-0.026587656523956178,1.0406472376706977
2018-11-02,0.49027777777777776,0.0001107181709448589,5.535908547242945e-07,47,0.3599999999999999,0.0003075504748468303,-0.9908945400593634,0.12800882519209766,-0.04173429229640494,-0.998840450541928,0.04013438176883294,-0.02658920384726867,1.0406455849069483
2018-11-02,0.4930555555555556,0.00011065582490466366,5.532791245233184e-07,47,0.3599999999999999,0.0003073772914018436,-0.9885029873541785,0.1453275128329505,-0.041734374389147774,-0.997984963340163,0.05761028456432896,-0.026590751387475124,1.0406439319823277
2018-11-02,0.49583333333333335,0.00011061666082473539,5.530833041236769e-07,47,0.3599999999999999,0.0003072685022909317,-0.9858089057718592,0.16260085011171943,-0.04173445631412593,-0.9968238024434327,0.07506767963309667,-0.02659229882351218,1.0406422791419083
2018-11-02,0.4986111111111111,0.00011054409224879257,5.527204612439629e-07,47,0.3599999999999999,0.00030706692291331277,-0.9828128539203452,0.17982525538238245,-0.04173453840174962,-0.9953572090095151,0.09250293942779901,-0.026593846468786573,1.0406406262223087
2018-11-02,0.5013888888888889,0.00011057473609417925,5.528736804708963e-07,47,0.36404255319148926,0.00030395446355745755,-0.9795159770485333,0.19699409171777518,-0.04173462034025951,-0.9935857392208024,0.10990934370255123,-0.026595394035925018,1.0406389733542338
2018-11-02,0.5041666666666667,0.0001105594874942797,5.527974374713984e-07,47,0.36468085106382975,0.00030334855376444077,-0.975918891006172,0.21410402334160403,-0.041734702182012466,-0.9915097129271075,0.12728350978969014,-0.02659694168175238,1.0406373203522479
2018-11-02,0.5069444444444444,0.00011047422011172876,5.523711005586438e-07,47,0.3585106382978722,0.00030831795858919127,-0.9720235706481571,0.23114581086861152,-0.04173478432074728,-0.9891302838757269,0.1446160498887089,-0.026598489327603073,1.0406356676035602
2018-11-02,0.5097222222222222,0.00011041881262306174,5.520940631153086e-07,46,0.35434782608695636,0.00031186557216538553,-0.9678021406376045,0.2482281562284137,-0.04173486591223879,-0.9864292549138269,0.16201778475378587,-0.026600046496730662,1.0406340039926605
2018-11-02,0.5125,0.00011021629246084718,5.510814623042359e-07,47,0.3599999999999999,0.0003061563679467978,-0.9633408314732526,0.26501440811052634,-0.04173494830774083,-0.9834628850222337,0.17914549804917035,-0.026601584773458666,1.0406323618686455
2018-11-02,0.5152777777777777,0.0001100868749502397,5.504343747511985e-07,46,0.3599999999999999,0.000305796874861777,-0.9586087029775865,0.28165145793805063,-0.041735007092366494,-0.9802132925973474,0.196148351987171,-0.0266031018526765,1.0406307265575179
2018-11-02,0.5180555555555556,0.00010993992500828037,5.496996250414018e-07,47,0.3599999999999999,0.0003053886805785566,-0.9535893387187484,0.29820387928943115,-0.0417351106225266,-0.9766698120170451,0.21309216556402338,-0.02660464752302731,1.0406290912701686
2018-11-02,0.5208333333333334,0.00010976839019984662,5.488419509992331e-07,47,0.3599999999999999,0.0003049121949995739,-0.9482257629962119,0.31484293875157265,-0.04173519268585426,-0.9727907544490557,0.2301526850417491,-0.02660619526558564,1.0406274384522933
2018-11-02,0.5236111111111111,0.00010962753374980305,5.481376687490153e-07,47,0.3599999999999999,0.0003045209270827863,-0.9425715923728124,0.3313864211260771,-0.04173527458914181,-0.9686134915715193,0.24714354524056723,-0.02660774307516444,1.0406257855552417
2018-11-02,0.5263888888888889,0.0001094567117611402,5.47283558805701e-07,47,0.3602127659574467,0.00030387153542146405,-0.9366291167934022,0.3478276262465794,-0.041735356647347135,-0.9641397154967651,0.2640578622832381,-0.026609291013164754,1.0406241327423902
2018-11-02,0.5291666666666667,0.00010936712614678461,5.468356307339231e-07,47,0.36255319148936166,0.0003018023517856504,-0.9303995683899255,0.36416314518255954,-0.04173543854551345,-0.9593703559664173,0.2808921204715909,-0.02661083895413711,1.0406224798503623
2018-11-02,0.5319444444444444,0.00010913246000502792,5.456623000251396e-07,47,0.35723404255319147,0.00030572608759423865,-0.923885470140937,0.38038636198321296,-0.041735520598594825,-0.9543073453794143,0.29763949908534115,-0.026612386948983914,1.040620827042535
2018-11-02,0.5347222222222222,0.00010895440939767547,5.447720469883773e-07,47,0.3553191489361701,0.000306885212057313,-0.917088172694831,0.39649391292668773,-0.04173560249163862,-0.9489517343532573,0.3142965229426273,-0.026613934961209774,1.0406191741555302
2018-11-02,0.5375,0.00010880981700145784,5.440490850072892e-07,47,0.35297872340425523,0.0003086588307058925,-0.9100104289735931,0.4124792743827355,-0.041735684539599985,-0.9433056928266108,0.3308564431042774,-0.02661548303701584,1.0406175213527273
2018-11-02,0.5402777777777777,0.00010857083919994518,5.42854195999726e-07,47,0.3599999999999999,0.0003015856644442922,-0.902653706496712,0.42833913193689777,-0.04173576642752158,-0.9373703924047826,0.347315823275463,-0.026617031115272374,1.040615868470748
2018-11-02,0.5430555555555555,0.0001083577985974568,5.417889929872841e-07,46,0.3599999999999999,0.00030099388499293554,-0.8951037457133142,0.4439002199941093,-0.04173582512873366,-0.9312160298464276,0.36349437222230063,-0.026618548415960702,1.0406142332803143
2018-11-02,0.5458333333333333,0.00010819061826410295,5.409530913205148e-07,47,0.3599999999999999,0.0003005294951780637,-0.8872847173385742,0.45932988433311583,-0.041735928597949626,-0.9247817714482504,0.3795656013997275,-0.02662009449831453,1.0406125979218706
2018-11-02,0.5486111111111112,0.0001080411294650257,5.402056473251285e-07,47,0.3599999999999999,0.0003001142485139602,-0.8791125215848016,0.47478340304868316,-0.041736010618209654,-0.9179974682889936,0.39569171884023435,-0.026621642628865926,1.0406109452107513
2018-11-02,0.5513888888888889,0.00010789435931007282,5.394717965503641e-07,47,0.3599999999999999,0.00029970655363909123,-0.8706699323119436,0.4900938354536043,-0.04173609251344964,-0.9109309228372673,0.4116989914107899,-0.026623190833987495,1.040609292257081
2018-11-02,0.5541666666666667,0.0001077322411957693,5.386612059788465e-07,47,0.3599999999999999,0.00029925622554380365,-0.8619620373093662,0.505251954942488,-0.04173617452858839,-0.903586389835818,0.42757778167080424,-0.026624738964868118,1.0406076395509878
2018-11-02,0.5569444444444445,0.00010769191066052005,5.384595533026002e-07,47,0.35510638297872343,0.00030398865851578925,-0.8529889207958795,0.5202576149367089,-0.04173625641870633,-0.89596393926736,0.4433279377107779,-0.026626287342079422,1.0406059866023438
2018-11-02,0.5597222222222222,0.0001075385514098337,5.376927570491685e-07,47,0.35404255319148936,0.00030412956835394533,-0.8437559902827741,0.5351017724849156,-0.04173633842872123,-0.8880681690390481,0.45893995850266694,-0.026627835608683904,1.040604333901276
2018-11-02,0.5625,0.00010744742580275874,5.372371290137937e-07,47,0.35595744680851066,0.0003022864214499868,-0.8342638104926018,0.5497835626225434,-0.04173642021577995,-0.8798995672028869,0.47441292936451945,-0.026629383919796086,1.0406026810393416
2018-11-02,0.5652777777777778,0.00010742985859794859,5.37149292989743e-07,47,0.3536170212765956,0.00030413039739029754,-0.8245166756910589,0.5642963014955652,-0.04173650231860904,-0.8714618269081997,0.48973980610267714,-0.02663093239702813,1.040601028261613
2018-11-02,0.5680555555555555,0.00010730304083771579,5.365152041885789e-07,47,0.3599999999999999,0.00029806400232698833,-0.8145161065076234,0.57863768437521,-0.04173658419848042,-0.8627562623279841,0.504918154530303,-0.02663248091259722,1.0405993753230234
2018-11-02,0.5708333333333333,0.00010724850560284858,5.362425280142429e-07,46,0.3599999999999999,0.00029791251556346833,-0.8043782300497226,0.5926497411370731,-0.04173664280024875,-0.85388471971669,0.5197802569956665,-0.02663399842060112,1.040597740253293
2018-11-02,0.5736111111111111,0.0001072054287056199,5.360271435280996e-07,47,0.3599999999999999,0.00029779285751561083,-0.7939970053073311,0.606487262502337,-0.04173674622454002,-0.8447551327963434,0.5344897691818318,-0.026635544938751764,1.040596104823769
2018-11-02,0.5763888888888888,0.00010719447199667634,5.359723599833817e-07,47,0.3599999999999999,0.0002977624222129899,-0.7832649772648204,0.6202854283014706,-0.04173682818808469,-0.8352722915780193,0.5491909177886729,-0.02663709331814005,1.040594452219415
2018-11-02,0.5791666666666667,0.00010725470916844566,5.362735458422283e-07,47,0.36148936170212764,0.00029673002248236453,-0.7722904516943011,0.6338970646390799,-0.04173691008891902,-0.8255311977993764,0.563727437871047,-0.026638642068841034,1.0405927992091413
2018-11-02,0.5819444444444445,0.00010728095245819119,5.36404762290956e-07,47,0.3695744680851064,0.0002902910210127428,-0.7610822109391001,0.6473112788194653,-0.04173699204734222,-0.8155396533480754,0.578087687180567,-0.026640190448342357,1.0405911466098148
2018-11-02,0.5847222222222223,0.00010747296041201729,5.373648020600864e-07,47,0.3606382978723403,0.00029852417514466927,-0.7496387188562323,0.6605299447107242,-0.04173707383171776,-0.8052962891213055,0.5922736736242185,-0.02664173904097829,1.0405894936862563
2018-11-02,0.5875,0.00010753599407810773,5.376799703905387e-07,47,0.3525531914893617,0.00030562238320802436,-0.7379672741940371,0.6735445880068033,-0.04173715593291591,-0.7948076306331778,0.6062763111853416,-0.026643287761999035,1.04058784098985
2018-11-02,0.5902777777777778,0.00010763620437882049,5.381810218941024e-07,47,0.35489361702127653,0.00030357074972573605,-0.7260675542260007,0.6863555271738045,-0.04173723778884289,-0.784073391158621,0.6200959360914162,-0.026644836646718236,1.0405861879716645
2018-11-02,0.5930555555555556,0.00010783901845620044,5.391950922810023e-07,47,0.3572340425531913,0.0003020609449730667,-0.7139486262953929,0.6989530421652738,-0.04173731973701968,-0.7731017554357189,0.6337220572898432,-0.0266463852433788,1.0405845353823941
2018-11-02,0.5958333333333333,0.00010784472174863524,5.392236087431763e-07,47,0.3599999999999999,0.00029956867152398686,-0.7016080836430615,0.7113396419942549,-0.041737401622480755,-0.7618905470089318,0.6471573857884853,-0.02664793421345097,1.0405828823872088
2018-11-02,0.5986111111111111,0.00010800249936273511,5.400124968136756e-07,46,0.3599999999999999,0.00030000694267426424,-0.689190232817669,0.7233773616758731,-0.04173746043520533,-0.7505714748581626,0.6602516700674798,-0.026649452195996032,1.0405812473547298
2018-11-02,0.6013888888888889,0.0001081541583160413,5.407707915802066e-07,47,0.3599999999999999,0.0003004282175445592,-0.6765641360291059,0.7351999358112948,-0.04173756368377841,-0.7390257906123057,0.6731497642212664,-0.026650998831376154,1.0405796121009734
2018-11-02,0.6041666666666666,0.00010832113407969912,5.416056703984956e-07,47,0.36148936170212753,0.0002996797372080868,-0.6635969590521329,0.7469250597390739,-0.041737645723529636,-0.7271314374721647,0.6859806953085043,-0.026652547790491747,1.0405779593583369
2018-11-02,0.6069444444444444,0.00010845020722099008,5.422510361049504e-07,47,0.36723404255319153,0.0002953592297408627,-0.6504259597391417,0.7584220678492944,-0.04173772749703295,-0.7150137414974541,0.6986021103601013,-0.02665409668746459,1.04057630653653
2018-11-02,0.6097222222222223,0.00010863049668352281,5.431524834176141e-07,47,0.37,0.0002935959369824942,-0.6370564722994656,0.7696863038646713,-0.041737809531661604,-0.7026776123338552,0.7110088956380779,-0.026655645711804576,1.0405746537989236
2018-11-02,0.6125,0.00010890653955856672,5.445326977928336e-07,47,0.36702127659574474,0.0002968694512448282,-0.6234905936629346,0.7807159714219074,-0.04173789142480589,-0.6901249897281442,0.7231990683903999,-0.026657194750884454,1.040573000900459
2018-11-02,0.6152777777777778,0.00010912352964035443,5.456176482017722e-07,47,0.36255319148936177,0.0003012108707618009,-0.6097358432621173,0.7915049861016524,-0.04173797332954419,-0.6773628328036155,0.7351659024504775,-0.026658743601980624,1.0405713482495678
2018-11-02,0.6180555555555556,0.00010930067036953206,5.465033518476603e-07,47,0.3617021276595745,0.00030255036851006324,-0.5957930477349448,0.8020527283338524,-0.041738055092795816,-0.6643919038010409,0.7469087139406309,-0.02666029263120297,1.0405696954378236
2018-11-02,0.6208333333333333,0.00010950504928943625,5.475252464471812e-07,45,0.36422222222222217,0.00030074294787297884,-0.5815473735256452,0.8124411234946377,-0.04173815041654976,-0.651104946969082,0.7585192766769393,-0.02666186306096507,1.0405680286242118
2018-11-02,0.6236111111111111,0.00010947170750121153,5.473585375060577e-07,47,0.3599999999999999,0.00030408807639225433,-0.5673652157908214,0.8224078264436396,-0.04173821887530501,-0.6378441280553785,0.7697037949046611,-0.02666339090658722,1.0405663899035666
2018-11-02,0.6263888888888889,0.00010964455262500901,5.48222763125045e-07,46,0.3617391304347826,0.00030313600891488263,-0.5530436430187307,0.8321061501333616,-0.04173827771729653,-0.6244206450128851,0.7806329743790063,-0.026664909410650712,1.0405647547449803
2018-11-02,0.6291666666666667,0.00010981371520241406,5.490685760120703e-07,47,0.36914893617021277,0.0002974947923610857,-0.5385562976623655,0.8415551210757942,-0.041738380889907514,-0.6108099000209155,0.7913281027134597,-0.026666456314168634,1.0405631195853144
2018-11-02,0.6319444444444444,0.00010997150806712386,5.498575403356193e-07,47,0.37,0.00029722029207330776,-0.5237486417042747,0.8508497288164286,-0.041738462908175095,-0.5968661953343503,0.8018974762021548,-0.02666800569431054,1.0405614667860967
2018-11-02,0.6347222222222222,0.00011011443601769567,5.505721800884784e-07,47,0.37,0.00029760658383160997,-0.5087813629527989,0.859883375000484,-0.04173854465203057,-0.5827403403207777,0.8122206785140622,-0.0266695548703117,1.04055981407108
2018-11-02,0.6375,0.00011026564243830698,5.513282121915349e-07,47,0.37,0.0002980152498332622,-0.49365756478996975,0.8686541865263426,-0.04173862666517245,-0.5684352662845147,0.8222955674442801,-0.026671104318013186,1.0405581612768953
2018-11-02,0.6402777777777777,0.00011052191911199048,5.526095955599524e-07,47,0.37808510638297865,0.0002925706623911062,-0.47838337235513567,0.8771586112413774,-0.04173870840390089,-0.5539567691481605,0.8321180610148246,-0.02667265355866355,1.0405565085669113
2018-11-02,0.6430555555555556,0.0001106822422548963,5.534112112744815e-07,47,0.36978723404255315,0.0002995067255851678,-0.4629619526697285,0.8853948857742413,-0.04173879041192078,-0.5393078587405217,0.8416861175010382,-0.026674203019810987,1.0405548557777597
2018-11-02,0.6458333333333334,0.0001107737903404112,5.53868951702056e-07,47,0.36744680851063827,0.0003017492707642854,-0.44739955140455223,0.8933596744620976,-0.041738872145522986,-0.5244944692020118,0.8509958613410573,-0.026675752227290354,1.0405532030728095
2018-11-02,0.6486111111111111,0.00011096792323774866,5.548396161887433e-07,47,0.3708510638297872,0.0002995059827146579,-0.43169939534598784,0.901051325821401,-0.04173895414841846,-0.5095196607727585,0.860045369066984,-0.02667730182099245,1.0405515502886926
2018-11-02,0.6513888888888889,0.00011090914023845418,5.545457011922709e-07,47,0.36978723404255326,0.00029993155230916745,-0.41586784304711194,0.9084667247639893,-0.04173903587689679,-0.49438951018004185,0.8688309680956674,-0.026678851209969767,1.0405498975887755
2018-11-02,0.6541666666666667,0.00011101493110752706,5.550746555376354e-07,46,0.37,0.0003000403543446678,-0.400078549794906,0.9155299022816993,-0.041739094648388646,-0.4792704545326129,0.877261642421869,-0.026680370075913163,1.040548262385782
2018-11-02,0.6569444444444444,0.00011110872697377631,5.555436348688815e-07,47,0.37,0.0003002938566858819,-0.38417066516678,0.9223181335081084,-0.041739197733460444,-0.4640089433766301,0.885428583093489,-0.026681917239202546,1.040546627320216
2018-11-02,0.6597222222222222,0.00011119343231297675,5.559671615648838e-07,47,0.37,0.0003005227900350724,-0.36797268210697587,0.9288993151840839,-0.041739279743885284,-0.4484399741553188,0.8934145634390325,-0.02668346706520849,1.040544974464432
2018-11-02,0.6625,0.00011126305151854181,5.563152575927091e-07,47,0.37,0.0003007109500501131,-0.35166444470993236,0.9351951368741526,-0.04173936144444505,-0.4327359482719596,0.9011256898832257,-0.026685016500806732,1.0405433218562108
2018-11-02,0.6652777777777777,0.00011135291366474248,5.567645683237124e-07,47,0.37510638297872345,0.00029690925472206157,-0.33524611079164124,0.9412055376269226,-0.04173944344974146,-0.416897020315552,0.9085618865141765,-0.026686566392376453,1.0405416690054603
2018-11-02,0.6680555555555555,0.00011160667521324271,5.580333760662136e-07,47,0.3817021276595745,0.00029258134405781835,-0.31872757455836653,0.9469268954131551,-0.04173952514517263,-0.4009327379650578,0.915718670824781,-0.026688115908371734,1.0405400164022782
2018-11-02,0.6708333333333333,0.00011167942402189535,5.583971201094767e-07,47,0.37638297872340426,0.00029691203678238473,-0.302108995790483,0.9523591548663864,-0.041739607145347996,-0.3848432582976953,0.9225959723944156,-0.026689665873070534,1.0405383635565653
2018-11-02,0.6736111111111112,0.00011174917174947784,5.587458587473892e-07,47,0.3702127659574468,0.0003021607204521323,-0.2854003148476284,0.9574990645734222,-0.041739688857204325,-0.3686382122240714,0.9291896725143347,-0.02669121542649875,1.040536710951067
2018-11-02,0.6763888888888889,0.00011185447210884837,5.592723605442418e-07,47,0.3742553191489362,0.0002990354219454146,-0.268601525784676,0.9623466173250601,-0.04173977083260443,-0.3523175988097788,0.9354997626118745,-0.026692765350145413,1.040535058079351
2018-11-02,0.6791666666666667,0.00011172516424112529,5.586258212056265e-07,46,0.37,0.0003019599033543926,-0.25154412567824713,0.9669453652248382,-0.041739831180426665,-0.3357172481228381,0.941584485185549,-0.026694317198484495,1.0405333879831864
2018-11-02,0.6819444444444445,0.00011176461072173751,5.588230536086875e-07,47,0.37,0.0003020665154641554,-0.2347655124427912,0.9711554623410023,-0.04173993450770976,-0.3193606173412737,0.9472571598446163,-0.02669586512011816,1.0405317526506015
2018-11-02,0.6847222222222222,0.00011181921422700606,5.590960711350303e-07,46,0.37,0.0003022140925054218,-0.21791953062412975,0.9750737670309508,-0.04173999305977307,-0.3029111392418463,0.952644787633052,-0.026697384118745986,1.0405301176116866
2018-11-02,0.6875,0.00011185881519812,5.592940759906e-07,47,0.37,0.0003023211221570811,-0.20100681106437618,0.9787001717823586,-0.04174009653692574,-0.28636943660311825,0.9577472071514769,-0.02669893206026483,1.0405284824367418
2018-11-02,0.6902777777777778,0.00011188701097211996,5.594350548605999e-07,47,0.37,0.00030239732695167546,-0.18385197141974904,0.9820673144589996,-0.041740178202304856,-0.26956353953090684,0.9626123739182852,-0.026700481923976227,1.0405268297719696
2018-11-02,0.6930555555555555,0.00011192001239869103,5.596000619934551e-07,47,0.3746808510638297,0.00029875973341297825,-0.16663999188176842,0.9851339319020426,-0.04174026019163846,-0.2526742324384867,0.9671828853650193,-0.02670203210652067,1.0405251770280342
2018-11-02,0.6958333333333333,0.00011207719805726814,5.603859902863407e-07,47,0.38191489361702136,0.0002936097796552927,-0.1493778432892312,0.9878987821615862,-0.04174034185188963,-0.23570835830491974,0.9714568896926473,-0.026703582042251837,1.0405235243682993
2018-11-02,0.6986111111111111,0.00011204267589509198,5.602133794754599e-07,47,0.3740425531914893,0.0002998318555965676,-0.13206910488014756,0.9903612919304445,-0.04174042383609873,-0.21866943776203557,0.9754334999877411,-0.026705132287649,1.040521871629403
2018-11-02,0.7013888888888888,0.00011210923239463002,5.605461619731501e-07,47,0.37617021276595736,0.00029848002301109005,-0.11472164500391659,0.992520364705285,-0.04174050566156867,-0.20156522136889418,0.979110930718932,-0.026706682332623414,1.0405202190563871
2018-11-02,0.7041666666666667,0.00011220963769435184,5.610481884717592e-07,47,0.38,0.0002955129502375018,-0.09733648575206065,0.9943758504202889,-0.04174058747030546,-0.18439672142431793,0.9824889411288725,-0.02670823257778842,1.0405185662408483
2018-11-02,0.7069444444444445,0.00011217587772660448,5.608793886330224e-07,47,0.3772340425531916,0.0002974068168096075,-0.07992324274990159,0.9959267000184951,-0.04174066912030399,-0.1671734408850375,0.9855656386972653,-0.026709782513309393,1.0405169135911903
2018-11-02,0.7097222222222223,0.00011222211346798738,5.611105673399369e-07,47,0.37106382978723407,0.00030245404292899615,-0.062484668234018076,0.9971726911291603,-0.04174075109425902,-0.14989808320330117,0.9883405634426559,-0.02671133291001592,1.0405152608623716
2018-11-02,0.7125,0.00011229094614406365,5.614547307203182e-07,46,0.37,0.00030348904363260447,-0.04521340673966562,0.998104930690102,-0.04174080956450484,-0.13276193465075184,0.9907879148588866,-0.02671285228815962,1.040513625779073
2018-11-02,0.7152777777777778,0.00011237517124328333,5.618758562164167e-07,47,0.37,0.0003037166790359009,-0.027928595360369412,0.9987380486123524,-0.04174091296542435,-0.11558597826902921,0.9929381765414224,-0.026714400502099774,1.04051199069825
2018-11-02,0.7180555555555556,0.00011246824417975496,5.623412208987748e-07,47,0.37,0.0003039682275128512,-0.010448789174866156,0.9990738271888663,-0.0417409946092659,-0.09818948683478457,0.9948090684391809,-0.026715950783954234,1.0405103379769374
2018-11-02,0.7208333333333333,0.00011252636191591472,5.626318095795736e-07,47,0.37,0.0003041253024754451,0.007033352222082745,0.9991037055698384,-0.04174107656898399,-0.08076377734778638,0.9963751238344482,-0.026717501238052457,1.0405086853398247
2018-11-02,0.7236111111111111,0.00011273420452371312,5.636710226185656e-07,47,0.37531914893617013,0.0003004850290155576,0.02451334016446234,0.9988276987811054,-0.041741158364647445,-0.0633133288956675,0.9976359629963474,-0.02671905163922395,1.0405070327052326
2018-11-02,0.7263888888888889,0.0001127254347053622,5.636271735268111e-07,47,0.37425531914893634,0.0003015117732905835,0.04198668634553049,0.9982458550073905,-0.04174124016228936,-0.04584262312672394,0.9985912393599337,-0.026720602134920574,1.0405053799914807
2018-11-02,0.7291666666666666,0.000112805499649642,5.6402749824821e-07,47,0.3768085106382979,0.00029981524046077997,0.05944717650787272,0.9973583584950673,-0.04174132179587723,-0.02835787430822524,0.9992405904120432,-0.026722152565057247,1.040503727280249
2018-11-02,0.7319444444444444,0.00011297633448597133,5.648816724298567e-07,47,0.37808510638297876,0.000299137043241422,0.07688860297963561,0.9961655474594613,-0.04174140374534137,-0.010865303603109788,0.9995838078252738,-0.02672370317037558,1.0405020746532185
2018-11-02,0.7347222222222223,0.0001130443736992852,5.65221868496426e-07,47,0.37063829787234054,0.00030501174744248524,0.09430734936195478,0.9946676692519522,-0.041741485373802546,0.006631456405297922,0.9996208204131695,-0.026725253646067683,1.040500421947028
2018-11-02,0.7375,0.00011318397819203366,5.659198909601683e-07,47,0.3706382978723405,0.0003053888950747024,0.11169636107059154,0.9928653304861708,-0.0417415673181409,0.02412530687429052,0.9993516135508264,-0.026726804178223196,1.0404987693250385
2018-11-02,0.7402777777777778,0.00011325781652336272,5.662890826168136e-07,46,0.37,0.0003061022068198993,0.12886768480502134,0.990782900788766,-0.04174162571812478,0.041426756215793656,0.9987839709213768,-0.026728323927316184,1.040497134197375
2018-11-02,0.7430555555555556,0.00011336291267907316,5.668145633953659e-07,47,0.37,0.0003063862504839815,0.14599893550900483,0.9884037327366383,-0.041741729031240134,0.058714317805418595,0.9979169017542051,-0.026729872389002787,1.0404954992106874
2018-11-02,0.7458333333333333,0.00011347910441510618,5.673955220755309e-07,47,0.37,0.0003067002822029897,0.16327128805794008,0.9856977770727401,-0.041741810810742484,0.0761712459875414,0.9967363604792675,-0.026731423142978734,1.040493846514528
2018-11-02,0.7486111111111111,0.00011357408154228945,5.678704077114472e-07,47,0.37,0.00030695697714132276,0.18049279874786536,0.9826901668398328,-0.04174189258363993,0.09360397663084628,0.9952505431637254,-0.02673297385629893,1.0404921939025686
2018-11-02,0.7513888888888889,0.00011374046890530871,5.687023445265436e-07,47,0.375531914893617,0.00030300073077158934,0.19766074362726832,0.9793813547425714,-0.04174197421446314,0.11100975147480661,0.9934596621247477,-0.02673452465416197,1.0404905411297731
2018-11-02,0.7541666666666667,0.00011369420968906478,5.684710484453239e-07,47,0.37319148936170227,0.00030491566269317546,0.21476562920446443,0.9757731935561677,-0.041742056125786,0.12837894060171948,0.9913647310042688,-0.026736075456469097,1.0404888886045358
2018-11-02,0.7569444444444444,0.00011378143120510145,5.689071560255073e-07,47,0.37702127659574464,0.00030244697589754187,0.23180729001448938,0.9718657182101214,-0.041742137751478676,0.14571137306357124,0.9889657704381289,-0.026737626327834205,1.0404872358367838
2018-11-02,0.7597222222222222,0.00011384448306198302,5.692224153099152e-07,47,0.37659574468085105,0.0003028236925404835,0.2487754562024407,0.9676612834506285,-0.041742219657676785,0.16299660089929072,0.9862642265124418,-0.02673917719549464,1.0404855833165894
2018-11-02,0.7625,0.00011372212740948342,5.686106370474171e-07,47,0.3612765957446808,0.0003148049003667533,0.26567029682669485,0.9631598380676606,-0.0417423012960922,0.1802347942436657,0.98326006346242,-0.026740728184199765,1.0404839305212081
2018-11-02,0.7652777777777777,0.00011375539654165605,5.687769827082803e-07,47,0.36851063829787234,0.0003087190377262222,0.28248102070714975,0.9583642555868825,-0.04174238318121406,0.19741493840310817,0.9799551992838728,-0.02674227910635407,1.0404822780003369
2018-11-02,0.7680555555555556,0.00011376153088895421,5.688076544447711e-07,46,0.37,0.0003074635969971735,0.2990293397281891,0.9533304896759519,-0.04174244166232975,0.21435436463128457,0.9763897662169202,-0.02674379910158911,1.0404806429117737
2018-11-02,0.7708333333333334,0.00011381060095209832,5.690530047604916e-07,47,0.37,0.0003075962187894549,0.3154877515451547,0.9480110962202378,-0.041742545062391466,0.23122923412108834,0.9725316075291086,-0.026745348093134454,1.0404790078540982
2018-11-02,0.7736111111111111,0.00011387197244190872,5.693598622095435e-07,47,0.37,0.0003077620876808344,0.33202656629665894,0.9423459621498046,-0.04174262681252071,0.24821459217361816,0.968335747362381,-0.02674689911416776,1.0404773552647815
2018-11-02,0.7763888888888889,0.00011392369506877897,5.696184753438949e-07,47,0.37,0.00030790187856426747,0.3484645376555148,0.9363920184828043,-0.041742708563627426,0.2651247481645589,0.9638430309545654,-0.02674845025409884,1.04047570259631
2018-11-02,0.7791666666666667,0.00011410519375334065,5.705259687667033e-07,47,0.3738297872340425,0.00030548445328127224,0.36479581260532695,0.930151361109434,-0.04174279017850416,0.28195368025349726,0.9590550347187919,-0.026750001346642654,1.0404740499303606
2018-11-02,0.7819444444444444,0.00011414634013956743,5.707317006978372e-07,47,0.3721276595744682,0.0003070492005145727,0.3810145919314521,0.9236262303377605,-0.04174287205460727,0.2986954075539601,0.9539734838774221,-0.02675155257078326,1.040472397348612
2018-11-02,0.7847222222222222,0.00011420483898033263,5.710241949016632e-07,47,0.37021276595744684,0.0003088242558950424,0.3971175127576385,0.9168179791433861,-0.04174295366435463,0.31534645596096256,0.9485994329292468,-0.026753103729701924,1.040470744687709
2018-11-02,0.7875,0.00011431339002703587,5.715669501351794e-07,47,0.37085106382978716,0.0003086239691050135,0.4130980534091121,0.9097293648409391,-0.04174303553533163,0.33190007903514873,0.9429350592543374,-0.026754655024522095,1.0404690921110056
2018-11-02,0.7902777777777777,0.00011425615822442862,5.712807911221431e-07,47,0.3599999999999999,0.0003173782172900795,0.4289521200165243,0.9023622282065589,-0.041743117270076256,0.34835203114904517,0.9369818396428665,-0.02675620626703435,1.0404674395368259
2018-11-02,0.7930555555555555,0.00011436564568795699,5.71828228439785e-07,47,0.3599999999999999,0.0003176823491332139,0.44467563251433656,0.8947184401725142,-0.04174319900580073,0.3646980778003273,0.9307412822346856,-0.026757757620543138,1.040465786883492
2018-11-02,0.7958333333333333,0.00011443279138767915,5.721639569383957e-07,46,0.36021739130434777,0.00031768193490151053,0.46009694577908566,0.8868868591573839,-0.04174325740413596,0.38075930037739236,0.9242869122827976,-0.026759277995694695,1.0404641519157167
2018-11-02,0.7986111111111112,0.00011452592550374422,5.726296275187211e-07,47,0.3670212765957447,0.0003120902745925054,0.4753818995551722,0.878788678471243,-0.04174336074254701,0.39670792739930694,0.9175547277762495,-0.026760827229347077,1.0404625167870674
2018-11-02,0.8013888888888889,0.00011459430849403637,5.729715424701818e-07,47,0.37,0.0003097143472811794,0.49068507029818037,0.8703365135444249,-0.04174344233295509,0.41270575743167554,0.9104711598279188,-0.026762378525674712,1.040460864222927
2018-11-02,0.8041666666666667,0.00011466291181223509,5.733145590611754e-07,47,0.37,0.0003098997616546895,0.5058387581032647,0.8616174493291833,-0.04174352419261086,0.42857794477943234,0.9031083198011126,-0.026763930104699126,1.0404592115796336
2018-11-02,0.8069444444444445,0.00011484300800726773,5.742150400363386e-07,47,0.37063829787234037,0.0003100940253883766,0.5208368257926381,0.852635017035372,-0.04174360577789067,0.44431805861628293,0.8954691908652391,-0.026765481475420242,1.0404575590205405
2018-11-02,0.8097222222222222,0.00011486146293017677,5.743073146508838e-07,47,0.36936170212765956,0.00031124525513581664,0.5356761635351649,0.8433910791341667,-0.04174368763241934,0.4599228326163674,0.8875553582596949,-0.026767033131099568,1.0404559063822953
2018-11-02,0.8125,0.00011484096135905168,5.742048067952584e-07,47,0.36808510638297864,0.0003122892580156042,0.5503500403145077,0.8338898553454193,-0.04174376932927038,0.47538518362024446,0.8793704396181864,-0.026768584573414668,1.040454253909925
2018-11-02,0.8152777777777778,0.0001148726491283169,5.743632456415845e-07,47,0.36893617021276587,0.0003116070822600076,0.5648575768557599,0.8241318879688829,-0.04174385106196977,0.4907041848947514,0.8709148998206526,-0.026770136293270776,1.0404526011950483
2018-11-02,0.8180555555555555,0.00011468392107411299,5.73419605370565e-07,47,0.3599999999999999,0.00031856644742809165,0.5791900303586399,0.814123057535784,-0.041743932753687873,0.5058706020329318,0.8621938359389345,-0.026771687801574642,1.0404509487277278
2018-11-02,0.8208333333333333,0.00011473226294185473,5.736613147092737e-07,47,0.3599999999999999,0.0003187007303940409,0.5933472622689264,0.8038634608022422,-0.041744014481263095,0.5208842859256708,0.8532073337220925,-0.026773239597442242,1.0404492960179035
2018-11-02,0.8236111111111111,0.00011474943690166465,5.737471845083233e-07,46,0.3599999999999999,0.0003187484358379573,0.6071734576327302,0.7934720062758164,-0.041744072668417044,0.5355794679151048,0.844060273774713,-0.02677476018808647,1.0404476610874744
2018-11-02,0.8263888888888888,0.00011477168393749827,5.738584196874914e-07,47,0.3599999999999999,0.00031881023315971744,0.620819261217513,0.7828415348365723,-0.04174417607356937,0.550115728419399,0.834659040906595,-0.026776310023546444,1.040446025971317
2018-11-02,0.8291666666666667,0.00011479886390048016,5.739943195024008e-07,47,0.3599999999999999,0.00031888573305688937,0.6344207376963918,0.7718599254634613,-0.0417442576207302,0.5646385303236053,0.8249037981553613,-0.026777861431748946,1.0404443735140396
2018-11-02,0.8319444444444445,0.00011489986501622934,5.744993250811467e-07,47,0.3670212765957447,0.00031310833119482394,0.6478299726331426,0.7606403464714123,-0.04174433947245585,0.5789905119064457,0.814894379743682,-0.02677941344525671,1.0404427208142615
2018-11-02,0.8347222222222223,0.00011509796794756798,5.754898397378399e-07,47,0.37361702127659574,0.00030830337604224515,0.6610382373610834,0.749190130775957,-0.041744421117754456,0.5931623139115406,0.8046373402127878,-0.026780965075915753,1.0404410684437089
2018-11-02,0.8375,0.00011522460753765876,5.761230376882938e-07,47,0.36702127659574474,0.0003142270953420316,0.6740473477657438,0.7375076741640371,-0.04174450286108404,0.6071558840101949,0.7941312418520551,-0.026782517176540604,1.0404394156673065
2018-11-02,0.8402777777777778,0.00011535970014500104,5.767985007250052e-07,47,0.36617021276595746,0.0003153349216920711,0.6868468933457644,0.725602325496611,-0.04174458450125334,0.620960021568173,0.7833844938905998,-0.026784068881013562,1.0404377633018038
2018-11-02,0.8430555555555556,0.0001155164973991222,5.77582486995611e-07,47,0.3706382978723403,0.0003119056215298875,0.6994392806797272,0.7134718463140521,-0.04174466623945403,0.6345773197285423,0.7723950775290663,-0.026785621049490716,1.0404361105304516
2018-11-02,0.8458333333333333,0.0001154971746599931,5.774858732999655e-07,47,0.3599999999999999,0.0003208254851666476,0.7118150390732216,0.701125328441859,-0.04174474777122492,0.6479975374410356,0.761171228333084,-0.02678717283062398,1.040434458088325
2018-11-02,0.8486111111111111,0.00011563405686565755,5.781702843282878e-07,47,0.36297872340425524,0.00031861882390123083,0.7239748072856106,0.6885621595861934,-0.041744829641053374,0.6612213629544857,0.7497123937747409,-0.026788725112633336,1.040432805385731
2018-11-02,0.8513888888888889,0.00011579836558753379,5.78991827937669e-07,47,0.36893617021276603,0.00031389298390291137,0.7359111392413673,0.6757900247375005,-0.04174491113610558,0.6742406971028725,0.7380255845366548,-0.02679027695940421,1.040431152928236
2018-11-02,0.8541666666666666,0.00011590338246712266,5.795169123356134e-07,46,0.37,0.0003132523850462775,0.7475003451351829,0.662948407892515,-0.041744969703690946,0.6869200006467607,0.7262390186793085,-0.02679179835638764,1.0404295178317025
2018-11-02,0.8569444444444444,0.00011605972554621109,5.802986277310555e-07,47,0.37,0.0003136749339086786,0.7588635639786616,0.6499103323912219,-0.0417450729635883,0.6993911712863488,0.7142367296740084,-0.0267933482656883,1.040427883018184
2018-11-02,0.8597222222222223,0.00011621005237752803,5.810502618876402e-07,47,0.37,0.0003140812226419676,0.770119813059686,0.6365318653384068,-0.041745154709530524,0.7117854621825229,0.7018856667120139,-0.026794900444748086,1.0404262303436085
2018-11-02,0.8625,0.00011651804307669997,5.825902153834999e-07,47,0.3757446808510638,0.0003102497043334572,0.7811386196684875,0.6229605060580907,-0.04174523630616517,0.7239598905760776,0.6893214250057025,-0.02679645247381378,1.0404245779165815
2018-11-02,0.8652777777777778,0.00011665093128406549,5.832546564203274e-07,47,0.37319148936170204,0.00031273763191197305,0.7919198772606442,0.6091963857580273,-0.04174531804697562,0.7359143288533607,0.6765441356800903,-0.02679800487326276,1.0404229252470556
2018-11-02,0.8680555555555556,0.0001167413567649734,5.83706783824867e-07,47,0.3780851063829787,0.0003090008489902824,0.8024576034181715,0.5952471052704851,-0.04174539954860599,0.7476421432273123,0.6635608558487764,-0.026799557005859627,1.0404212727434075
2018-11-02,0.8708333333333333,0.00011686964752705703,5.843482376352852e-07,47,0.37276595744680857,0.0003136925864581845,0.8127501519102782,0.5811148813742937,-0.041745481374160044,0.7591414963161472,0.6503736534507941,-0.02680110945366548,1.0404196201606128
2018-11-02,0.8736111111111111,0.00011692733433884457,5.846366716942229e-07,47,0.37,0.00031601982253741785,0.8227933543195987,0.5668054375781122,-0.04174556287065967,0.7704077290343309,0.6369878714481246,-0.026802661661717124,1.0404179676620176
2018-11-02,0.8763888888888889,0.00011704969074145681,5.852484537072841e-07,47,0.37,0.00031635051551745085,0.8325851281796081,0.5523217409114649,-0.04174564469108404,0.7814385034240061,0.6234062876394922,-0.026804214183524043,1.040416315084277
2018-11-02,0.8791666666666667,0.00011715973739767483,5.857986869883741e-07,47,0.37,0.00031664793891263463,0.8421215078820895,0.5376696572319248,-0.04174572618245342,0.792229350249778,0.609634404776516,-0.02680576646167364,1.0404146625907353
2018-11-02,0.8819444444444444,0.00011724260976464782,5.862130488232392e-07,46,0.37,0.00031687191828283186,0.8513030799311059,0.523010856064341,-0.04174578468131184,0.8026669954428627,0.5958246921130989,-0.026807288095934925,1.0404130276150239
2018-11-02,0.8847222222222222,0.00011733171018503958,5.866585509251979e-07,47,0.37,0.0003171127302298368,0.8602290336832809,0.5081961141683102,-0.041745887852082754,0.8128633980635527,0.5818370753673825,-0.02680883840275677,1.0404113927305694
2018-11-02,0.8875,0.00011739982387971667,5.869991193985834e-07,47,0.37,0.0003172968212965316,0.8689895530168376,0.4930663553430383,-0.04174596958185863,0.8229223968922007,0.5675208644855726,-0.026810391021832518,1.0404097401628827
2018-11-02,0.8902777777777777,0.00011764538846739577,5.882269423369789e-07,47,0.3765957446808511,0.00031256748225244965,0.8774839964701636,0.4777856246885852,-0.041746051066995714,0.8327292784890362,0.5530308024328342,-0.026811943376501626,1.0404080875977242
2018-11-02,0.8930555555555556,0.00011759311201227169,5.879655600613585e-07,47,0.37297872340425525,0.0003154655983148253,0.8857093632812731,0.4623593669284098,-0.0417461328681116,0.8422805875468158,0.5383720351886667,-0.02681349601606837,1.0404064351167648
2018-11-02,0.8958333333333334,0.00011762687190865624,5.881343595432812e-07,47,0.38425531914893607,0.00030656586784069006,0.8936639479834567,0.44679078063700317,-0.04174621434811666,0.8515743370157234,0.5235476116896597,-0.02681504857882163,1.0404047825566611
2018-11-02,0.8986111111111111,0.00011762733157110547,5.881366578555273e-07,47,0.3802127659574469,0.000309696249226752,0.9013445289428682,0.4310861710876468,-0.041746296144103225,0.8606067597008367,0.5085635408201834,-0.026816601307101305,1.0404031300807577
2018-11-02,0.9013888888888889,0.00011752666079915238,5.876333039957619e-07,47,0.37,0.00031763962378149297,0.9087495136693583,0.41524879453334795,-0.0417463776189768,0.8693759813090502,0.4934229319173683,-0.026818153944559442,1.040401477525709
2018-11-02,0.9041666666666667,0.00011747496082803295,5.873748041401647e-07,47,0.37,0.00031749989412981885,0.9158759031016114,0.39928506514087236,-0.041746459409834034,0.8778784487891373,0.47813191953834133,-0.026819706750057716,1.0403998250548614
2018-11-02,0.9069444444444444,0.00011743658026127334,5.871829013063667e-07,47,0.37,0.00031739616286830636,0.9227222196638103,0.383198292876261,-0.04174654087957643,0.8861123978306662,0.4626936766927965,-0.026821259465001607,1.0403981725048694
2018-11-02,0.9097222222222222,0.00011737316204553347,5.868658102276674e-07,46,0.37,0.00031722476228522573,0.9292172385590963,0.3671682788749882,-0.04174659929367329,0.8939910772996802,0.4472812226235792,-0.02682278130458114,1.0403965376499882
2018-11-02,0.9125,0.00011726819270148822,5.863409635074411e-07,47,0.37,0.0003169410613553737,0.9354341809506275,0.3510272153960109,-0.041746702391340734,0.9016021784025602,0.4317336761366311,-0.02682433203843652,1.0403949026946133
2018-11-02,0.9152777777777777,0.00011718091423048777,5.859045711524389e-07,47,0.37,0.00031670517359591295,0.9414328166531485,0.3346064221537803,-0.04174678409129816,0.9090200523737917,0.41588810548002075,-0.026825884935787598,1.04039325023382
2018-11-02,0.9180555555555555,0.00011724415998901894,5.862207999450947e-07,47,0.37617021276595736,0.00031186826478403045,0.9471437737125136,0.3180815479288738,-0.04174686556845508,0.9161601599762648,0.39991355297068415,-0.026827437869251004,1.0403915976122171
2018-11-02,0.9208333333333333,0.00011706148153598808,5.853074076799405e-07,47,0.37510638297872345,0.00031223985540871285,0.9525639140960203,0.3014617421017142,-0.04174694732635388,0.9230185654617403,0.3838188805575635,-0.02682899067221615,1.0403899452381566
2018-11-02,0.9236111111111112,0.00011693675329122632,5.846837664561317e-07,47,0.3861702127659574,0.00030381983579735454,0.9576931853961377,0.28474716545087225,-0.04174702879837757,0.9295952104285041,0.3676042255960443,-0.02683054364558316,1.0403882926216113
2018-11-02,0.9263888888888889,0.0001167857637512452,5.83928818756226e-07,47,0.375531914893617,0.00031135529078912843,0.962528496522513,0.26794789072269437,-0.0417471105511461,0.9358861281557445,0.3512793670500729,-0.0268320966484114,1.0403866402526085
2018-11-02,0.9291666666666667,0.00011665764423173632,5.832882211586816e-07,47,0.36404255319148937,0.00032050925151472747,0.9670698007290697,0.2510640804186186,-0.041747192018038295,0.9418912551727336,0.33484446937529894,-0.026833649731386508,1.040384987641121
2018-11-02,0.9319444444444445,0.00011651591450980334,5.825795725490167e-07,47,0.37,0.0003149078770535226,0.971314361253771,0.23410590927038227,-0.04174727376567603,0.9476069715814642,0.3183094395408698,-0.026835202801233048,1.0403833352771763
2018-11-02,0.9347222222222222,0.00011636527632442214,5.818263816221107e-07,47,0.37,0.00031450074682276243,0.9752621502044188,0.21707348227923495,-0.041747355243420256,0.953033239421715,0.301674382548578,-0.02683675597545549,1.0403816826650316
2018-11-02,0.9375,0.00011620594707065691,5.810297353532846e-07,47,0.37,0.0003140701272179915,0.9789108303608562,0.1999768429306282,-0.04174743697183961,0.9581668487934814,0.28494910955418656,-0.02683830913909975,1.0403800302734763
2018-11-02,0.9402777777777778,0.00011608902313305913,5.804451156652956e-07,46,0.37,0.0003137541165758355,0.9822261872603782,0.18299962761433794,-0.041747495169819834,0.9629576202212937,0.26831370652082775,-0.02683983142267965,1.04037839525254
2018-11-02,0.9430555555555555,0.00011592557877852986,5.796278938926494e-07,47,0.37021276595744684,0.0003131370150717961,0.9852467742709831,0.16596967133367677,-0.04174759856583149,0.9674590562327657,0.2515999099567738,-0.026841382657191718,1.0403767604364895
2018-11-02,0.9458333333333333,0.0001159119179306538,5.79559589653269e-07,47,0.3751063829787234,0.0003092208680602346,0.9880000077861419,0.14870479422983926,-0.041747680027094225,0.9717144260543634,0.2346284956928379,-0.026842935881812673,1.0403751079217967
2018-11-02,0.9486111111111111,0.00011563676229346777,5.781838114673388e-07,47,0.3774468085106383,0.00030653505841713385,0.9904506119959297,0.13139524186887422,-0.04174776174968399,0.9756719150806434,0.2175860462444521,-0.026844489240377363,1.0403734554913044
2018-11-02,0.9513888888888888,0.00011542796807035447,5.771398403517724e-07,47,0.37574468085106366,0.0003078962310818044,0.9925980788092714,0.11404460325594584,-0.041747843205814116,0.9793306995517439,0.2004761106029633,-0.02684604240852498,1.0403718029816718
2018-11-02,0.9541666666666667,0.00011517392328220818,5.758696164110409e-07,47,0.37638297872340426,0.0003063560336024268,0.9944415384754934,0.09665990543702438,-0.041747924923271985,0.9826893014728235,0.1833056010353646,-0.026847595793997273,1.0403701505562395
2018-11-02,0.9569444444444445,0.00011491411487676778,5.74570574383839e-07,47,0.3604255319148935,0.00031883892876691667,0.9959806087885622,0.0792447530183481,-0.04174800637426929,0.9857470230071279,0.16607808350722955,-0.02684914916995443,1.0403684980516676
2018-11-02,0.9597222222222223,0.00011470610184281671,5.735305092140836e-07,47,0.3676595744680851,0.00031203355363364536,0.997214666402945,0.061806199138734336,-0.0417480880865965,0.9885026242876368,0.14880054281634156,-0.026850702672688433,1.0403668456312956
2018-11-02,0.9625,0.00011447328565622182,5.723664282811092e-07,47,0.37,0.00030938725853032925,0.9981434554663197,0.04434785959258987,-0.0417481695324619,0.9909555335004064,0.13147656432557073,-0.026852256107612958,1.0403651931317843
2018-11-02,0.9652777777777778,0.00011423117878059119,5.71155893902956e-07,47,0.37,0.0003087329156232194,0.9987665997987856,0.026876804958980403,-0.041748251239657634,0.9931047568147555,0.11411316706441181,-0.02685380968195863,1.0403635407164693
2018-11-02,0.9680555555555556,0.00011397881802980444,5.698940901490222e-07,46,0.37,0.00030805085954001206,0.9990822031618445,0.009582796569185991,-0.04174830936922472,0.9949318081202951,0.0968993721518801,-0.026855332190305,1.0403619058163867
2018-11-02,0.9708333333333333,0.00011373547156531831,5.686773578265916e-07,47,0.37,0.0003073931663927522,0.9990983758813501,-0.007713971038546982,-0.04174841268916855,0.9964605002315082,0.07965663354993059,-0.026856883845016305,1.0403602709294435
2018-11-02,0.9736111111111111,0.00011365195459852215,5.682597729926108e-07,47,0.3727659574468085,0.0003051279939043641,0.9988104612475944,-0.02519376393090335,-0.041748494120885035,0.9977019512861104,0.06220482893491955,-0.02685843735337747,1.0403586185216704
2018-11-02,0.9763888888888889,0.00011334984989787807,5.667492494893904e-07,47,0.37489361702127655,0.00030262957897042114,0.9982167142266805,-0.04266670663808343,-0.04174857582180917,0.9986378172561103,0.04473310655176394,-0.026859991142593284,1.0403569660347607
2018-11-02,0.9791666666666666,0.00011309202963674238,5.654601481837119e-07,47,0.3670212765957447,0.00030909750630151133,0.9973173753067498,-0.06012572269180392,-0.04174865724839519,0.9992677189800477,0.027248545283132964,-0.026861544712941766,1.0403553136320507
2018-11-02,0.9819444444444444,0.00011282669928347687,5.641334964173844e-07,47,0.37531914893617013,0.0003009088720561302,0.996112630943284,-0.07756719198101275,-0.04174873894418595,0.9995915256278285,0.009754785155831414,-0.02686309847344346,1.0403536611502031
2018-11-02,0.9847222222222223,0.00011242487706423922,5.621243853211961e-07,47,0.3599999999999999,0.00031229132517844236,0.9946028869216392,-0.09498491090817018,-0.04174882066487308,0.9996090997917744,-0.007741967978967836,-0.026864652338922816,1.0403520086708873
2018-11-02,0.9875,0.00011219601985971365,5.609800992985682e-07,47,0.3599999999999999,0.00031165561072142676,0.9927887027083775,-0.11237268774800477,-0.04174890205629778,0.9993204576273319,-0.025235489742014897,-0.026866206002717982,1.0403503562757708
2018-11-02,0.9902777777777778,0.0001119448216461498,5.59724108230749e-07,47,0.3599999999999999,0.00031095783790597166,0.9906704544369892,-0.12972691725169044,-0.04174898377185182,0.9987256589694081,-0.04272214401683715,-0.02686775998713198,1.040348703801519
2018-11-02,0.9930555555555556,0.00011172702083033606,5.586351041516803e-07,47,0.3599999999999999,0.0003103528356398225,0.9882490000291227,-0.14704057093149506,-0.04174906515814509,0.9978249448304568,-0.06019484574268387,-0.026869313726075546,1.040347051411466
2018-11-02,0.9958333333333333,0.00011149294455045282,5.574647227522641e-07,46,0.3599999999999999,0.00030970262375125786,0.9855556045477895,-0.16412544304951437,-0.041749123203267874,0.996633035209328,-0.07746322532215089,-0.026870836461341415,1.0403454166322461
2018-11-02,0.9986111111111111,0.00011124146169497576,5.562073084748789e-07,47,0.3599999999999999,0.0003090040602638216,0.9825665188249296,-0.1811630154694567,-0.04174922646316641,0.9951421186889999,-0.0947102863773686,-0.026872388533311878,1.0403437816744245
2018-11-03,0.001388888888888889,0.00011975770038083965,5.987885019041982e-07,46,0.3641304347826087,0.00032898964385667676,0.9760730868338654,-0.21336922075426698,-0.04189158380064026,0.9901809627868393,-0.13659158244926703,-0.029738872516169242,1.0373781342451445
2018-11-03,0.004166666666666667,0.0001003807053410968,2.58712898686647e-06,47,0.30999999999999994,0.00032618381827306987,0.9722333289936298,-0.23023344881162178,-0.041891682256396785,0.9876672494771794,-0.15371696895420506,-0.029740507152956227,1.037376504164081
2018-11-03,0.006944444444444444,9.465882667767643e-05,2.5074081878054666e-06,47,0.34063829787234046,0.0002761991099489456,0.9680559340630995,-0.2472100099678794,-0.041891759295842844,0.9848253528722131,-0.1709807861631962,-0.029742143553152738,1.037374856448388
2018-11-03,0.009722222222222222,0.00010769138223826098,1.411058551805182e-06,47,0.3440425531914894,0.00031498730504896604,0.9635823569841351,-0.26411004408204675,-0.04189183600510157,0.9816818818349765,-0.18819136655973873,-0.029743779674368705,1.0373732088168783
2018-11-03,0.0125,0.00010084884952538646,2.2777350951577414e-06,47,0.3642553191489361,0.00027605746959339744,0.9588135252995467,-0.2809300470305074,-0.0418919130393025,0.9782374887397982,-0.20534513834466106,-0.02974541615552049,1.0373715611066845
2018-11-03,0.015277777777777777,0.0001000854471149246,2.078483550081487e-06,47,0.328936170212766,0.0003068749970845861,0.9537513704184216,-0.29766320669563595,-0.04189198974331366,0.9744935692705907,-0.2224351508333837,-0.02974705235807715,1.0373699134806689
2018-11-03,0.018055555555555554,8.440011576073718e-05,2.1595319563617086e-06,47,0.303404255319149,0.00027890410313843015,0.9483969419502258,-0.3143060534590577,-0.04189206677226466,0.9704509004434936,-0.23945785711793152,-0.029748688927425004,1.0373682657759749
2018-11-03,0.020833333333333332,0.00011836799387405676,5.918399693702838e-07,37,0.36864864864864855,0.0003213459769598805,0.9421347655757967,-0.33260659664100845,-0.04189194868138934,0.965631886490828,-0.25820529849530377,-0.029750354974617366,1.0373664428339562
2018-11-03,0.02361111111111111,0.00011824834192495604,5.912417096247802e-07,47,0.3604255319148935,0.0003280895654287748,0.9368189403177505,-0.3472971565157823,-0.04189222049473406,0.961475134704556,-0.27327712330165443,-0.029751961697142136,1.037364970456269
2018-11-03,0.02638888888888889,0.00011811754959453475,5.905877479726738e-07,47,0.3599999999999999,0.0003281043044292632,0.9305989405942514,-0.3636353217182682,-0.041892297188250154,0.9565448122832241,-0.2900633473849037,-0.02975359806672415,1.0373633228412573
2018-11-03,0.029166666666666667,0.00011801852512195133,5.900926256097567e-07,46,0.3599999999999999,0.00032782923644986476,0.9241645060730527,-0.3796906591647149,-0.04189235082702895,0.9513783767773586,-0.3065841029722857,-0.02975520131266846,1.0373616927032063
2018-11-03,0.03194444444444444,9.87967377858901e-05,2.6027709158774113e-06,47,0.305531914893617,0.0003255996192969345,0.9174526944674509,-0.39563313323371696,-0.04189244922520443,0.9459263010828038,-0.3230138752426792,-0.02975683653400422,1.0373600624722643
2018-11-03,0.034722222222222224,9.136834347143014e-05,2.459446185488346e-06,47,0.3365957446808511,0.0002697989338098691,0.9103902905556474,-0.4116242644805291,-0.04189252621730238,0.9401281431769962,-0.3395195247411186,-0.029758473182242166,1.037358414946876
2018-11-03,0.0375,0.00010685578875302915,1.3995569859461562e-06,47,0.3346808510638299,0.00032259329973337867,0.9030480788482989,-0.4274917275326556,-0.041892602921548124,0.934041075962685,-0.3559235933085533,-0.029760109892223763,1.0373567671799444
2018-11-03,0.04027777777777778,9.930335076129944e-05,2.3354453595486533e-06,47,0.36404255319148937,0.00027171471232986837,0.8954304840030706,-0.44322596007918924,-0.04189267990840015,0.9276687689155488,-0.3722161920395658,-0.029761746626758036,1.0373551196600577
2018-11-03,0.043055555555555555,0.00010010983049426957,1.9988823367708664e-06,47,0.3295744680851064,0.00030653818548693844,0.8875375797216019,-0.45882680994657987,-0.04189275660739536,0.9210112849372885,-0.3883971601655884,-0.02976338343453373,1.037353471898628
2018-11-03,0.04583333333333333,8.304316007764654e-05,2.2228698584601427e-06,47,0.3006382978723405,0.0002771393445342554,0.8793741225378381,-0.4742848754753749,-0.04189283358899847,0.9140726373586565,-0.40445674330136766,-0.029765020245948216,1.0373518243842428
2018-11-03,0.04861111111111111,0.0001175845451141859,5.879227255709295e-07,36,0.36499999999999994,0.00032229408178656004,0.8699361855611676,-0.49138176079441387,-0.04189269876562308,0.9059901891058015,-0.4222507801165208,-0.029766691704380684,1.0373499838858364
2018-11-03,0.05138888888888889,0.00011757431622631993,5.878715811315996e-07,47,0.3599999999999999,0.00032659532285088866,0.8622408689813138,-0.5047629755408549,-0.04189298725910256,0.8993564112031446,-0.43620166700813495,-0.02976829399082992,1.037348529119432
2018-11-03,0.05416666666666667,0.0001175048055218359,5.875240276091795e-07,47,0.3599999999999999,0.00032640223756065517,0.8532762393542068,-0.5197736339471485,-0.041893063947602976,0.8915832631100362,-0.45187723571728394,-0.02976993084584168,1.0373468813690074
2018-11-03,0.05694444444444444,0.00011750882202254502,5.875441101127251e-07,46,0.3599999999999999,0.00032641339450706943,0.8441514474559775,-0.5344654343038692,-0.041893117481929205,0.883625354816137,-0.467247138110964,-0.02977153427637558,1.0373452514351387
2018-11-03,0.059722222222222225,9.793621942648258e-05,2.6951968237494336e-06,47,0.3061702127659574,0.0003206739344738682,0.8347715684666924,-0.549000352410339,-0.04189321583480527,0.875400623406419,-0.48248036943262196,-0.02977316999940588,1.0373436211357656
2018-11-03,0.0625,9.014583679408666e-05,2.444486541263629e-06,47,0.3338297872340426,0.0002682924707656177,0.8250390051263197,-0.5635207112796197,-0.041893292769658315,0.8668227947615448,-0.4977265347068678,-0.029774806976332037,1.0373419737192573
2018-11-03,0.06527777777777778,0.00010705425252795964,1.3826060306640854e-06,47,0.33638297872340434,0.00032154687273985546,0.815051398014704,-0.5778721001986434,-0.041893369478779544,0.857977244045232,-0.5128239581672461,-0.029776444217317913,1.0373403258983485
2018-11-03,0.06805555555555555,9.983719121767551e-05,2.2226205368031224e-06,47,0.3651063829787235,0.00027246051718863245,0.8048167397067498,-0.5920430344458296,-0.041893446408382135,0.8488710516445963,-0.5277605551338996,-0.029778081277258204,1.0373386784873453
2018-11-03,0.07083333333333333,0.00010086790499698472,1.942016652513126e-06,47,0.32638297872340427,0.0003123142717863589,0.7943331059089253,-0.6060361784401348,-0.041893523112257094,0.8395025072031504,-0.5425391310855715,-0.029779718610782525,1.0373370306719443
2018-11-03,0.07361111111111111,8.224976916530941e-05,2.257551465891392e-06,47,0.3012765957446809,0.0002733925572649811,0.7836087896253351,-0.6198404561619066,-0.04189360007109409,0.8298790229794132,-0.55714798578686,-0.029781355784779223,1.0373353832517875
2018-11-03,0.0763888888888889,0.00011805938588233375,5.902969294116688e-07,35,0.3671428571428571,0.00032176419241526443,0.7712248347368591,-0.635182802994314,-0.041893448955544726,0.8187195173049301,-0.5734207206976231,-0.029783033065842002,1.0373335250810491
2018-11-03,0.07916666666666666,0.00011809059595017734,5.904529797508867e-07,47,0.3602127659574467,0.00032784101125449055,0.7614405933794927,-0.6468795376117016,-0.041893753390659226,0.8098694966804643,-0.5858534579084395,-0.02978463031927463,1.0373320879368513
2018-11-03,0.08194444444444444,0.0001182144094978226,5.91072047489113e-07,47,0.3599999999999999,0.00032837335971617386,0.750004567087073,-0.6601045798410876,-0.041893830349506375,0.7994905381211449,-0.5999397117228948,-0.029786267853019816,1.037330440213891
2018-11-03,0.08472222222222223,0.00011847618566853908,5.923809283426954e-07,47,0.36148936170212753,0.00032778513735381575,0.7383412015002447,-0.6731249294903462,-0.041893907263366295,0.7888687279698532,-0.6138394014260387,-0.02978790506477937,1.0373287928194002
2018-11-03,0.0875,9.846378284531458e-05,2.7586960150232553e-06,46,0.30804347826086953,0.00032104405747423944,0.7265766105009912,-0.6858070611588191,-0.04189396063389928,0.778119479395628,-0.6274094842496744,-0.029789509204322873,1.0373271625578422
2018-11-03,0.09027777777777778,9.10801162069281e-05,2.466291213249858e-06,47,0.3338297872340426,0.0002711226706308213,0.7145967866492174,-0.6982809751865661,-0.04189405928184686,0.7671391883396089,-0.6407885402969828,-0.029791145290307526,1.0373255326459476
2018-11-03,0.09305555555555556,0.00010789986064879555,1.469554964052781e-06,47,0.3414893617021277,0.0003178149064685331,0.702268483294639,-0.7106784496105537,-0.04189413598807086,0.7558051826154022,-0.654118426600778,-0.029792782901589033,1.0373238849339401
2018-11-03,0.09583333333333334,0.00010069861662419688,2.3063753757225917e-06,47,0.36829787234042566,0.0002722817825012482,0.689727005399824,-0.7228565092397973,-0.04189421286819925,0.7442413174489355,-0.6672459470927816,-0.029794420452991705,1.0373222374689726
2018-11-03,0.09861111111111111,0.00010150961329911975,1.8960757765038778e-06,47,0.33425531914893614,0.0003058665340397074,0.6769724742746625,-0.73481503630229,-0.04189428956917298,0.7324477069421077,-0.6801709722669282,-0.029796058140461865,1.0373205897624722
2018-11-03,0.10138888888888889,8.290449785081753e-05,2.1215399630550166e-06,47,0.30212765957446813,0.0002748921346576563,0.6640125762636816,-0.7465468241335702,-0.041894366444052825,0.7204314606735684,-0.6928857104879972,-0.029797695771516152,1.0373189423030105
2018-11-03,0.10416666666666667,0.00012018098513608629,6.009049256804314e-07,35,0.3794285714285714,0.0003170291843457364,0.6491524822661425,-0.7595037389572915,-0.04189421532383353,0.706614723913447,-0.7069707414713187,-0.029799373352755593,1.0373170842729498
2018-11-03,0.10694444444444444,0.00012033542129279783,6.016771064639891e-07,47,0.3768085106382978,0.00031940425542486357,0.6374843241538044,-0.7693234597179951,-0.041894519757382426,0.695738173700284,-0.7176770135473013,-0.02980097115900881,1.0373156470666347
2018-11-03,0.10972222222222222,0.00012056355903642061,6.02817795182103e-07,47,0.3782978723404256,0.00031873261553946896,0.6239253637078734,-0.7803601625463412,-0.041894596699883095,0.6830698755047886,-0.729744715408657,-0.029802609130927853,1.0373139994525777
2018-11-03,0.1125,0.000120854259682989,6.04271298414945e-07,47,0.3770212765957446,0.0003205973463847441,0.6101760467761589,-0.7911573979232447,-0.04189467331224267,0.6701929444798194,-0.7415882442746737,-0.02980424672888896,1.0373123519226988
2018-11-03,0.11527777777777778,0.00010051025664526327,2.826161335426259e-06,46,0.3152173913043478,0.00032036146308226217,0.5963886570238099,-0.8016017724738216,-0.04189472687778111,0.6572504755305519,-0.7530826140929319,-0.029805851201056662,1.037310721865344
2018-11-03,0.11805555555555555,9.328464450396397e-05,2.5679261288247343e-06,47,0.34,0.00027256944350972093,0.5824231677095515,-0.8118054430199353,-0.04189482543678014,0.644111499814608,-0.7643506325501795,-0.029807487762582883,1.0373090918850425
2018-11-03,0.12083333333333333,0.00010947693077823305,1.5669177432167262e-06,47,0.3485106382978723,0.000315698318012084,0.5681293015730884,-0.8218722004483993,-0.041894902126402844,0.6306341715727138,-0.7755075484277569,-0.029809125722958296,1.0373074442819432
2018-11-03,0.12361111111111112,0.0001024380743349347,2.4828977324698142e-06,47,0.3717021276595745,0.0002741348519414249,0.5536621983357193,-0.8316868286026291,-0.041894978970751166,0.616964306304146,-0.7864263240188759,-0.029810763774208014,1.0373057967630257
2018-11-03,0.12638888888888888,0.00010326953543299959,1.8986768477077925e-06,47,0.3395744680851064,0.0003062634100936612,0.5390248576595972,-0.8412472924988853,-0.04189505565512376,0.6031047410622955,-0.797104693252893,-0.029812401821938415,1.0373041491654356
2018-11-03,0.12916666666666668,8.397907859480623e-05,2.183637605111256e-06,47,0.30638297872340436,0.00027442308943641805,0.5242224721762347,-0.8505501734517014,-0.041895132255639574,0.5890603931497519,-0.8075388388490545,-0.029814039856762,1.0373025015705999
2018-11-03,0.13194444444444445,0.00012263161555772483,6.131580777886242e-07,34,0.3914705882352942,0.0003134099154600609,0.5071785841313032,-0.8608221045428281,-0.04189496543766031,0.5728550278331203,-0.8191142409497306,-0.029815723363045506,1.0373006261988773
2018-11-03,0.13472222222222222,0.00012271732128169008,6.135866064084505e-07,47,0.39042553191489365,0.0003143248556317928,0.4941414962729179,-0.8683714451152388,-0.041895285768612484,0.5604353326232376,-0.8276612625959956,-0.02981731620188745,1.03729920647062
2018-11-03,0.1375,0.00012291019673124203,6.145509836562102e-07,47,0.3921276595744682,0.0003134870923472604,0.47887213135496,-0.8768844053792836,-0.041895362681067506,0.5458634073206693,-0.8373434005825634,-0.029818954527243893,1.037297558965476
2018-11-03,0.14027777777777778,0.0001231081019515472,6.155405097577359e-07,47,0.3914893617021278,0.00031454875307076346,0.46345538892387206,-0.885129298264217,-0.04189543927108455,0.5311235214240848,-0.8467694711308934,-0.02982059273030702,1.0372959113816604
2018-11-03,0.14305555555555555,0.00010191516639720975,2.9474785755906577e-06,46,0.3171739130434783,0.00032333383057016123,0.44806411766849513,-0.8930192126405689,-0.04189549275007144,0.5163813812460809,-0.855839298960152,-0.029822197400346785,1.03729428144709
2018-11-03,0.14583333333333334,9.387326166685274e-05,2.6911044489923863e-06,47,0.3421276595744681,0.0002722157284638548,0.43253667883416014,-0.9006424267804333,-0.04189559101106523,0.5014825691603646,-0.8646535559015778,-0.029823834345658433,1.0372926513169713
2018-11-03,0.1486111111111111,0.0001110020015372901,1.6132130435476598e-06,47,0.35106382978723405,0.00031768079977189913,0.4167128909591314,-0.9080721995084263,-0.041895667895522896,0.4862729774241182,-0.8732977914795423,-0.02982547273786173,1.0372910039042151
2018-11-03,0.15138888888888888,0.00010501184654920318,2.4762734642742513e-06,47,0.3780851063829787,0.0002762571876898608,0.40075836847391716,-0.9152253693392624,-0.041895744604133936,0.47091137744802086,-0.881676141232,-0.029827111362954614,1.0372893561685108
2018-11-03,0.15416666666666667,0.00010551150978870076,1.8287943846015007e-06,47,0.34510638297872337,0.00030827367096050544,0.3846851000786132,-0.9220965860088003,-0.04189582137185659,0.4554093173211827,-0.8897823325900925,-0.029828749681947108,1.0372877088426915
2018-11-03,0.15694444444444444,8.555587619117895e-05,2.1192975741397067e-06,47,0.31042553191489364,0.0002760717782826044,0.36849086683785065,-0.9286868227722962,-0.04189589796372893,0.4397646619623182,-0.8976175076426016,-0.029830388241728414,1.0372860611939252
2018-11-03,0.1597222222222222,0.0001245263789699731,6.226318948498655e-07,34,0.39323529411764707,0.0003168032148665328,0.3499226675510912,-0.9358412656253985,-0.041895731125983306,0.42179528516459447,-0.906200190294913,-0.02983207204305268,1.0372841859543707
2018-11-03,0.1625,0.00012467477665648993,6.233738832824497e-07,47,0.39170212765957446,0.00031831867091744356,0.33577094118035494,-0.9410114749212765,-0.04189605142901326,0.4080779394012675,-0.9124595047331876,-0.02983366548182539,1.0372827661114778
2018-11-03,0.16527777777777777,0.00012481126979939404,6.240563489969702e-07,47,0.39319148936170223,0.00031747633422652717,0.3192556626042545,-0.9467420643073929,-0.041896128294802756,0.3920459709399174,-0.9194616964817918,-0.029835304131226585,1.0372811187144415
2018-11-03,0.16805555555555557,0.00012497327927599416,6.248663963799708e-07,47,0.3982978723404253,0.000313795750478488,0.3026401878618385,-0.9521836087162627,-0.04189620487617243,0.3758915136444449,-0.9261832036972489,-0.029836942859284735,1.0372794710767008
2018-11-03,0.17083333333333334,0.00010370053370868803,2.9302590496600086e-06,47,0.3225531914893617,0.0003241736602420081,0.2859345217944479,-0.9573328317897458,-0.04189628173963157,0.35962429795285467,-0.9326199780028409,-0.029838581599950533,1.0372778236859912
2018-11-03,0.1736111111111111,9.274703367903987e-05,2.731408832418022e-06,46,0.3430434782608696,0.00026807358814536403,0.2693171647815766,-0.9621397829096775,-0.04189633512052816,0.3434185544119193,-0.9387082932044096,-0.029840186911138326,1.0372761935052177
2018-11-03,0.1763888888888889,0.00011194360908110894,1.6655975435297048e-06,47,0.3553191489361703,0.0003166629965010138,0.2526227088997222,-0.9666573621494476,-0.04189643362433026,0.32711333481547045,-0.9445138070505101,-0.029841824288298655,1.0372745636811738
2018-11-03,0.17916666666666667,0.00010532779907483227,2.6028477632040575e-06,47,0.38191489361702136,0.00027427667717661524,0.2356689480769535,-0.9709298786907641,-0.0418965103301002,0.3105303120166409,-0.9500948863238112,-0.029843463274088815,1.0372729160544014
2018-11-03,0.18194444444444444,0.00010686068811083183,1.7807627904636884e-06,47,0.34510638297872337,0.00031233238609897383,0.21864554965559238,-0.9749045079439886,-0.04189658704827056,0.2938546178250583,-0.9553840764133551,-0.02984510208877394,1.0372712686746595
2018-11-03,0.18472222222222223,8.522187237952141e-05,2.2256787228858417e-06,47,0.3108510638297873,0.00027424641292116733,0.20155267826479345,-0.978581211474556,-0.04189666374878846,0.27708641679049434,-0.9603813251370291,-0.029846741166306385,1.0372696210534016
2018-11-03,0.1875,0.00012560009860886875,6.280004930443438e-07,32,0.39625,0.00031715293664028585,0.18165804616709993,-0.9824688495617272,-0.041896466481172026,0.25753918405112536,-0.9658067298709776,-0.029848437383035626,1.0372677107810109
2018-11-03,0.19027777777777777,0.0001255991029894279,6.279955149471394e-07,47,0.3999999999999998,0.0003139977574735697,0.16718958488454091,-0.9850341615488521,-0.04189681715697315,0.24330298576726087,-0.96949091458808,-0.029850019227868375,1.0372663260634305
2018-11-03,0.19305555555555556,0.00012561679421619652,6.280839710809827e-07,47,0.3999999999999998,0.00031404198554049127,0.14992990080572072,-0.9878085214903148,-0.04189689386464194,0.22629812973855454,-0.9736005520638529,-0.029851658208431678,1.0372646786947164
2018-11-03,0.19583333333333333,0.00012560968583392906,6.280484291696453e-07,47,0.397872340425532,0.00031573722247199825,0.13262174940940932,-0.9902808265547355,-0.04189697055465544,0.20922141706938743,-0.9774124918735299,-0.029853297456972103,1.037263031084489
2018-11-03,0.1986111111111111,0.00010355822808680411,3.055529526290739e-06,47,0.32127659574468076,0.0003243091424604994,0.11527556123264086,-0.9924495868373557,-0.04189704725707358,0.1920831421668613,-0.9809244360604484,-0.02985493652306895,1.0372613837212898
2018-11-03,0.2013888888888889,9.309801914725264e-05,2.6688104070256028e-06,46,0.3404347826086957,0.0002714107575112434,0.09807680935215056,-0.9942965213808991,-0.04189710058160616,0.1750669431609153,-0.9841037304551252,-0.02985654227466809,1.0372597536633246
2018-11-03,0.20416666666666666,0.00011167471574700998,1.7303927587083942e-06,47,0.35234042553191497,0.00031798767215558785,0.08085038282388095,-0.9958452893464627,-0.04189719899578038,0.1579999575309106,-0.9869875898447574,-0.02985817999589726,1.0372581237709158
2018-11-03,0.20694444444444443,0.00010523201521881956,2.607695429508053e-06,47,0.3797872340425532,0.00027550457407183216,0.06341303905138403,-0.9971075191615205,-0.04189727568500753,0.14070023803730952,-0.9896018564076561,-0.02985981933577979,1.0372564762530845
2018-11-03,0.20972222222222223,0.0001071096102947214,1.773112358948016e-06,47,0.34255319148936164,0.0003149845254878697,0.045957141948223604,-0.998064403216826,-0.04189735236732242,0.12335826904241988,-0.9919128140852875,-0.029861458642602288,1.037254828819432
2018-11-03,0.2125,8.585681025468629e-05,2.1217742173382945e-06,47,0.3087234042553192,0.00027829233731311003,0.028486310934498948,-0.9987157431062327,-0.041897429051294656,0.10597764977269518,-0.9939199832591893,-0.029863098076200165,1.037253181307116
2018-11-03,0.2152777777777778,0.00012568737370471326,6.284368685235663e-07,31,0.3974193548387098,0.0003165151119787289,0.008032108577903381,-0.9990896398242016,-0.0418972174224031,0.08559885649124127,-0.9958819856819341,-0.029864801382226237,1.0372512534720957
2018-11-03,0.21805555555555556,0.00012568460654905416,6.284230327452708e-07,47,0.3955319148936171,0.0003178191927531526,-0.006475301482053139,-0.9991009273637766,-0.04189758240707627,0.07112520194643863,-0.9970201628719231,-0.029866376996924206,1.037249886372185
2018-11-03,0.22083333333333333,0.00012564113651801018,6.282056825900509e-07,47,0.391276595744681,0.000321128283254279,-0.023956241940969104,-0.9988346633197102,-0.04189765892107976,0.05366319047982665,-0.99811230008533,-0.029868016437285906,1.0372482388681459
2018-11-03,0.22361111111111112,0.00012562392347583744,6.281196173791872e-07,47,0.3814893617021275,0.00032932712755580714,-0.04142898382128422,-0.9982626002402182,-0.041897735752354816,0.03618560264295468,-0.9988985963584488,-0.02986965608250197,1.0372465914482885
2018-11-03,0.2263888888888889,0.00010301689575574934,3.144173234410013e-06,47,0.3176595744680851,0.00032524072794304994,-0.058889904186577656,-0.9973848567692558,-0.04189781226110588,0.018696065835641408,-0.9993788885209469,-0.02987129560139713,1.0372449439497675
2018-11-03,0.22916666666666666,9.433505520640001e-05,2.5430675080025755e-06,46,0.34021739130434786,0.00027554016766607043,-0.07614612169447652,-0.9962160092083975,-0.041897865670987876,0.0013881599419573035,-0.9995527413574706,-0.029872901712771075,1.0372433140960413
2018-11-03,0.23194444444444445,0.00011092406346598094,1.7887356029699416e-06,47,0.3506382978723405,0.0003177790514869719,-0.09338154002414659,-0.9947484348349067,-0.041897963867259816,-0.01592218416200985,-0.9994268336966872,-0.029874539971779072,1.0372416840538612
2018-11-03,0.23472222222222222,0.00010594260729073229,2.466255778367459e-06,47,0.38,0.0002773232449798878,-0.11077129949360268,-0.9929623725985105,-0.0418980406705998,-0.033411242875536255,-0.998995046405774,-0.029876179579016893,1.0372400367264025
2018-11-03,0.2375,0.00010645080051597801,1.7590872901365524e-06,47,0.3412765957446809,0.00031400790395102183,-0.12812886209794722,-0.990872112061705,-0.04189811733074545,-0.05089180433479068,-0.9982571513190697,-0.02987781939642703,1.03723838923886
2018-11-03,0.24027777777777778,8.624315149054035e-05,2.0545156827889124e-06,47,0.3091489361702128,0.00027894369806536276,-0.14544633784960623,-0.9884785805200724,-0.04189819398447765,-0.06835590925446151,-0.9972134613958291,-0.02987945918093245,1.037236741835498
2018-11-03,0.24305555555555555,0.00012515368582162478,6.257684291081239e-07,31,0.39903225806451625,0.0003138925430389715,-0.16565483767224606,-0.9852933744926118,-0.04189798249013551,-0.08876594570676995,-0.9956041999606564,-0.029881163020943236,1.0372348139985508
2018-11-03,0.24583333333333332,0.00012509769160119562,6.254884580059781e-07,47,0.399787234042553,0.00031304254542640063,-0.17994326046684977,-0.9827842853378894,-0.04189834728785084,-0.10321680730714394,-0.994209893635493,-0.029882738941093785,1.0372334469556315
2018-11-03,0.24861111111111112,0.00012500729147011189,6.250364573505595e-07,47,0.39340425531914885,0.0003178472484508644,-0.19711326686826164,-0.9794850086171523,-0.041898423822126114,-0.12060405907119481,-0.9922507671097369,-0.02988437895775107,1.0372317993708375
2018-11-03,0.2513888888888889,0.00012493882410292596,6.246941205146298e-07,47,0.3823404255319148,0.00032683135246323723,-0.2142202186527526,-0.9758863732880508,-0.04189850058250079,-0.13795162109554954,-0.9899879676595139,-0.029886018913451735,1.0372301520485363
2018-11-03,0.25416666666666665,0.00010274939049550647,3.1357505481875906e-06,47,0.3176595744680851,0.0003242213800869319,-0.23126399397717828,-0.9719884126511916,-0.0418985770825298,-0.15525936587035816,-0.98742151948937,-0.029887658972193563,1.0372285044961318
2018-11-03,0.2569444444444444,9.468308408113198e-05,2.5468658145937332e-06,46,0.3369565217391305,0.00027916173291204035,-0.24805463604777253,-0.967839553996004,-0.04189863071776093,-0.17233400460815368,-0.984585000217746,-0.029889265664084532,1.0372268746820392
2018-11-03,0.25972222222222224,0.00010962415029732961,1.8927347932678306e-06,47,0.3457446808510639,0.000318361507711469,-0.26477232086819136,-0.9634002878466191,-0.04189872884853232,-0.18935836915301044,-0.9814529748646323,-0.0298909043201357,1.0372252447361334
2018-11-03,0.2625,0.00010655571925242411,2.369908181040622e-06,47,0.37638297872340426,0.00028164863286698165,-0.28158820988452843,-0.9586201386065297,-0.04189880561572701,-0.20650713697337642,-0.9779883630012728,-0.029892544440876506,1.0372235973547927
2018-11-03,0.2652777777777778,0.0001061431230659198,1.7974609511925747e-06,47,0.3391489361702128,0.0003149127430247143,-0.2983187120001024,-0.9535462389145544,-0.041898882115250294,-0.22359348319791517,-0.9742239434562256,-0.029894184518470385,1.0372219498947919
2018-11-03,0.26805555555555555,8.671056351231773e-05,2.008681422708514e-06,47,0.3114893617021277,0.0002780738285161723,-0.3149570513421214,-0.9481806436828817,-0.04189895887719028,-0.2406104905280417,-0.970161239952637,-0.029895824815799235,1.037220302518972
2018-11-03,0.2708333333333333,0.00012437585514024575,6.218792757012287e-07,30,0.3956666666666668,0.0003146209291030062,-0.33448093664467365,-0.9414706576191585,-0.04189873343492571,-0.2606107869305006,-0.9649809091764328,-0.029897536027080725,1.0372183571132603
2018-11-03,0.27361111111111114,0.0001242046965596083,6.210234827980415e-07,47,0.3806382978723404,0.0003263195423096668,-0.3479401921441671,-0.936579995031686,-0.041899112128149264,-0.27441900341092057,-0.9611452824944372,-0.02989910543219689,1.0372170076941947
2018-11-03,0.2763888888888889,0.0001241256261628193,6.206281308140965e-07,47,0.3827659574468084,0.0003243736230773765,-0.3642748849059033,-0.9303484649420422,-0.04189918861716508,-0.29120014315391785,-0.9561947615577822,-0.02990074575313691,1.0372153602452376
2018-11-03,0.2791666666666667,0.0001240366291855168,6.201831459275839e-07,47,0.3814893617021276,0.00032522039478236823,-0.3804972407238129,-0.9238323989572655,-0.04189926536860174,-0.3078912387194187,-0.9509515405201854,-0.029902386227658794,1.0372137128804615
2018-11-03,0.28194444444444444,0.00010228439576741412,3.1257930462888918e-06,47,0.3168085106382979,0.00032511718285249593,-0.39660389592928463,-0.9170331481937019,-0.0418993418523633,-0.3244888259661238,-0.9454167076027844,-0.029904026629165085,1.0372120654370272
2018-11-03,0.2847222222222222,9.340454602144903e-05,2.570378643710307e-06,46,0.33673913043478265,0.0002754707258974704,-0.41241914634234506,-0.9100301579590355,-0.04189939540499658,-0.34081143341200726,-0.9396559050655926,-0.029905633767152707,1.0372104355811609
2018-11-03,0.2875,0.00010938985674221524,1.8104550779758125e-06,47,0.3404255319148936,0.00032404591435144625,-0.42811076402686854,-0.9027544550830195,-0.04189949345865019,-0.357031800848644,-0.9336133290710408,-0.029907272755347814,1.037208805731547
2018-11-03,0.2902777777777778,0.00010598741153424285,2.3264097671331936e-06,47,0.3704255319148935,0.0002850033888526179,-0.44384131492303736,-0.8951253058562024,-0.04189957020339294,-0.3733183832847634,-0.9272210316835711,-0.029908913475826446,1.037207158296339
2018-11-03,0.29305555555555557,0.00010759082071496033,1.758183274603173e-06,47,0.33659574468085107,0.0003231523567942333,-0.4594359652495133,-0.8872220767234981,-0.04189964689220391,-0.3894905715667359,-0.9205446504194343,-0.029910554070073196,1.0372055108638925
2018-11-03,0.29583333333333334,8.665607802848896e-05,2.0613279312530154e-06,47,0.31361702127659574,0.0002757775811264397,-0.47488917979530765,-0.8790475983081355,-0.041899723412437556,-0.4055426413454267,-0.9135865731633438,-0.02991219460743509,1.0372038635156267
2018-11-03,0.2986111111111111,0.00012314472487505432,6.157236243752716e-07,29,0.386551724137931,0.00031882816473985913,-0.49311163394424246,-0.8689564716799693,-0.041899484416138104,-0.42450623706053947,-0.904930722478296,-0.029913913344967864,1.0372019006867608
2018-11-03,0.3013888888888889,0.00012292421584622317,6.146210792311158e-07,47,0.37531914893617024,0.0003276152215799469,-0.5053554891358405,-0.8618933982461292,-0.04189987661097357,-0.43726996021333925,-0.8988326018708155,-0.029915476081197063,1.0372005687459622
2018-11-03,0.30416666666666664,0.00012278911194838098,6.139455597419049e-07,47,0.371063829787234,0.0003310238772279544,-0.5203592410214923,-0.8529189024742581,-0.04189995328927619,-0.45293547183027405,-0.8910412024530752,-0.02991711698785786,1.0371989213245647
2018-11-03,0.30694444444444446,0.00012260668798461918,6.130334399230959e-07,47,0.36531914893617023,0.00033573020734111776,-0.5352029335461405,-0.8436837129081298,-0.04190002979900738,-0.4684614442785003,-0.8829772042130705,-0.02991875773777058,1.0371972739873445
2018-11-03,0.30972222222222223,0.00010112518288697091,3.1256297378393914e-06,47,0.3068085106382979,0.0003317898603157022,-0.5498834889223624,-0.834189744415622,-0.041900106472053014,-0.48384465527760057,-0.8746422807636443,-0.029920398725124392,1.0371956265714701
2018-11-03,0.3125,9.29625457825872e-05,2.3168420136190827e-06,46,0.3310869565217391,0.0002793833531563463,-0.5642415675898194,-0.8245458325757345,-0.04190015973444696,-0.4989176876132859,-0.8661326772148019,-0.0299220060713091,1.0371939967552621
2018-11-03,0.31527777777777777,0.00010765406813374341,1.8516901483178597e-06,47,0.3361702127659575,0.0003232413181490994,-0.5784307338905438,-0.8146546841920633,-0.0419002579320963,-0.5138412974038309,-0.8573632232113472,-0.02992364561676337,1.037192366920528
2018-11-03,0.31805555555555554,0.00010355502672480177,2.385489040614475e-06,47,0.3712765957446809,0.00027750434400116016,-0.5925974266111448,-0.8044082619872711,-0.041900334371776884,-0.5287699603151761,-0.8482374704570549,-0.02992528664697982,1.0371907194314673
2018-11-03,0.32083333333333336,0.00010588737302723376,1.7962680675822726e-06,47,0.3346808510638298,0.00031890415537937214,-0.606580593189027,-0.7939170860465244,-0.04190041109396952,-0.5435344201142664,-0.838853213112896,-0.02992692769427642,1.0371890721894226
2018-11-03,0.3236111111111111,8.536936654693435e-05,2.226545651515291e-06,47,0.3146808510638298,0.0002705234862872949,-0.6203794210343192,-0.7831817944109011,-0.04190048759196058,-0.5581337991333314,-0.8292110364955126,-0.029928568609805695,1.0371874247873052
2018-11-03,0.3263888888888889,0.00012252650680050613,6.126325340025307e-07,28,0.3789285714285713,0.0003236223387794913,-0.636714301890513,-0.7699605626446808,-0.041900235559755555,-0.5754560354791165,-0.8172848516024188,-0.029930295218558493,1.037185444559762
2018-11-03,0.32916666666666666,0.0001224670213793662,6.12335106896831e-07,47,0.36744680851063827,0.00033333924445009215,-0.6474023864386111,-0.7609957203160413,-0.04190064073806834,-0.5868144448485741,-0.8091680243410102,-0.029931850947212704,1.0371841300727784
2018-11-03,0.33194444444444443,0.0001225454629089333,6.127273145446665e-07,47,0.36787234042553196,0.0003332119779605821,-0.660618269378779,-0.7495517540807373,-0.041900717386185365,-0.6008869278107184,-0.7987733633711318,-0.029933492194636556,1.0371824827603688
2018-11-03,0.3347222222222222,0.0001226180846042478,6.13090423021239e-07,47,0.3655319148936169,0.0003355135347771051,-0.6736326365966634,-0.7378776283246544,-0.0419007939043018,-0.6147761139139176,-0.7881333754791677,-0.029935133484169076,1.037180835356279
2018-11-03,0.3375,0.00010076851329451623,3.2166516361866182e-06,47,0.3063829787234042,0.00032941114469151115,-0.6864402061434627,-0.7259780715968823,-0.04190087051831172,-0.6284763641697022,-0.7772523716225908,-0.02993677482779107,1.0371791880241572
2018-11-03,0.3402777777777778,9.359524875026437e-05,2.2033041208894492e-06,46,0.33239130434782616,0.0002802944707240942,-0.6989057484712632,-0.7139853411318181,-0.04190092364978037,-0.6418425093795253,-0.7662518426711249,-0.02993838266339203,1.0371775580830158
2018-11-03,0.34305555555555556,0.00010772010966234162,1.843660885381123e-06,47,0.33617021276595754,0.0003226701476438656,-0.7111602942446489,-0.7017801224265418,-0.041901022145675246,-0.655014523721931,-0.7550228928632143,-0.029940022808860014,1.0371759283463615
2018-11-03,0.3458333333333333,0.00010450207755872422,2.3803415903935664e-06,47,0.3761702127659575,0.00027636956435573597,-0.7233309295372876,-0.6892290361798625,-0.04190109856914672,-0.6681295302990498,-0.7434422825530781,-0.029941664192901292,1.0371742809662952
2018-11-03,0.3486111111111111,0.00010580129047380965,1.8806989156681013e-06,47,0.33765957446808514,0.0003157611639442088,-0.7352795018068584,-0.6764675496540083,-0.04190117525511474,-0.6810391957132128,-0.7316344800128447,-0.029943305739926047,1.0371726336704097
2018-11-03,0.35138888888888886,8.547027780723904e-05,2.175624918577587e-06,47,0.31723404255319154,0.0002686934842436608,-0.7470035335937679,-0.6634983088950813,-0.041901251673331114,-0.6937408387057662,-0.7196019377750359,-0.02994494719036125,1.0371709862958727
2018-11-03,0.3541666666666667,0.0001233487186422084,6.16743593211042e-07,27,0.38555555555555554,0.0003202265513793981,-0.7609138834845757,-0.6474985476371891,-0.041900987197827276,-0.7088583741118387,-0.7047148371398804,-0.029946682060497554,1.0371689885550541
2018-11-03,0.35694444444444445,0.000123445066009239,6.17225330046195e-07,47,0.3910638297872341,0.00031571903338864423,-0.7697613475319047,-0.6369550534570064,-0.041901404767005546,-0.7185020244968902,-0.6948798056491843,-0.029948230245245414,1.0371676916365031
2018-11-03,0.3597222222222222,0.00012349359976358493,6.174679988179246e-07,47,0.3931914893617021,0.0003141582558805542,-0.7807881846987968,-0.623389185411236,-0.04190148144246474,-0.7305540115208733,-0.682197802268809,-0.029949871959104077,1.037166044351675
2018-11-03,0.3625,0.00012360858791425313,6.180429395712657e-07,47,0.3940425531914893,0.0003138269126077757,-0.7915770289858037,-0.6096310905848884,-0.04190155813675194,-0.7423833443262573,-0.6693055183414955,-0.029951513894687556,1.0371643969067814
2018-11-03,0.36527777777777776,0.00010051409630545624,3.415291067426958e-06,47,0.31340425531914895,0.00032377534155066985,-0.8021219294959685,-0.595688394419587,-0.041901634520375895,-0.7539834929027524,-0.6562101042434477,-0.0299531554092171,1.0371627497088987
2018-11-03,0.3680555555555556,9.447182411491967e-05,2.20150363983834e-06,47,0.33297872340425533,0.00028258863223966824,-0.8124222812870073,-0.5815619343545061,-0.041901710922823764,-0.7653537866139676,-0.6429123512916584,-0.029954797149917105,1.0371611023509502
2018-11-03,0.37083333333333335,0.00010619681708568669,2.038646509975723e-06,46,0.33717391304347827,0.00031743971593321065,-0.8223679314426334,-0.5674109863881854,-0.04190176441095121,-0.7763719941127507,-0.6295626581380814,-0.029956405583850862,1.0371594725761215
2018-11-03,0.3736111111111111,0.00010517821641843378,2.373379012311444e-06,47,0.38021276595744674,0.0002752715597789156,-0.8320670609904377,-0.5530900830267559,-0.04190186239526104,-0.7871573088056292,-0.6160242581904065,-0.029958045911551216,1.0371578428146282
2018-11-03,0.3763888888888889,0.00010535379159578776,2.033362587016849e-06,47,0.3431914893617022,0.000308290884848655,-0.8416174572491903,-0.538446174799792,-0.041901939058700426,-0.7978191349908702,-0.6021520114878485,-0.029959687974970773,1.0371561954649173
2018-11-03,0.37916666666666665,8.543395481517229e-05,2.064122061385081e-06,47,0.31957446808510637,0.00026663307731186747,-0.8509097043548091,-0.5236381347231027,-0.04190201544700607,-0.8082360088561606,-0.5880959723589738,-0.029961329800546693,1.0371545481993862
2018-11-03,0.3819444444444444,0.0001238953743623293,6.194768718116466e-07,26,0.40307692307692317,0.0003079852277023718,-0.8619235522234231,-0.5053039030032014,-0.041901739012685464,-0.8206432664552321,-0.5706547497801786,-0.02996307352406439,1.0371525328831719
2018-11-03,0.38472222222222224,0.00012381604317815594,6.190802158907797e-07,47,0.3987234042553192,0.0003107363953587522,-0.868710312784982,-0.49354493284502665,-0.04190216848823977,-0.8283242826182148,-0.5594470526797719,-0.029964613679075307,1.0371512535952072
2018-11-03,0.3875,0.00012384983189878953,6.192491594939476e-07,47,0.3989361702127659,0.0003105985310167851,-0.8772131979612648,-0.47826896948756775,-0.04190224514116997,-0.8379895137523463,-0.5448629170240143,-0.02996625590874197,1.0371496062565586
2018-11-03,0.3902777777777778,0.00012383093573636048,6.191546786818024e-07,47,0.402127659574468,0.00030820244366163216,-0.8854474876861318,-0.4628465641835227,-0.04190232181903106,-0.8473979935738167,-0.5301118425049016,-0.0299678982100531,1.0371479589206773
2018-11-03,0.39305555555555555,0.00010143212009866882,3.3510606356981013e-06,47,0.32319148936170206,0.00031828351506703285,-0.8934102738730596,-0.44728321180874786,-0.0419023981666381,-0.856546393715085,-0.5151990897435588,-0.029969540221551544,1.0371463116689756
2018-11-03,0.3958333333333333,9.349978321373851e-05,2.1616188061818974e-06,47,0.33404255319148934,0.00027890393585427504,-0.9010999054543966,-0.43158213933436146,-0.04190247483924354,-0.8654328155142198,-0.5001277537232206,-0.029971182607567155,1.0371446643386262
2018-11-03,0.39861111111111114,0.00010703352762760909,1.912447090578282e-06,46,0.33673913043478265,0.0003211170675042146,-0.9084359199912267,-0.4159186908766184,-0.041902527956834835,-0.8739634182700036,-0.4850665679199954,-0.029972791196805734,1.0371430346034924
2018-11-03,0.4013888888888889,0.00010459731638028196,2.4495671877877575e-06,47,0.38148936170212766,0.00027269830563091764,-0.9154997466029311,-0.4001304585887091,-0.04190262616541257,-0.8822320062196488,-0.46985978825425695,-0.02997443216006651,1.0371414048569165
2018-11-03,0.4041666666666667,0.0001047320567256122,2.1997959799416804e-06,47,0.3412765957446809,0.00030863478382748026,-0.9223609332602246,-0.38405009089698383,-0.04190270250647217,-0.8903209052233075,-0.4543458161838072,-0.029976074436461723,1.037139757534806
2018-11-03,0.40694444444444444,8.578017254934543e-05,2.028038785155234e-06,47,0.32148936170212766,0.0002660022375467656,-0.9289393824772115,-0.36785293363126814,-0.041902779164713515,-0.8981366396755968,-0.43869341568056547,-0.029977716903494163,1.0371381102968757
2018-11-03,0.4097222222222222,0.00012337307828748972,6.168653914374486e-07,25,0.40080000000000005,0.0003080481944375067,-0.9366653488778212,-0.347709944435487,-0.04190249100304258,-0.9074021981386683,-0.41919265524949983,-0.029979469608165926,1.0371360775082135
2018-11-03,0.4125,0.0001231735175313794,6.15867587656897e-07,47,0.39659574468085085,0.0003106218831089223,-0.9412414272872142,-0.33512493168259966,-0.04190293215350032,-0.9129406888917166,-0.406989481561424,-0.02998100172244415,1.0371348157479066
2018-11-03,0.4152777777777778,0.0001230524377000008,6.15262188500004e-07,47,0.3968085106382977,0.0003101483412404375,-0.9469615035287329,-0.318603277938479,-0.04190300850127486,-0.9199247799668959,-0.3909468509279349,-0.029982644186079658,1.0371331683554528
2018-11-03,0.41805555555555557,0.00012300649190857176,6.150324595428588e-07,47,0.39829787234042535,0.00030891619581213333,-0.9523908158165967,-0.3019865318265641,-0.04190308513177676,-0.9266260185332192,-0.37478682517665846,-0.029984286739470525,1.0371315212100056
2018-11-03,0.42083333333333334,0.00010044638667013243,3.4330377888259785e-06,47,0.31595744680851057,0.00032235172871676707,-0.9575290723493464,-0.285275657329956,-0.04190316146499746,-0.933044034302585,-0.35851035424027544,-0.029985929281395474,1.0371298739020571
2018-11-03,0.4236111111111111,9.138411246763704e-05,2.0821368297479276e-06,47,0.33255319148936174,0.0002738471408887636,-0.9623739942269868,-0.26847795788726886,-0.04190323811208027,-0.9391759878732469,-0.3421245523562334,-0.029987572048397956,1.037128226648167
2018-11-03,0.4263888888888889,0.00010544770266781648,1.9369900489708393e-06,46,0.33282608695652177,0.0003202671834048066,-0.966877553456236,-0.25177750259617987,-0.04190329114656695,-0.9449597364776804,-0.3258093698056352,-0.029989181097314594,1.03712659686807
2018-11-03,0.42916666666666664,0.00010397411364924932,2.427489943099858e-06,47,0.3759574468085107,0.00027510562012272286,-0.9710910071835892,-0.23500289729073565,-0.04190338926772259,-0.9504596660584247,-0.309397759800606,-0.02999082237075408,1.0371249672178375
2018-11-03,0.43194444444444446,0.00010553727784453583,2.168300152980188e-06,47,0.3370212765957447,0.0003158989445161904,-0.975054524636382,-0.21797424975628635,-0.04190346560015523,-0.9557297494531989,-0.2927133376582687,-0.029992465171804344,1.0371233198419314
2018-11-03,0.43472222222222223,8.502597780274294e-05,2.127732532871055e-06,47,0.3246808510638298,0.00026076809760605966,-0.9787189377582008,-0.200881392924608,-0.04190354221457158,-0.9607062622614164,-0.27594171692348796,-0.02999410797167219,1.0371216727130297
2018-11-03,0.4375,0.00012258089133155653,6.129044566577827e-07,25,0.396,0.0003097864072596561,-0.982828492922169,-0.1797005030827743,-0.04190325395641751,-0.9664425516622142,-0.255125542912737,-0.02999586121633733,1.0371196397663156
2018-11-03,0.44027777777777777,0.0001225262056764416,6.126310283822079e-07,47,0.3974468085106381,0.00030832078834755445,-0.9851483166358446,-0.16651388699523406,-0.041903695150905744,-0.9697756057347584,-0.24214753950718393,-0.029997393760113684,1.037118378219295
2018-11-03,0.44305555555555554,0.00012246513943178436,6.123256971589218e-07,47,0.39319148936170223,0.0003115075214532562,-0.987911353791916,-0.1492488893855014,-0.04190377150350641,-0.9738657617948069,-0.22513448381068352,-0.02999903670315813,1.0371167307730507
2018-11-03,0.44583333333333336,0.00012238574208272654,6.119287104136327e-07,46,0.39065217391304347,0.00031332523124262443,-0.9903509334090387,-0.13209503113915202,-0.041903835673987214,-0.9776245068236249,-0.20820731076841478,-0.03000065666696262,1.0371150982384874
2018-11-03,0.4486111111111111,9.969646675108444e-05,3.4956214520877348e-06,47,0.31382978723404253,0.00032091326207779955,-0.9925285287552933,-0.11459136409308913,-0.04190392442406741,-0.9811487684446532,-0.1909108556694529,-0.030002322695045398,1.0371134362959267
2018-11-03,0.4513888888888889,9.042042869730138e-05,1.9807632618013997e-06,47,0.33021276595744686,0.0002728968597633432,-0.9943814027279497,-0.09720946769556228,-0.04190400099203329,-0.9843395333918759,-0.17371080866303876,-0.030003965662846317,1.0371117892650454
2018-11-03,0.45416666666666666,0.00010441871089860721,1.949664870884336e-06,46,0.3319565217391305,0.0003171649728228513,-0.9959153625032232,-0.07997900341463836,-0.04190405401479378,-0.9872003077483686,-0.1566372172695536,-0.030005575274886048,1.037110159363328
2018-11-03,0.45694444444444443,0.00010203550978595841,2.5216398393366743e-06,47,0.377872340425532,0.00026831199543979014,-0.9971505453772076,-0.06272823823273384,-0.041904152325931567,-0.9897644444899896,-0.13952029008895633,-0.030007217080493188,1.0371085298112175
2018-11-03,0.4597222222222222,0.00010370951316257108,2.288110467524848e-06,47,0.3363829787234043,0.0003099517872967299,-0.9980955194437584,-0.04526996448545967,-0.04190422868612867,-0.9920549410636751,-0.12217390151516418,-0.030008860353420763,1.0371068824629397
2018-11-03,0.4625,8.469135609849063e-05,2.2380960528953904e-06,47,0.32595744680851063,0.00025830871154148926,-0.9987348066099637,-0.02779955558797664,-0.041904304968218675,-0.994041271191898,-0.10479179762687943,-0.03001050345000534,1.037105235280253
2018-11-03,0.4652777777777778,0.00012111517741041728,6.055758870520864e-07,25,0.38360000000000005,0.00031602086226330457,-0.9991022289557892,-0.006228119487029139,-0.04190401679110454,-0.9960727408109298,-0.08329681531496358,-0.030012257025876222,1.0371032024913807
2018-11-03,0.46805555555555556,0.00012157452954180487,6.078726477090243e-07,47,0.3793617021276595,0.00032064863932449133,-0.9990959502246246,0.007162308069101163,-0.04190445785209211,-0.9970998759729389,-0.06993575437180932,-0.030013790083823082,1.0371019408417765
2018-11-03,0.4708333333333333,0.00012143897090064501,6.071948545032251e-07,47,0.3755319148936171,0.0003234341018734603,-0.9988176658698812,0.024643058626037117,-0.04190453445387552,-0.9981711834104334,-0.052472491395835485,-0.030015433625531253,1.037100293585988
2018-11-03,0.4736111111111111,0.00012134472329797212,6.067236164898606e-07,47,0.37361702127659574,0.0003248375850130751,-0.9982335882222463,0.0421154003291833,-0.041904610725449855,-0.9989366309524595,-0.034994034425106416,-0.030017076739815792,1.0370986464143788
2018-11-03,0.47638888888888886,0.00010758947882646101,3.384038547640821e-06,36,0.34555555555555556,0.00031140909064177145,-0.9974175563771702,0.0583285064347949,-0.04190469624851678,-0.9993733871673609,-0.018754089723510035,-0.030018613230438612,1.0370971168784
2018-11-03,0.4791666666666667,8.890817003733667e-05,2.0463127774344985e-06,47,0.3238297872340426,0.0002736674052849813,-0.996148843260366,0.07701605571901869,-0.04190476384039909,-0.9995492872542195,-1.028580271837287e-05,-0.03002036381831294,1.0370953520794697
2018-11-03,0.48194444444444445,0.00010262315578154463,2.0003887401975016e-06,46,0.32913043478260867,0.00031401946138421774,-0.9946662377424554,0.09424999641228107,-0.04190481680611536,-0.9993995213371484,0.017299648680826354,-0.030021973729233844,1.0370937223006695
2018-11-03,0.4847222222222222,0.00010200280542248149,2.3986000361477877e-06,47,0.37,0.0002741520248744688,-0.9928855839002023,0.11145490298606475,-0.041904914789569946,-0.9989500353181556,0.03460360421339429,-0.030023615926439783,1.0370920925989222
2018-11-03,0.4875,0.00010320751125532406,2.251124183636348e-06,47,0.3282978723404256,0.00031615363345544766,-0.9907834847427532,0.1288101628720964,-0.04190499137179852,-0.9981913195891072,0.05208237014790563,-0.030025259644728422,1.0370904454411038
2018-11-03,0.49027777777777776,8.49215729452993e-05,2.189974231055507e-06,47,0.32531914893617025,0.0002596286117025392,-0.9883779194917501,0.14612684068287907,-0.04190506763149323,-0.9971267387860486,0.06954604143589513,-0.03002690324518719,1.0370887982046466
2018-11-03,0.4930555555555556,9.315492499289825e-05,4.251097899840924e-06,47,0.3068085106382978,0.0002990710314780939,-0.9856698623711507,0.16339792318785573,-0.04190514420846527,-0.995756724264488,0.08698754188884095,-0.030028547054323132,1.0370871510523691
2018-11-03,0.49583333333333335,0.00012109062565973854,6.054531282986927e-07,47,0.3706382978723405,0.000326721951005413,-0.9826598749221591,0.1806198292434202,-0.041905220462900294,-0.9940815603915759,0.10440325154476207,-0.03003019074749153,1.037085503821453
2018-11-03,0.4986111111111111,0.00012099037071264478,6.049518535632239e-07,47,0.36914893617021277,0.0003277738552864322,-0.9793491761613056,0.1977855839858225,-0.04190529703461385,-0.9921019259269849,0.12178611365745341,-0.030031834645609018,1.0370838566747174
2018-11-03,0.5013888888888889,0.00012093894731506434,6.046947365753217e-07,47,0.37,0.0003268620197704443,-0.9757384525805571,0.21489162814229296,-0.041905373283795296,-0.9898182321956246,0.13913251736484328,-0.030033478400784352,1.0370822094493404
2018-11-03,0.5041666666666667,0.00011548100439355316,2.3093475725024585e-06,29,0.363448275862069,0.0003181080144110146,-0.9724951900659896,0.22912235624287786,-0.04190526420661829,-0.987679398454374,0.15358164300056307,-0.03003472660194678,1.037080834271754
2018-11-03,0.5069444444444444,8.8547253247889e-05,2.112510606057366e-06,47,0.3206382978723404,0.00027496384546330085,-0.9676219132803776,0.2489011044856483,-0.04190552619220702,-0.9843418301908906,0.1736921242027919,-0.030036766243550853,1.0370789150069037
2018-11-03,0.5097222222222222,0.0001007617367144999,2.1413138028478093e-06,46,0.3273913043478261,0.00030912554384659676,-0.9631685457533294,0.2656130171853762,-0.04190557925977891,-0.9811866882835162,0.19071019552068835,-0.0300383764489177,1.0370772854905521
2018-11-03,0.5125,0.00010088562611676615,2.4521315371723476e-06,47,0.3638297872340425,0.0002756294058377528,-0.9584255086143523,0.2822489302911183,-0.041905677262628165,-0.9777365680660275,0.2076747474007869,-0.030040019282376266,1.0370756556242133
2018-11-03,0.5152777777777777,0.00010090659672732104,2.355774637926812e-06,47,0.32957446808510643,0.00030711901234323967,-0.9533408526067706,0.29897345460542685,-0.04190575368958898,-0.973952322525641,0.22475402536971426,-0.0300416631866425,1.037074008656861
2018-11-03,0.5180555555555556,8.451827506086881e-05,2.201023138391457e-06,47,0.3197872340425532,0.00026283074834458024,-0.9479630133702069,0.315610561752491,-0.04190583005207895,-0.9698687112224945,0.24176865526280403,-0.03004330747492836,1.0370723612852404
2018-11-03,0.5208333333333334,9.157844826785754e-05,4.143563582387625e-06,47,0.30127659574468074,0.00030058546213349117,-0.9422962945158246,0.33214693788195127,-0.041905906473781146,-0.965489002875961,0.25870501776555643,-0.030044951464527774,1.037070714323431
2018-11-03,0.5236111111111111,0.00011964234290501343,5.982117145250671e-07,47,0.36787234042553196,0.0003252695956329736,-0.936339630598302,0.34858569215330976,-0.04190598283101346,-0.9608123748978754,0.2755662938785093,-0.030046595833265678,1.0370690669573541
2018-11-03,0.5263888888888889,0.00011944040642500874,5.972020321250437e-07,47,0.36893617021276603,0.0003237858367441213,-0.9300977884334981,0.3649136694472602,-0.041906059247458285,-0.9558425706908343,0.29233898702287,-0.03004823990818074,1.0370674200010879
2018-11-03,0.5291666666666667,0.00011923727081220834,5.961863540610417e-07,47,0.37404255319148927,0.00031892623405788107,-0.9235695944458573,0.38113393973016463,-0.04190613559943078,-0.9505786568201541,0.30902624750553465,-0.03004988436982323,1.0370657726405565
2018-11-03,0.5319444444444444,0.00011916161060129971,5.958080530064986e-07,24,0.3820833333333334,0.00031200702004139237,-0.9184524916017747,0.39330512923297783,-0.041905798996351815,-0.9464106461847569,0.32156466786892324,-0.030050843024781636,1.0370645286860656
2018-11-03,0.5347222222222222,8.73569122629786e-05,2.076116167079124e-06,47,0.3172340425531915,0.00027417531317181436,-0.9096685432637311,0.4132154454912758,-0.041906288357329444,-0.939180103783862,0.3421074969288095,-0.030053172904684948,1.037062478334847
2018-11-03,0.5375,0.00010135804488465086,1.947012856371781e-06,47,0.3257446808510639,0.0003134226318434061,-0.9022997098947169,0.4290676987745918,-0.0419063645784985,-0.9330487838048404,0.35849222447561496,-0.03005481709865626,1.0370608313082614
2018-11-03,0.5402777777777777,9.956747758265751e-05,2.3881895437854453e-06,46,0.3610869565217391,0.00027424229842198705,-0.8947363130544833,0.4446243158545796,-0.04190641779628285,-0.9267004672215654,0.3745969236118979,-0.030056428128342447,1.0370592015692313
2018-11-03,0.5430555555555555,0.00010041625657338624,2.277588909477177e-06,47,0.3297872340425532,0.00030558111030129623,-0.8869056606476902,0.46004585971973944,-0.041906515791819095,-0.9200749950904332,0.3905873983710545,-0.030058071180138778,1.0370575720240536
2018-11-03,0.5458333333333333,8.436527408481952e-05,2.231363918606464e-06,47,0.3180851063829787,0.0002636577327455222,-0.8787201471285739,0.47549420664213327,-0.0419065923227565,-0.9130974229448195,0.4066319093381777,-0.03005971589216331,1.0370559248429134
2018-11-03,0.5486111111111112,8.900133599746796e-05,4.118250291548692e-06,47,0.301063829787234,0.00029173961967984374,-0.8702664256572386,0.4907954558598467,-0.041906668694841796,-0.9058408187890069,0.42255026402640206,-0.03006136036308803,1.037054277827359
2018-11-03,0.5513888888888889,0.00011774316366854001,5.887158183427001e-07,47,0.3665957446808511,0.0003212348989748076,-0.8615449758148932,0.5059486924259172,-0.04190674504921309,-0.8983055920993109,0.43834150947311146,-0.030063005104955087,1.0370526305703538
2018-11-03,0.5541666666666667,0.00011759152092717696,5.879576046358848e-07,47,0.3695744680851064,0.0003181905516390592,-0.8525610535259154,0.5209447843385951,-0.04190682141603958,-0.8904962854507981,0.4539961260172732,-0.03006464966765917,1.0370509835603454
2018-11-03,0.5569444444444445,0.000117487845758445,5.87439228792225e-07,47,0.3727659574468084,0.00031530298454000876,-0.8433147456594682,0.5357835866028443,-0.04190689776515171,-0.8824129758805389,0.4695139592520874,-0.03006629450199472,1.037049336308892
2018-11-03,0.5597222222222222,0.00011739738674091571,5.869869337045786e-07,25,0.3832000000000001,0.0003064667255008731,-0.8360579899201858,0.5470382770702907,-0.041906573596350825,-0.8760387865550902,0.48130240302838745,-0.03006727939446419,1.0370480746406223
2018-11-03,0.5625,8.499929609593753e-05,2.062523911026992e-06,47,0.3127659574468085,0.00027053673203021264,-0.8240517816144382,0.5649623530279939,-0.04190705047056845,-0.8654390544907493,0.5001110507494418,-0.030069583975291764,1.0370460420585235
2018-11-03,0.5652777777777778,9.969979923697865e-05,1.8983332530735008e-06,47,0.32425531914893624,0.00030964083917771237,-0.8140405980207494,0.5792941372994337,-0.041907126655566125,-0.8565532756788817,0.5151817224383126,-0.03007122859596909,1.037044394978202
2018-11-03,0.5680555555555555,9.709445531382838e-05,2.547285603567046e-06,46,0.3582608695652174,0.0002692041785221539,-0.8038902592404114,0.5932994516930725,-0.0419071798035103,-0.8475034318828027,0.5299373144496009,-0.03007283991937719,1.0370427653621157
2018-11-03,0.5708333333333333,0.00010036386766689714,2.2002492821324535e-06,47,0.3291489361702128,0.00030697778887310356,-0.7934989894234906,0.6071269503635662,-0.04190727772278841,-0.838199423029975,0.5445339775231555,-0.03007448345406385,1.0370411357487548
2018-11-03,0.5736111111111111,8.374239749051094e-05,2.4481600262163603e-06,47,0.31978723404255316,0.00025983010522229367,-0.7827547372992378,0.6209177038042719,-0.0419073542237126,-0.8285403029812246,0.5591210895944151,-0.03007612851639163,1.0370394886766958
2018-11-03,0.5763888888888888,8.894304739510819e-05,3.9129301610431715e-06,47,0.30127659574468096,0.0002918574080686226,-0.7717702871335967,0.6345190234932484,-0.04190743040201895,-0.8186268562827008,0.5735376166534956,-0.030077773456997005,1.0370378415260066
2018-11-03,0.5791666666666667,0.00011725205658010656,5.862602829005328e-07,47,0.36936170212765956,0.0003174599010251799,-0.7605500876082089,0.6479254008794271,-0.04190750689768535,-0.8084630998263486,0.5877777171652032,-0.030079418598669926,1.0370361944594964
2018-11-03,0.5819444444444445,0.0001173649705066879,5.868248525334395e-07,47,0.36978723404255315,0.0003174585595191082,-0.7490958934720603,0.6611347040123325,-0.04190758324958733,-0.7980506224239347,0.601839126051871,-0.030081063842400918,1.037034547232951
2018-11-03,0.5847222222222223,0.00011749794475704263,5.874897237852132e-07,47,0.377659574468085,0.0003111600397246086,-0.7374140587080448,0.6741396399039564,-0.04190765956113638,-0.7873952049493528,0.6157140747538571,-0.030082708866862828,1.0370329002533942
2018-11-03,0.5875,9.458125056326735e-05,2.1272425564474163e-06,88,0.29829545454545453,0.00032107713130435786,-0.7261461118678331,0.686262811292093,-0.04189484522828247,-0.7776780418563022,0.6279555772902274,-0.029810336540278207,1.0373069792555631
2018-11-03,0.5902777777777778,8.886933809795787e-05,1.7661036344123926e-06,94,0.32744680851063823,0.00027004324419185513,-0.7144655771952289,0.6984152246525027,-0.04189406851432279,-0.7670145906999206,0.6409376391683262,-0.029791951107063827,1.037325559410033
2018-11-03,0.5930555555555556,0.00010254431339361188,1.2921829259803067e-06,94,0.3409574468085106,0.00030329468254365464,-0.7021355594539549,0.7108097753456426,-0.04189414545445377,-0.7556785646220339,0.6542646628356132,-0.029793588830216575,1.0373239117814703
2018-11-03,0.5958333333333333,0.00010004730280178675,1.6663485004087836e-06,93,0.3606451612903226,0.00027690353228424034,-0.6896699630799931,0.7229109420051913,-0.04189405631360976,-0.7441915955956093,0.6673015086293504,-0.0297920396390394,1.0373254551991333
2018-11-03,0.5986111111111111,9.732507386104375e-05,1.9147315599466752e-06,94,0.3364893617021276,0.0002893664968216114,-0.6769715267892364,0.7348159093619704,-0.0418942867846064,-0.7324424317549258,0.6801766189066268,-0.029796833014269473,1.037320634096698
2018-11-03,0.6013888888888889,8.907603423360369e-05,1.764115779437989e-06,93,0.3235483870967742,0.00027541480036934646,-0.6640689936051142,0.7464966323597964,-0.041894505699124236,-0.7204718258631521,0.692843569186056,-0.029801623696415862,1.0373158131856806
2018-11-03,0.6041666666666666,0.00011730522932019414,5.865261466009707e-07,47,0.3725531914893617,0.0003149698291476099,-0.6521706026503337,0.756914473197108,-0.04188060772535511,-0.7101316697557146,0.7034503665505704,-0.029505819931477134,1.037613307523731
2018-11-03,0.6069444444444444,0.000117477013055234,5.8738506527617e-07,47,0.3717021276595746,0.0003160841221439328,-0.6388251969742517,0.7682111532293346,-0.04188068486622902,-0.6977089954222937,0.7157733356933114,-0.029507450199633273,1.0376116592512927
2018-11-03,0.6097222222222223,0.00011766060634358151,5.883030317179076e-07,47,0.3719148936170213,0.0003163987809486965,-0.6252875194129082,0.7792698632833838,-0.041880762227404236,-0.6850756607261048,0.7278739954569499,-0.029509080267384247,1.0376100113888482
2018-11-03,0.6125,0.00011782638312446242,5.891319156223121e-07,47,0.3708510638297872,0.0003177364493339167,-0.6115557079454338,0.7900921537239683,-0.04188083933233105,-0.672229932770815,0.7397540371312965,-0.029510710511502374,1.037608363203327
2018-11-03,0.6152777777777778,0.00010310411446489734,1.7578354873688183e-06,47,0.3261702127659574,0.0003201053736949891,-0.5976387021006637,0.800670950244988,-0.04188091671897921,-0.6591801744547291,0.7514056955788732,-0.02951234076556525,1.0376067152648945
2018-11-03,0.6180555555555556,9.398028784978366e-05,2.6800357838705708e-06,47,0.35234042553191486,0.0002648412462610707,-0.5835366366179793,0.8110061504583903,-0.04188099381866777,-0.6459265146454763,0.7628288557652398,-0.029513971095771262,1.0376050670848378
2018-11-03,0.6208333333333333,0.00010626453845706137,1.7449011067885265e-06,47,0.35936170212765967,0.00029834902032015756,-0.569258009785813,0.8210915260613942,-0.04188107120007737,-0.632476942926989,0.774016631564285,-0.02951560142718029,1.03760341915187
2018-11-03,0.6236111111111111,0.00010268882014094496,2.372495988985165e-06,47,0.36531914893617035,0.000282765522556503,-0.5548029598111198,0.8309269794647136,-0.04188114829453234,-0.6188315920666653,0.784968912559151,-0.029517231847522075,1.0376017709772756
2018-11-03,0.6263888888888889,9.53548305454214e-05,3.1604657007929932e-06,47,0.3461702127659574,0.0002738744440939265,-0.540180197752405,0.8405065834914635,-0.04188122567070086,-0.6049986878405067,0.7956790964211725,-0.029518862268919813,1.0376001230497702
2018-11-03,0.6291666666666667,9.480650053764772e-05,2.0356443486025386e-06,46,0.32391304347826094,0.0002962983475925519,-0.5255474056318924,0.8497328302843812,-0.04188127947522862,-0.5911278550034953,0.8060374690437998,-0.029520459624337553,1.0375984923413273
2018-11-03,0.6319444444444444,0.00011906877253722507,5.953438626861254e-07,47,0.3825531914893616,0.0003112964367705379,-0.5107602344110758,0.8587024706355791,-0.04188137854339775,-0.5770827308284409,0.8161519270758597,-0.029522088509280366,1.037596861982623
2018-11-03,0.6347222222222222,0.00011923463534798855,5.961731767399428e-07,47,0.38021276595744674,0.00031360413837575057,-0.49565600522066683,0.8675085406834321,-0.04188145568139227,-0.5627083319727791,0.8261281275557075,-0.02952371910368436,1.0375952138189062
2018-11-03,0.6375,0.0001194025943721096,5.97012971860548e-07,47,0.3751063829787234,0.0003183741252864039,-0.4804022076652717,0.8760477475930197,-0.04188153301312951,-0.5481636213005192,0.8358498058915587,-0.029525349680312046,1.037593565895759
2018-11-03,0.6402777777777777,0.00011950888023286577,5.975444011643289e-07,47,0.37063829787234037,0.00032245410981603806,-0.46499881168539253,0.8843200980777729,-0.04188161012772823,-0.5334485740660294,0.8453169679212681,-0.029526980396136823,1.037591917705743
2018-11-03,0.6430555555555556,0.00010361557041661596,1.871201236915364e-06,47,0.3314893617021277,0.00031605536377987497,-0.4494556335429855,0.8923203223809997,-0.041881687434275304,-0.5185725708795835,0.8545235806351282,-0.02952861103842521,1.0375902697945787
2018-11-03,0.6458333333333334,9.224878623860177e-05,2.8970482946249414e-06,47,0.3565957446808511,0.00025639664813641725,-0.43377330649889584,0.9000481300296704,-0.04188176451760897,-0.5035362235148987,0.8634693025424681,-0.02953024170537145,1.0375886217232464
2018-11-03,0.6486111111111111,0.00010822537129754702,1.6851917995827294e-06,47,0.3627659574468085,0.0003015151996902169,-0.41795894660550975,0.9074999891319927,-0.0418818418631019,-0.4883463557832194,0.8721500474674859,-0.029531872539875267,1.0375869737360983
2018-11-03,0.6513888888888889,0.00010217276492858351,2.5579143017238813e-06,47,0.37148936170212776,0.00027673640694575317,-0.4020150419757696,0.9146747022233218,-0.041881918985378505,-0.47300535851202574,0.8805644229669031,-0.029533503413496386,1.0375853255887837
2018-11-03,0.6541666666666667,9.650550838494755e-05,3.189878294044699e-06,47,0.3512765957446808,0.00027279304760204575,-0.38595042258796036,0.9215683206858054,-0.04188199628144948,-0.45752173275351016,0.8887077921936587,-0.029535134204847654,1.037583677688553
2018-11-03,0.6569444444444444,9.428873596514187e-05,2.125426271401477e-06,46,0.3258695652173913,0.00029297754313122726,-0.3699382543888921,0.9281118369167957,-0.04188205002898783,-0.442062802887857,0.8964976630051034,-0.029536731865931812,1.0375820471027148
2018-11-03,0.6597222222222222,0.0001202733791518293,6.013668957591465e-07,47,0.3857446808510637,0.0003118809483217531,-0.3538167487484778,0.9343765803462233,-0.04188214900831017,-0.426472785688162,0.9040179468768382,-0.029538361362220027,1.0375804166753804
2018-11-03,0.6625,0.00012036379019870261,6.01818950993513e-07,47,0.38042553191489353,0.0003164013092908904,-0.3374131777132416,0.9404244927902881,-0.041882226129729506,-0.4105842568270219,0.9113440387192734,-0.029539992157172165,1.0375787686203937
2018-11-03,0.6652777777777777,0.00012046634772704603,6.023317386352302e-07,47,0.3806382978723404,0.00031651653528834303,-0.32090711201092864,0.9461841776959857,-0.04188230340581285,-0.39457071063829,0.9183905742139052,-0.029541623202662393,1.0375771206495914
2018-11-03,0.6680555555555555,0.0001205423188696532,6.027115943482661e-07,47,0.3823404255319149,0.0003153877800519758,-0.30430197405329895,0.9516544408497637,-0.04188238052199555,-0.37843548665762594,0.9251560833534717,-0.029543254259981527,1.0375754726000739
2018-11-03,0.6708333333333333,0.00010390158449770652,1.925489508751298e-06,47,0.33,0.00031832662799069115,-0.28760448900555097,0.9568330667535938,-0.04188245779283756,-0.36218512286351595,0.93163782476039,-0.029544885379174324,1.037573824634741
2018-11-03,0.6736111111111112,9.213927222045254e-05,2.911898231632579e-06,47,0.3589361702127661,0.00025434347689313645,-0.270818118931979,0.9617189816823717,-0.04188253490378055,-0.34582299176473297,0.9378344532638443,-0.0295465165154121,1.0375721765906885
2018-11-03,0.6763888888888889,0.00010869600160104485,1.6624418999630854e-06,47,0.361063829787234,0.0003041478271448613,-0.2539496624730888,0.9663102067802415,-0.04188261216938609,-0.3293557233607753,0.9437434579669457,-0.029548147726927758,1.037570528630824
2018-11-03,0.6791666666666667,0.00010238888106764637,2.5681450492328166e-06,47,0.3706382978723405,0.0002766902857932283,-0.2370026171587903,0.9706057901120156,-0.041882689275087696,-0.31278673515995925,0.9493636125700192,-0.02954977894969454,1.0375688805922465
2018-11-03,0.6819444444444445,9.675651317760926e-05,3.059157983728751e-06,47,0.353404255319149,0.00027195942294147807,-0.21998384659650552,0.9746039919392603,-0.04188276653545362,-0.2961227408863246,0.9546926397969075,-0.029551410246935875,1.037567232637852
2018-11-03,0.6847222222222222,9.370340440748307e-05,2.1676601635653255e-06,47,0.3263829787234042,0.0002899194558058289,-0.2028968795424881,0.9783039832694593,-0.0418828436359151,-0.279367198949469,0.9597294336873402,-0.029553041557597144,1.037565584604745
2018-11-03,0.6875,0.00012094182639002761,6.04709131950138e-07,46,0.39065217391304363,0.0003096096271986745,-0.18593135000666833,0.9816696776263705,-0.04188289762702124,-0.26270646054902763,0.9644230601020698,-0.02955463972308979,1.0375639541849508
2018-11-03,0.6902777777777778,0.00012098505653305564,6.049252826652782e-07,47,0.3900000000000001,0.0003102180936745017,-0.16890972947575125,0.984741244143405,-0.04188299620761754,-0.24596658368954075,0.9688275732267989,-0.02955626944605504,1.0375623237324316
2018-11-03,0.6930555555555555,0.00012102310543245706,6.051155271622853e-07,47,0.38489361702127645,0.00031448600262114565,-0.1516532036069753,0.9875460060134638,-0.04188307346168673,-0.2289713345289032,0.9729843053518474,-0.029557900856386755,1.037560675707472
2018-11-03,0.6958333333333333,0.00012104842684962087,6.052421342481044e-07,47,0.38042553191489353,0.00031820095110561634,-0.13435109902906,0.9900482735149286,-0.04188315054759817,-0.21190676386654586,0.9768427496179322,-0.02955953224403204,1.0375590277666966
2018-11-03,0.6986111111111111,0.00010336361010581916,2.049050220566306e-06,47,0.3280851063829788,0.00031902907695023543,-0.11700700340825955,0.9922475277786144,-0.04188322779642706,-0.1947764277207977,0.9804021015863966,-0.029561163869201327,1.0375573797472093
2018-11-03,0.7013888888888888,9.297007316203512e-05,2.8501831256000055e-06,47,0.35148936170212774,0.0002622254114837761,-0.09962794100178804,0.9941428781338808,-0.04188330487709882,-0.17758726708374284,0.9836609190673613,-0.0295627953563539,1.0375557318119057
2018-11-03,0.7041666666666667,0.00010886099201521375,1.5942336458767277e-06,47,0.35808510638297875,0.0003067477941684851,-0.08221665429977182,0.9957340026717657,-0.04188338189563823,-0.16034199604851712,0.9866186644091705,-0.029564426979768813,1.0375540837164423
2018-11-03,0.7069444444444445,0.00010328047424782856,2.5610729785084908e-06,47,0.36914893617021277,0.00027973813469823946,-0.06478277777672203,0.9970200437048892,-0.041883459196118446,-0.14305016231787743,0.9892737231111953,-0.029566058623749312,1.0375524358680586
2018-11-03,0.7097222222222223,9.784835942974775e-05,3.0102980167496087e-06,47,0.3506382978723405,0.00027723401940066354,-0.0473273432294644,0.9980009478745915,-0.041883536434468946,-0.1257127944477702,0.9916259602265849,-0.029567690421069746,1.0375507878595156
2018-11-03,0.7125,9.276950822225502e-05,2.064051133931943e-06,47,0.32127659574468087,0.000291309128971637,-0.029858281143209757,0.9986762468222449,-0.04188361350465937,-0.10833777083732976,0.9936742839594179,-0.02956932207096122,1.0375491399351566
2018-11-03,0.7152777777777778,0.00012148620814919685,6.074310407459843e-07,45,0.39488888888888896,0.00030784447558948716,-0.012379732176942496,0.9990457959444251,-0.041883646414768376,-0.09092921435606244,0.9954182229169248,-0.02957092256762707,1.0375474919809458
2018-11-03,0.7180555555555556,0.00012154188848763673,6.077094424381837e-07,47,0.3897872340425533,0.0003118205043025553,0.0047312427426901595,0.999111287829007,-0.04188376624388907,-0.07386344033397213,0.9968298031288542,-0.029572551058703333,1.0375458790354195
2018-11-03,0.7208333333333333,0.00012162424058931652,6.081212029465826e-07,47,0.38361702127659575,0.00031709539173758257,0.0222117629444364,0.998875558437202,-0.04188384346819284,-0.056405286982164425,0.9979698448885496,-0.029574182889539984,1.0375442311192105
2018-11-03,0.7236111111111111,0.0001217325201942131,6.086626009710655e-07,47,0.38531914893617025,0.0003160391816852624,0.039686346079861184,0.9983339777528029,-0.041883920531580056,-0.038928996667231534,0.998804187218677,-0.0295758146619933,1.03754258312429
2018-11-03,0.7263888888888889,0.00010353516561331187,2.1971102226144497e-06,47,0.32765957446808514,0.0003198370920984515,0.05714910525668738,0.9974866969121642,-0.041883997560170486,-0.02144043980071841,0.9993325183306606,-0.029577446611425116,1.0375409351011597
2018-11-03,0.7291666666666666,9.40647190514776e-05,2.912835457491625e-06,47,0.3521276595744681,0.0002646457066905468,0.07459325362317933,0.9963340658590218,-0.041884074810581456,-0.003946430388057683,0.9995546527295313,-0.02957907865262885,1.0375392871858335
2018-11-03,0.7319444444444444,0.00010973838726406805,1.5077607457699153e-06,47,0.35765957446808516,0.0003094088399450652,0.09201534705807213,0.9948763208221929,-0.04188415181282416,0.013549573569049438,0.9994705551512572,-0.029580710636065412,1.037537639199128
2018-11-03,0.7347222222222223,0.00010411179470301666,2.542168585371063e-06,47,0.36978723404255315,0.0002812601891444132,0.10940840727035994,0.9931140477171604,-0.041884229077309564,0.03104056062620288,0.9990802613363489,-0.02958234277578229,1.0375359912966056
2018-11-03,0.7375,9.886251406468533e-05,2.888872137322821e-06,47,0.3512765957446809,0.00028025638786718606,0.12676882781087936,0.9910476119743838,-0.041884306074311047,0.048522900596846406,0.998383852308518,-0.02958397483895362,1.0375343433153752
2018-11-03,0.7402777777777778,9.318447347430903e-05,2.0779278032866023e-06,47,0.3193617021276596,0.00029449565802238667,0.1440895777472943,0.9886778504737396,-0.041884383333557006,0.06598950986557836,0.9973816102385528,-0.029585607069188717,1.0375326954183282
2018-11-03,0.7430555555555556,0.00012246136552801273,6.123068276400637e-07,45,0.38466666666666666,0.0003185194298981807,0.1613662890164855,0.9860053835928612,-0.04188441589592472,0.08343597823538791,0.9960738098532765,-0.029587207713514117,1.0375310475167698
2018-11-03,0.7458333333333333,0.00012256485701264106,6.128242850632053e-07,47,0.38191489361702113,0.00032095515136460444,0.17822872398940592,0.9830972523587351,-0.04188453592692449,0.10048765922945453,0.994498230806768,-0.029588836827312157,1.0375294345726396
2018-11-03,0.7486111111111111,0.00012265355554972796,6.132677777486398e-07,47,0.38021276595744674,0.0003225963090956785,0.19540249050954292,0.9798283247100363,-0.04188461290965386,0.11787829993245526,0.9925870795805912,-0.02959046898423925,1.0375277866837476
2018-11-03,0.7513888888888889,0.00012270260745513383,6.135130372756692e-07,47,0.3882978723404256,0.00031610199044968207,0.212517276529817,0.976259227821359,-0.041884690162317516,0.13523367423064261,0.9903717286407041,-0.02959210136681989,1.0375261387161487
2018-11-03,0.7541666666666667,0.00010446016993610441,2.2236024367917002e-06,47,0.32489361702127667,0.00032601526027144364,0.22956615056531637,0.9723914071999333,-0.04188476713980817,0.15254675953610994,0.9878530746476009,-0.029593733531170473,1.0375244908327332
2018-11-03,0.7569444444444444,9.435653037441252e-05,2.93898207380063e-06,47,0.35319148936170214,0.00026452255057960177,0.24654557756526907,0.9682256648083986,-0.041884844387231154,0.1698139710736317,0.9850316388495093,-0.02959536608412931,1.0375228428706111
2018-11-03,0.7597222222222222,0.00011110471505634282,1.4368632440672223e-06,47,0.3602127659574468,0.00031109533190001523,0.263448680865928,0.9637636877952566,-0.04188492135947958,0.1870283034082404,0.9819085657073181,-0.029596998409171814,1.037521194992672
2018-11-03,0.7625,0.00010409222979095894,2.5744461112258147e-06,47,0.36808510638297864,0.0002830805548425523,0.28027195564692003,0.9590064013185677,-0.04188499860166125,0.2041861838669842,0.9784845033816082,-0.029598631047494973,1.0375195470360266
2018-11-03,0.7652777777777777,0.00010157185995615129,2.840570672821507e-06,47,0.34340425531914903,0.00029747527702059007,0.29700858847440137,0.9539557321055577,-0.04188507556866795,0.22128066015463585,0.9747608393059846,-0.02960026346202124,1.0375178991635652
2018-11-03,0.7680555555555556,9.351283428385646e-05,1.9679535326001707e-06,47,0.3129787234042553,0.0003017858261560001,0.3136551090557073,0.9486127273749299,-0.04188515280560814,0.2383081844991692,0.970738346282423,-0.029601896182112886,1.0375162512123972
2018-11-03,0.7708333333333334,0.00012299696445837091,6.149848222918546e-07,44,0.38249999999999995,0.00032165450510628557,0.33038132590373986,0.9429177124716365,-0.04188516445405215,0.25544285426126667,0.9663708299789057,-0.029603499332651845,1.037514585712672
2018-11-03,0.7736111111111111,0.00012302341064825552,6.151170532412776e-07,47,0.3799999999999999,0.0003237458174954092,0.34630567081118574,0.9371862160573368,-0.04188530525310495,0.2717803648537744,0.9619038256251469,-0.029605126712384196,1.037512990420777
2018-11-03,0.7763888888888889,0.00012310058089923118,6.155029044961559e-07,47,0.37255319148936183,0.0003304683597402016,0.36264960664649776,0.9309838223931489,-0.041885382192143876,0.28857345715658633,0.9569998953155593,-0.02960675920637827,1.0375113426406568
2018-11-03,0.7791666666666667,0.0001231630819311141,6.158154096555706e-07,47,0.3706382978723405,0.0003323144860105385,0.37888492258549816,0.9244954427822779,-0.04188545943619495,0.3052806210784514,0.9518020201207475,-0.029608392189024477,1.0375096946189442
2018-11-03,0.7819444444444444,0.00010481469878286639,2.3417273500969208e-06,47,0.3212765957446809,0.00032919591436037795,0.3950018347259371,0.9177249873497731,-0.04188553636999378,0.3218917733380558,0.9463133374828016,-0.029610024644417365,1.0375080468443025
2018-11-03,0.7847222222222222,9.337371981556019e-05,2.973754434830145e-06,47,0.3561702127659575,0.00025950962446056886,0.4110001870881451,0.9106725215938624,-0.04188561360880398,0.33840676811144726,0.94053389573525,-0.02961165766111392,1.0375063988280688
2018-11-03,0.7875,0.00011151807613295711,1.3822499557202797e-06,47,0.355531914893617,0.0003162177100646042,0.42687033856509865,0.9033422955787725,-0.041885690537360666,0.3548156488745802,0.9344671788512449,-0.029613290318809257,1.0375047510589062
2018-11-03,0.7902777777777777,0.00010373954521394431,2.611879916945642e-06,47,0.365531914893617,0.0002840869743531211,0.4426121355822811,0.8957343802118641,-0.04188576777092854,0.3711182481796999,0.9281132485723493,-0.029614923476369473,1.0375031030481527
2018-11-03,0.7930555555555555,0.00010254620613550202,2.7447801185773695e-06,47,0.3395744680851063,0.00030231257422053094,0.4582168594522825,0.8878529640178102,-0.04188584484615467,0.3873055355140217,0.9214756001906211,-0.029616556409064923,1.0375014552030262
2018-11-03,0.7958333333333333,9.25663168648116e-05,2.047559998599429e-06,47,0.30957446808510636,0.00030220571622368236,0.47368205570847366,0.8796993120632133,-0.04188592192256958,0.4033749596537172,0.9145553043844081,-0.02961818945689785,1.0374998072791959
2018-11-03,0.7986111111111112,0.00012380467926401104,6.190233963200552e-07,45,0.37311111111111117,0.00033197986663345883,0.4893260474418256,0.8710944759192486,-0.04188595609425639,0.41965814900020454,0.9071988226972669,-0.02961982569859172,1.0374981243520423
2018-11-03,0.8013888888888889,0.0001238362653233272,6.191813266166359e-07,46,0.37,0.0003346926089819654,0.5040112631212482,0.8626808246571912,-0.041886052758792376,0.4349697438783431,0.8999577174795039,-0.029621422307006158,1.0374965290579907
2018-11-03,0.8041666666666667,0.00012388783160561324,6.194391580280662e-07,47,0.37,0.00033483197731246816,0.5188697504417092,0.8538265235871081,-0.04188615159825649,0.45048876110429364,0.8922905080666145,-0.02962305407856667,1.037494898707452
2018-11-03,0.8069444444444445,0.00012394189941906212,6.197094970953106e-07,47,0.37,0.0003349781065380057,0.5337295474027718,0.8446172589272714,-0.041886228660682624,0.4660369068837254,0.8842691780952601,-0.029624687221693997,1.0374932508759687
2018-11-03,0.8097222222222222,0.00010565842628589296,2.374799099481084e-06,47,0.3185106382978723,0.0003347398671696473,0.548425937007695,0.8351494052107663,-0.041886305558438745,0.4814422786371182,0.8759769480341932,-0.02962632028112459,1.0374916030472248
2018-11-03,0.8125,9.509307783330337e-05,2.9005051141278517e-06,47,0.3536170212765958,0.0002663312346698626,0.5629552834671655,0.8254252720574194,-0.04188638281516389,0.4967010512428133,0.8674158460967659,-0.029627953599867564,1.0374899551226768
2018-11-03,0.8152777777777778,0.00011232352407671356,1.3408920899517842e-06,47,0.3517021276595745,0.0003214338417723868,0.5773115842173651,0.8154488697792811,-0.041886459675284454,0.5118069431808109,0.8585893899310982,-0.029629586727775603,1.0374883072782406
2018-11-03,0.8180555555555555,0.00010463789683044028,2.4769642704897557e-06,47,0.3640425531914894,0.00028770027813714656,0.5914916451980642,0.8052224237364687,-0.041886536892589185,0.5267565812933541,0.8494995555334816,-0.02963122023399154,1.0374866593762766
2018-11-03,0.8208333333333333,0.00010260174009190406,2.626344262449926e-06,47,0.3382978723404254,0.0003035812945523125,0.6054905964224148,0.7947494254268026,-0.04188661394521484,0.541544827645027,0.8401494472025287,-0.029632853662846036,1.0374850114770513
2018-11-03,0.8236111111111111,9.230881704206443e-05,2.046262097847623e-06,47,0.3063829787234042,0.0003034383506094864,0.6193034733864943,0.7840336172442939,-0.04188669099191277,0.5561664327516549,0.8305424108720598,-0.02963448705689881,1.037483363662013
2018-11-03,0.8263888888888888,0.00012419288979234827,6.209644489617414e-07,44,0.3634090909090908,0.00034203022405544374,0.633352798481616,0.7727287599194986,-0.041886707304102475,0.5710700989283864,0.8203661634137989,-0.029636127203925566,1.037481663937992
2018-11-03,0.8291666666666667,0.00012424446946110063,6.212223473055032e-07,46,0.3599999999999999,0.0003451235262808351,0.6462148945779985,0.7620051208433903,-0.04188682172230869,0.584743639786647,0.810676557722694,-0.02963772069420326,1.0374800855093818
2018-11-03,0.8319444444444445,0.0001243084081170836,6.21542040585418e-07,47,0.3674468085106384,0.0003383517013685943,0.6593100201303276,0.7507035255324486,-0.04188692049911783,0.5986949568648383,0.8004285460807724,-0.029639352955659615,1.0374784550902996
2018-11-03,0.8347222222222223,0.00012438675308893817,6.219337654446908e-07,47,0.37,0.00033618041375388705,0.6723433570839131,0.7390533740022093,-0.041886997518133635,0.6126119143112484,0.7898278637571928,-0.029640986431913898,1.0374768073676106
2018-11-03,0.8375,0.00010629584683818082,2.4388960423487314e-06,47,0.3195744680851064,0.0003355553198562322,0.6851727554044645,0.7271751977585765,-0.04188707457234338,0.6263432338605499,0.7789836124494856,-0.029642620198931203,1.0374751594033393
2018-11-03,0.8402777777777778,9.822391832323007e-05,2.789274172381804e-06,47,0.3504255319148937,0.0002779578919117618,0.6977904836348193,0.7150761550217478,-0.04188715158611609,0.639880637547941,0.7679023296683487,-0.029644253762971133,1.037473511686133
2018-11-03,0.8430555555555556,0.00011361739749690083,1.2897810513036496e-06,47,0.35319148936170214,0.0003238330969099372,0.710196419726818,0.702756362820346,-0.041887228635082145,0.6532239788956502,0.7565841359378377,-0.029645887453925705,1.0374718637273466
2018-11-03,0.8458333333333333,0.00010654912342079927,2.340370248286072e-06,47,0.3651063829787234,0.00029208212991213193,0.7223830874092411,0.6902232455162688,-0.04188730564361177,0.666365241064958,0.7450358313487895,-0.029647521091291238,1.0374702160156246
2018-11-03,0.8486111111111111,0.00010334769189862098,2.593225747085906e-06,47,0.3402127659574467,0.000303956820381585,0.7343503688175873,0.6774769243222076,-0.0418873826873345,0.6793042806946671,0.7332575412741121,-0.029649155039306246,1.0374685680623228
2018-11-03,0.8513888888888889,9.171715388975631e-05,2.0936017806437665e-06,47,0.30765957446808506,0.00030036723847104733,0.7460910520144962,0.6645250806587882,-0.041887459690621055,0.6920332977147078,0.7212563660582975,-0.02965078876666918,1.0374669203560853
2018-11-03,0.8541666666666666,0.00012549811150257354,6.274905575128677e-07,43,0.37720930232558136,0.00033302698636473457,0.7580843278081124,0.6508099515006545,-0.04188745587211451,0.7050740981038632,0.7085134081046063,-0.02965243192420217,1.0374652030835356
2018-11-03,0.8569444444444444,0.00012561259110189802,6.280629555094902e-07,46,0.37,0.0003394934894645892,0.7687663316084757,0.6381565302988247,-0.04188759031279306,0.7167233611190289,0.6967268205942733,-0.029654023181304317,1.037463642272052
2018-11-03,0.8597222222222223,0.000125768418614389,6.288420930719451e-07,47,0.37,0.000339914644903754,0.7796996347514459,0.6247510712876745,-0.04188768904302277,0.7286822327390943,0.6842095773669604,-0.029655655947791116,1.0374620117844413
2018-11-03,0.8625,0.00012593692972384047,6.296846486192023e-07,47,0.37021276595744684,0.0003401793955110297,0.7905103601986486,0.6110145542274088,-0.0418877660049272,0.7405446927913782,0.6713523688372947,-0.029657289745968058,1.0374603641705558
2018-11-03,0.8652777777777778,0.00010721000579976467,2.5544269864703785e-06,47,0.32,0.00033748535665656615,0.8010816915657888,0.5970875413551571,-0.04188784306392486,0.7521831740482459,0.6582862757973894,-0.02965892404504128,1.0374587161522135
2018-11-03,0.8680555555555556,9.99136696205738e-05,2.8740887098038963e-06,47,0.35085106382978726,0.0002825514011166972,0.8114056733508697,0.5829804760187701,-0.04188791991672523,0.7635889185859178,0.6450210963338645,-0.029660557935548407,1.0374570684623712
2018-11-03,0.8708333333333333,0.00011416647503096483,1.3863357265107907e-06,47,0.35489361702127664,0.00032365011911343004,0.821482734004103,0.5686928111329035,-0.04188799707434152,0.7747623923228667,0.6315563235305617,-0.029662192277523605,1.0374554205309543
2018-11-03,0.8736111111111111,0.00010746572090128481,2.4761578119904814e-06,47,0.3702127659574468,0.0002897600398630562,0.8313068007986543,0.5542331569015161,-0.04188807392189261,0.7856968549755486,0.6179000805158283,-0.029663826119780443,1.0374537728466016
2018-11-03,0.8763888888888889,0.00010461953699615176,2.6045706125024537e-06,47,0.34085106382978714,0.00030892925735306686,0.8408777786517772,0.5396016532306328,-0.041888151074268694,0.796392214798079,0.6040524817079078,-0.029665460581761626,1.0374521249206734
2018-11-03,0.8791666666666667,9.197015712977058e-05,2.0517995113868806e-06,47,0.308936170212766,0.0003011442471004862,0.8501894459472261,0.5248078527930542,-0.04188822802044356,0.8068415046127131,0.5900225842542883,-0.029667094636726486,1.0374504773232465
2018-11-03,0.8819444444444444,0.00012679939318431345,6.339969659215673e-07,42,0.385952380952381,0.00032873570902148446,0.8597171177717904,0.5090499542875287,-0.0418882017999143,0.8175817546021217,0.5750476853374974,-0.02966873994127325,1.0374487416968141
2018-11-03,0.8847222222222222,0.00012689824382296718,6.344912191148359e-07,47,0.37446808510638285,0.0003389351835481298,0.8680314180724253,0.4947391440872733,-0.041888382004639575,0.8269979902992634,0.5614214046339749,-0.029670363324268405,1.0374471817294275
2018-11-03,0.8875,0.00012693885344062874,6.346942672031437e-07,46,0.3710869565217391,0.0003420963208194849,0.8764668481833547,0.4796365530125671,-0.0418884357521161,0.836597027781523,0.5470146137186431,-0.02967196463608959,1.0374455512653837
2018-11-03,0.8902777777777777,0.0001270106871084248,6.350534355421241e-07,47,0.37617021276595736,0.00033774580603747843,0.8846381580850179,0.46439280781377806,-0.04188853435944426,0.8459435350594146,0.5324462537197769,-0.02967359753983193,1.0374439210837605
2018-11-03,0.8930555555555556,0.00010901746375171478,2.4278566905417736e-06,47,0.3225531914893616,0.00034350821638945076,0.8926285084842887,0.4488426116883348,-0.04188861150610024,0.8551334245273675,0.5175579260821213,-0.02967523219236127,1.0374422732556787
2018-11-03,0.8958333333333334,9.917904093603433e-05,2.8061394213751376e-06,47,0.3587234042553191,0.00027425284932914304,0.9003451689617366,0.43315576242024006,-0.041888688322774606,0.8640608775950576,0.5025117743897588,-0.02967686656833928,1.0374406255117787
2018-11-03,0.8986111111111111,0.00011576452928358309,1.3399687439637855e-06,47,0.35829787234042554,0.00032539859631476766,0.9077865574905606,0.4173354734099856,-0.04188876547596497,0.8727240624895779,0.48731088363684055,-0.029678501322824635,1.0374389776851132
2018-11-03,0.9013888888888889,0.00010745641373250374,2.4076922066314666e-06,47,0.37212765957446803,0.0002888076350988549,0.9149497658937551,0.40138790562668486,-0.041888842280329824,0.8811195904201339,0.4719611815820011,-0.029680135740539886,1.037437329913313
2018-11-03,0.9041666666666667,0.00010505150720306254,2.628277638629776e-06,47,0.34127659574468083,0.00031042790039905274,0.9218330406071803,0.3853169652056395,-0.04188891941357287,0.8892454053915884,0.4564664297538977,-0.029681770460666227,1.0374356820953954
2018-11-03,0.9069444444444444,8.977041114787814e-05,2.2002423704085857e-06,47,0.3070212765957447,0.000294711326901409,0.9284337351215076,0.3691288548515645,-0.04188899621975602,0.8970983873250883,0.44083259739476516,-0.02968340500870196,1.0374340343624744
2018-11-03,0.9097222222222222,0.00012672765769925956,6.336382884962978e-07,40,0.388,0.00032672406424875337,0.9352096453923634,0.35160807236849795,-0.041888931836452016,0.9052304291377283,0.42388284648248725,-0.029685057201025447,1.0374322637916615
2018-11-03,0.9125,0.00012660619091019946,6.330309545509973e-07,47,0.3795744680851063,0.00033359602017910217,0.9407807296674928,0.33641777269620443,-0.041889150151618176,0.9119778875076104,0.4091638229988418,-0.02968667455490525,1.0374307388234298
2018-11-03,0.9152777777777777,0.00012649245835526612,6.324622917763306e-07,46,0.3773913043478261,0.0003352809622257517,0.9464635980735707,0.3200811648870014,-0.041889203933835106,0.918926528342394,0.39330985465395873,-0.02968827614862815,1.037429108563525
2018-11-03,0.9180555555555555,0.00012635779657944852,6.317889828972426e-07,47,0.3799999999999999,0.0003325205173143382,0.9518627813771665,0.30364869795204424,-0.041889302464382966,0.9255995568383866,0.37733800451541594,-0.029689909546953223,1.0374274783133948
2018-11-03,0.9208333333333333,0.00010826035450113615,2.446146195312181e-06,47,0.32382978723404254,0.00033763710060647037,0.9570299458409162,0.2869476653364524,-0.041889379581132896,0.9320620352232815,0.3610800114637516,-0.029691544533273228,1.0374258305941413
2018-11-03,0.9236111111111112,9.826827435446654e-05,2.7820491199760917e-06,47,0.35340425531914893,0.00027580955666063134,0.9619043383868477,0.2701579486839801,-0.041889456375378345,0.9382392685155502,0.3447105889160413,-0.029693179428303237,1.037424182796197
2018-11-03,0.9263888888888889,0.00011469750219627903,1.3385784344718629e-06,47,0.3568085106382979,0.0003235259905106295,0.9664839848552618,0.2532863478408286,-0.04188953348688532,0.9441287537236097,0.3282363696846587,-0.029694814505896207,1.0374225350824346
2018-11-03,0.9291666666666667,0.00010558610545396307,2.4468863467249154e-06,47,0.37489361702127655,0.00028175015476747487,0.9707679356989822,0.23633636108240175,-0.04188961027588343,0.949729268554575,0.3116607728584591,-0.029696449485753233,1.0374208872899817
2018-11-03,0.9319444444444445,0.00010515921306623947,2.4909034770585985e-06,47,0.3406382978723404,0.0003113632285291256,0.9747544558845601,0.2193148531773929,-0.041889687382143756,0.9550385407024956,0.29499052450360763,-0.02969808454991705,1.0374192395817117
2018-11-03,0.9347222222222222,8.819326470641773e-05,2.190171727511454e-06,47,0.304468085106383,0.00029258149640061705,0.9784428937248393,0.2022245073074467,-0.04188976442549169,0.9600557128534155,0.27822824238634003,-0.029699719798816707,1.037417591713314
2018-11-03,0.9375,0.0001254297176736463,6.271485883682314e-07,40,0.38625,0.0003249280642035221,0.9820716325755685,0.18379488986838693,-0.04188969979153582,0.9651180112330762,0.26012507163275944,-0.0297013720485043,1.037415821353138
2018-11-03,0.9402777777777778,0.00012529518713061145,6.264759356530572e-07,47,0.37872340425531903,0.000330861822170407,0.9849192892149589,0.167866698598764,-0.041889918045419576,0.9692052365703818,0.24445642105348964,-0.029702989921370476,1.0374142963105046
2018-11-03,0.9430555555555555,0.00012507882095757138,6.25394104787857e-07,46,0.37978260869565217,0.00032934818999203424,0.9876775418715643,0.15079225295075213,-0.041889971742419284,0.9732928478977857,0.22763714428204265,-0.029704591802182618,1.0374126661733085
2018-11-03,0.9458333333333333,0.00012488635415837594,6.244317707918797e-07,47,0.3799999999999999,0.00032864830041677876,0.9901400761860422,0.13367068320282532,-0.04189007021226498,0.9770890174181092,0.21074769796138973,-0.02970622569241757,1.037411035854695
2018-11-03,0.9486111111111111,0.00010620347898547395,2.487271177886603e-06,47,0.3217021276595745,0.0003337469397667193,0.9923272098013861,0.11632679935510354,-0.04189014728541073,0.9806277163556546,0.19361488813796282,-0.029707861020577094,1.03740938824428
2018-11-03,0.9513888888888888,9.757863536262377e-05,2.632520561166231e-06,47,0.35106382978723405,0.0002761299631552568,0.9942108179477258,0.09894472498825943,-0.041890224070917116,0.9838664812185773,0.17642021697263155,-0.02970949642630037,1.0374077403923045
2018-11-03,0.9541666666666667,0.00011210924952117145,1.4376289883356846e-06,47,0.3529787234042553,0.0003189937840225408,0.9957897654743085,0.08153493513286693,-0.04189030113881813,0.986803359581938,0.15917404990209855,-0.029711131845904026,1.0374060927873834
2018-11-03,0.9569444444444445,0.00010450774378858124,2.3475495814176547e-06,47,0.3744680851063829,0.00027867397535665585,0.9970640371308455,0.06409759822440134,-0.041890377919078535,0.9894383224756467,0.1418765571675962,-0.029712767337426723,1.0374044449409026
2018-11-03,0.9597222222222223,0.00010243272049745926,2.3681817672623906e-06,47,0.335531914893617,0.0003075205451271827,0.998032864973142,0.046643222604416966,-0.04189045498173422,0.9917697814646588,0.12453816618928146,-0.02971440283354299,1.0374027973414757
2018-11-03,0.9625,8.653304183947017e-05,2.251559549878066e-06,47,0.3061702127659575,0.00028396469358021403,0.9986962648705507,0.029171113449294864,-0.04189053202979423,0.993797804835401,0.10715820153725143,-0.029716038558996523,1.0374011494190543
2018-11-03,0.9652777777777778,0.00012323844453601037,6.161922226800518e-07,39,0.3748717948717948,0.0003289704879598595,0.9990700798666188,0.010206164557079614,-0.041890449034855164,0.9956535245144797,0.08826617547253479,-0.029717694886143512,1.0373993616358157
2018-11-03,0.9680555555555556,0.00012295442625971287,6.147721312985643e-07,47,0.37,0.0003323092601613862,0.9991054216903203,-0.0057902320712989695,-0.041890685856973205,0.9969393737985257,0.0723093880344363,-0.029719309754581258,1.037397853989627
2018-11-03,0.9708333333333333,0.00012265381381668306,6.132690690834153e-07,47,0.37,0.0003314967940991433,0.9988512044882479,-0.023268762282145902,-0.04189076263609079,0.9980521064322002,0.05485123759175468,-0.02972094515490725,1.037396206482623
2018-11-03,0.9736111111111111,0.00012239863321281884,6.119931660640943e-07,46,0.3767391304347826,0.00032497137103743983,0.9982986656970538,-0.04055778091425108,-0.04189081611515379,0.9988522933402004,0.03755883726964446,-0.02972254753507162,1.0373945761823016
2018-11-03,0.9763888888888889,0.00010322119738044087,2.5602069981920307e-06,47,0.3174468085106383,0.0003270644506662666,0.9974470174550946,-0.05783250482888287,-0.04189091494767779,0.999352847683185,0.0202573155326248,-0.029724181989089406,1.037392946086495
2018-11-03,0.9791666666666666,9.745559894397258e-05,2.519203796636671e-06,47,0.3468085106382979,0.00027936375235513834,0.996282375723063,-0.07527664070995774,-0.041890991716998324,0.9995542733745656,0.002762306606126807,-0.02972581774918764,1.0373912983433735
2018-11-03,0.9819444444444444,0.0001102860428797441,1.3776493384673144e-06,47,0.34914893617021275,0.0003174295272616955,0.9948127608685913,-0.09269686711048737,-0.04189106874873848,0.9994494617329435,-0.01473268272716845,-0.02972745366475672,1.0373896506844331
2018-11-03,0.9847222222222223,0.00010243683276553022,2.3147103270808954e-06,47,0.3706382978723405,0.0002759142535062286,0.9930383824159833,-0.11009043079335182,-0.041891145799340335,0.9990384066459429,-0.032224885832199054,-0.029729089784877323,1.0373880028653741
2018-11-03,0.9875,9.996435697797713e-05,2.222075517157707e-06,47,0.33404255319148934,0.00030061423629235503,0.9909602071088903,-0.12744800272416798,-0.04189122256900123,0.9983213436888294,-0.04970491619000014,-0.029730725552449974,1.0373863552656775
2018-11-03,0.9902777777777778,8.495454673742623e-05,2.2080976861692105e-06,47,0.304468085106383,0.00027975371875457494,0.9885783086077751,-0.1447689426954188,-0.04189129958644593,0.9972982964842992,-0.06717212587333588,-0.029732361748968348,1.037384707441529
2018-11-03,0.9930555555555556,0.00012054284009537854,6.027142004768927e-07,38,0.36868421052631567,0.0003274689791697224,0.9856211854671306,-0.1636948570478047,-0.04189119877094422,0.9958266386250543,-0.08628553589025525,-0.029734022614794325,1.0373829020716212
2018-11-03,0.9958333333333333,0.00012027631293760825,6.013815646880413e-07,47,0.3599999999999999,0.00033410086927113407,0.9829076546411774,-0.17926976483238985,-0.04189145336127325,0.9943361199392412,-0.10203662418253354,-0.029735633667496382,1.0373814120669524
2018-11-03,0.9986111111111111,0.00012001719151754039,6.00085957587702e-07,47,0.3599999999999999,0.00033338108754872326,0.9796207105655481,-0.19643920977673138,-0.041891530090745435,0.9923979814627099,-0.119423369521093,-0.029737269561404045,1.0373797645059375
