gamma,crater_fraction,rms_slope_deg,chi2
0.0,0.0,0.0,59523567.591022305
0.0,0.01,4.900304787764432,59048021.00802155
0.0,0.02,6.930077490618269,58574383.176207334
0.0,0.03,8.487576864981019,58102654.09585085
0.0,0.04,9.800609575528863,57632833.767225936
0.0,0.05,10.957414615908949,57164922.19060915
0.0,0.06,12.003246314140272,56698919.366279654
0.0,0.07,12.964987816843836,56234825.294519395
0.0,0.08,13.860154981236539,55772639.975613035
0.0,0.09,14.700914363293293,55312363.40984802
0.0,0.1,15.496124358363613,54853995.5975146
0.0,0.11,16.252472339396768,54397536.538905874
0.0,0.12,16.975153729962038,53942986.23431777
0.0,0.13,17.66830017768634,53490344.684049174
0.0,0.14,18.335261606582495,53039611.88840184
0.0,0.15,18.978798834352112,52590787.84768052
0.0,0.16,19.601219151057727,52143872.56219289
0.0,0.17,20.204474237672684,51698866.03224974
0.0,0.18,20.79023247185481,51255768.25816486
0.0,0.19,21.359933362413685,50814579.240255125
0.0,0.2,21.914829231817897,50375298.97884054
0.0,0.21,22.456017618285017,49937927.47424425
0.0,0.22,22.984466804468497,49502464.726792626
0.0,0.23,23.501036175000905,49068910.736815184
0.0,0.24,24.006492628280544,48637265.50464478
0.0,0.25,24.501523938822157,48207529.0306175
0.0,0.26,24.986749735362988,47779701.31507278
0.0,0.27,25.46273059494306,47353782.35835343
0.0,0.28,25.929975633687672,46929772.16080561
0.0,0.29,26.38894888730173,46507670.722778976
0.0,0.3,26.840074709091443,46087478.04462661
0.0,0.31,27.283742364320137,45669194.12670512
0.0,0.32,27.720309962473078,45252818.969374664
0.0,0.33,28.150107840443013,44838352.57299898
0.0,0.34,28.57344148753451,44425794.93794544
0.0,0.35,28.990594085919405,44015146.06458507
0.0,0.36,29.401828726586587,43606405.95329261
0.0,0.37,29.80739035005445,43199574.60444652
0.0,0.38,30.207507452510978,42794652.01842909
0.0,0.39,30.602393591130962,42391638.19562642
0.0,0.4,30.992248716727225,41990533.13642845
0.0,0.41,31.377260357342664,41591336.84122909
0.0,0.42,31.75760467266784,41194049.31042613
0.0,0.43,32.13344739610802,40798670.54442143
0.0,0.44,32.504944678793535,40405200.54362084
0.0,0.45,32.87224384772684,40013639.308434345
0.0,0.46,33.23548408850701,39623986.83927604
0.0,0.47,33.59479706160449,39236243.13656417
0.0,0.48,33.950307459924076,38850408.20072126
0.0,0.49,34.30213351435102,38466482.03217406
0.0,0.5,34.650387453091355,38084464.63135366
0.0,0.51,34.995175919865545,37704355.99869554
0.0,0.52,35.33660035537268,37326156.13463954
0.0,0.53,35.67475734589251,36949865.03963002
0.0,0.54,36.00973894242082,36575482.71411582
0.0,0.55,36.34163295332621,36203009.15855035
0.0,0.56,36.67052321316499,35832444.37339169
0.0,0.57,36.996489829986025,35463788.359102495
0.0,0.58,37.3196094131925,35097041.11615021
0.0,0.59,37.639955283796944,34732202.64500704
0.0,0.6,37.957597668704224,34369272.94615
0.0,0.61,38.27260388048098,34008252.020061
0.0,0.62,38.58503848391491,33649139.86722692
0.0,0.63,38.894963450531506,33291936.488139577
0.0,0.64,39.20243830211545,32936641.883295875
0.0,0.65,39.50752024417827,32583256.053197805
0.0,0.66,39.810264290219706,32231778.998352543
0.0,0.67,40.11072337754743,31882210.719272476
0.0,0.68,40.40894847534537,31534551.216475293
0.0,0.69,40.70498868561572,31188800.490484003
0.0,0.7,40.998891337560465,30844958.54182703
0.0,0.71,41.290702075916286,30503025.37103828
0.0,0.72,41.58046494370962,30163000.978657164
0.0,0.73,41.86822245985673,29824885.365228705
0.0,0.74,42.15401569199592,29488678.53130359
0.0,0.75,42.43788432490509,29154380.47743819
0.0,0.76,42.71986672482737,28821991.204194717
0.0,0.77,43.0,28491510.7121412
0.0,0.78,43.27832005765689,28162939.00185161
0.0,0.79,43.554861657752674,27836276.073905908
0.0,0.8,43.829658463635795,27511521.928890105
0.0,0.81,44.10274308987988,27188676.56739636
0.0,0.82,44.374147147465656,26867739.990023028
0.0,0.83,44.64390128649065,26548712.197374735
0.0,0.84,44.912035236570034,26231593.190062452
0.0,0.85,45.17857784507936,25916382.968703587
0.0,0.86,45.443557113378375,25603081.53392204
0.0,0.87,45.70700023114478,25291688.886348274
0.0,0.88,45.96893360893699,24982205.026619427
0.0,0.89,46.22938290909629,24674629.955379337
0.0,0.9,46.488373075090834,24368963.673278667
0.0,0.91,46.74592835939637,24065206.180974968
0.0,0.92,47.00207235000181,23763357.47913275
0.0,0.93,47.25682799562188,23463417.568423595
0.0,0.94,47.51021762969286,23165386.449526206
0.0,0.95,47.76226299322265,22869264.123126492
0.0,0.96,48.01298525656109,22575050.58991769
0.0,0.97,48.26240504015252,22282745.850600436
0.0,0.98,48.51054243432789,21992349.905882817
0.0,0.99,48.75741701819031,21703862.756480508
0.0,1.0,49.00304787764431,21417284.40311685
10.0,0.0,0.0,50478546.22841049
10.0,0.01,4.900304787764432,50046602.80028521
10.0,0.02,6.930077490618269,49616516.55707007
10.0,0.03,8.487576864981019,49188287.49904543
10.0,0.04,9.800609575528863,48761915.62649464
10.0,0.05,10.957414615908949,48337400.939704105
10.0,0.06,12.003246314140272,47914743.4389633
10.0,0.07,12.964987816843836,47493943.12456481
10.0,0.08,13.860154981236539,47074999.99680436
10.0,0.09,14.700914363293293,46657914.055980854
10.0,0.1,15.496124358363613,46242685.30239642
10.0,0.11,16.252472339396768,45829313.73635644
10.0,0.12,16.975153729962038,45417799.35816961
10.0,0.13,17.66830017768634,45008142.16814792
10.0,0.14,18.335261606582495,44600342.16660677
10.0,0.15,18.978798834352112,44194399.35386494
10.0,0.16,19.601219151057727,43790313.730244674
10.0,0.17,20.204474237672684,43388085.29607173
10.0,0.18,20.79023247185481,42987714.05167536
10.0,0.19,21.359933362413685,42589199.9973884
10.0,0.2,21.914829231817897,42192543.13354732
10.0,0.21,22.456017618285017,41797743.46049222
10.0,0.22,22.984466804468497,41404800.97856696
10.0,0.23,23.501036175000905,41013715.68811906
10.0,0.24,24.006492628280544,40624487.5894999
10.0,0.25,24.501523938822157,40237116.68306464
10.0,0.26,24.986749735362988,39851602.96917238
10.0,0.27,25.46273059494306,39467946.4481861
10.0,0.28,25.929975633687672,39086147.12047277
10.0,0.29,26.38894888730173,38706204.98640338
10.0,0.3,26.840074709091443,38328120.04635298
10.0,0.31,27.283742364320137,37951892.300700754
10.0,0.32,27.720309962473078,37577521.74983002
10.0,0.33,28.150107840443013,37205008.39412837
10.0,0.34,28.57344148753451,36834352.233987585
10.0,0.35,28.990594085919405,36465553.269803815
10.0,0.36,29.401828726586587,36098611.5019776
10.0,0.37,29.80739035005445,35733526.930913836
10.0,0.38,30.207507452510978,35370299.55702194
10.0,0.39,30.602393591130962,35008929.380715854
10.0,0.4,30.992248716727225,34649416.402414106
10.0,0.41,31.377260357342664,34291760.62253985
10.0,0.42,31.75760467266784,33935962.04152093
10.0,0.43,32.13344739610802,33582020.65978998
10.0,0.44,32.504944678793535,33229936.477784425
10.0,0.45,32.87224384772684,32879709.49594654
10.0,0.46,33.23548408850701,32531339.714723557
10.0,0.47,33.59479706160449,32184827.134567693
10.0,0.48,33.950307459924076,31840171.7559362
10.0,0.49,34.30213351435102,31497373.579291467
10.0,0.5,34.650387453091355,31156432.605101034
10.0,0.51,34.995175919865545,30817348.833837695
10.0,0.52,35.33660035537268,30480122.265979543
10.0,0.53,35.67475734589251,30144752.902010046
10.0,0.54,36.00973894242082,29811240.74241809
10.0,0.55,36.34163295332621,29479585.78769808
10.0,0.56,36.67052321316499,29149788.038349994
10.0,0.57,36.996489829986025,28821847.494879432
10.0,0.58,37.3196094131925,28495764.157797713
10.0,0.59,37.639955283796944,28171538.02762194
10.0,0.6,37.957597668704224,27849169.104875073
10.0,0.61,38.27260388048098,27528657.390085977
10.0,0.62,38.58503848391491,27210002.883789532
10.0,0.63,38.894963450531506,26893205.586526696
10.0,0.64,39.20243830211545,26578265.498844568
10.0,0.65,39.50752024417827,26265182.62129648
10.0,0.66,39.810264290219706,25953956.954442076
10.0,0.67,40.11072337754743,25644588.498847373
10.0,0.68,40.40894847534537,25337077.25508486
10.0,0.69,40.70498868561572,25031423.22373358
10.0,0.7,40.998891337560465,24727626.405379206
10.0,0.71,41.290702075916286,24425686.800614107
10.0,0.72,41.58046494370962,24125604.410037473
10.0,0.73,41.86822245985673,23827379.234255373
10.0,0.74,42.15401569199592,23531011.273880854
10.0,0.75,42.43788432490509,23236500.52953402
10.0,0.76,42.71986672482737,22943847.001842137
10.0,0.77,43.0,22653050.6914397
10.0,0.78,43.27832005765689,22364111.59896855
10.0,0.79,43.554861657752674,22077029.725077976
10.0,0.8,43.829658463635795,21791805.070424758
10.0,0.81,44.10274308987988,21508437.63567333
10.0,0.82,44.374147147465656,21226927.421495844
10.0,0.83,44.64390128649065,20947274.42857226
10.0,0.84,44.912035236570034,20669478.657590464
10.0,0.85,45.17857784507936,20393540.10924639
10.0,0.86,45.443557113378375,20119458.784244068
10.0,0.87,45.70700023114478,19847234.683295786
10.0,0.88,45.96893360893699,19576867.80712217
10.0,0.89,46.22938290909629,19308358.156452287
10.0,0.9,46.488373075090834,19041705.732023787
10.0,0.91,46.74592835939637,18776910.534582965
10.0,0.92,47.00207235000181,18513972.564884935
10.0,0.93,47.25682799562188,18252891.823693693
10.0,0.94,47.51021762969286,17993668.311782252
10.0,0.95,47.76226299322265,17736302.02993278
10.0,0.96,48.01298525656109,17480792.978936683
10.0,0.97,48.26240504015252,17227141.159594767
10.0,0.98,48.51054243432789,16975346.572717335
10.0,0.99,48.75741701819031,16725409.219124325
10.0,1.0,49.00304787764431,16477329.099645425
20.0,0.0,0.0,43498421.224541135
20.0,0.01,4.900304787764432,43103334.47731572
20.0,0.02,6.930077490618269,42710051.09114713
20.0,0.03,8.487576864981019,42318571.06631608
20.0,0.04,9.800609575528863,41928894.40310654
20.0,0.05,10.957414615908949,41541021.10180577
20.0,0.06,12.003246314140272,41154951.1627044
20.0,0.07,12.964987816843836,40770684.58609645
20.0,0.08,13.860154981236539,40388221.37227937
20.0,0.09,14.700914363293293,40007561.521554105
20.0,0.1,15.496124358363613,39628705.034225084
20.0,0.11,16.252472339396768,39251651.91060036
20.0,0.12,16.975153729962038,38876402.150991514
20.0,0.13,17.66830017768634,38502955.75571387
20.0,0.14,18.335261606582495,38131312.725086406
20.0,0.15,18.978798834352112,37761473.05943187
20.0,0.16,19.601219151057727,37393436.759076804
20.0,0.17,20.204474237672684,37027203.824351564
20.0,0.18,20.79023247185481,36662774.25559044
20.0,0.19,21.359933362413685,36300148.053131655
20.0,0.2,21.914829231817897,35939325.217317425
20.0,0.21,22.456017618285017,35580305.74849399
20.0,0.22,22.984466804468497,35223089.64701173
20.0,0.23,23.501036175000905,34867676.913225144
20.0,0.24,24.006492628280544,34514067.54749293
20.0,0.25,24.501523938822157,34162261.55017805
20.0,0.26,24.986749735362988,33812258.92164779
20.0,0.27,25.46273059494306,33464059.662273772
20.0,0.28,25.929975633687672,33117663.772432078
20.0,0.29,26.38894888730173,32773071.252503242
20.0,0.3,26.840074709091443,32430282.10287233
20.0,0.31,27.283742364320137,32089296.32392904
20.0,0.32,27.720309962473078,31750113.916067705
20.0,0.33,28.150107840443013,31412734.879687358
20.0,0.34,28.57344148753451,31077159.215191826
20.0,0.35,28.990594085919405,30743386.92298979
20.0,0.36,29.401828726586587,30411418.003494803
20.0,0.37,29.80739035005445,30081252.457125414
20.0,0.38,30.207507452510978,29752890.28430519
20.0,0.39,30.602393591130962,29426331.485462796
20.0,0.4,30.992248716727225,29101576.061032068
20.0,0.41,31.377260357342664,28778624.011452064
20.0,0.42,31.75760467266784,28457475.337167148
20.0,0.43,32.13344739610802,28138130.03862707
20.0,0.44,32.504944678793535,27820588.116287008
20.0,0.45,32.87224384772684,27504849.57060765
20.0,0.46,33.23548408850701,27190914.402055286
20.0,0.47,33.59479706160449,26878782.61110186
20.0,0.48,33.950307459924076,26568454.198225055
20.0,0.49,34.30213351435102,26259929.163908366
20.0,0.5,34.650387453091355,25953207.508641176
20.0,0.51,34.995175919865545,25648289.23291885
20.0,0.52,35.33660035537268,25345174.337242782
20.0,0.53,35.67475734589251,25043862.822120514
20.0,0.54,36.00973894242082,24744354.688065786
20.0,0.55,36.34163295332621,24446649.935598653
20.0,0.56,36.67052321316499,24150748.56524553
20.0,0.57,36.996489829986025,23856650.57753932
20.0,0.58,37.3196094131925,23564355.97301946
20.0,0.59,37.639955283796944,23273864.75223203
20.0,0.6,37.957597668704224,22985176.91572987
20.0,0.61,38.27260388048098,22698292.464072607
20.0,0.62,38.58503848391491,22413211.39782681
20.0,0.63,38.894963450531506,22129933.717566054
20.0,0.64,39.20243830211545,21848459.423871014
20.0,0.65,39.50752024417827,21568788.517329574
20.0,0.66,39.810264290219706,21290920.998536907
20.0,0.67,40.11072337754743,21014856.868095618
20.0,0.68,40.40894847534537,20740596.126615778
20.0,0.69,40.70498868561572,20468138.7747151
20.0,0.7,40.998891337560465,20197484.813018978
20.0,0.71,41.290702075916286,19928634.24216064
20.0,0.72,41.58046494370962,19661587.062781245
20.0,0.73,41.86822245985673,19396343.27552997
20.0,0.74,42.15401569199592,19132902.881064154
20.0,0.75,42.43788432490509,18871265.880049393
20.0,0.76,42.71986672482737,18611432.273159645
20.0,0.77,43.0,18353402.061077386
20.0,0.78,43.27832005765689,18097175.24449367
20.0,0.79,43.554861657752674,17842751.824108317
20.0,0.8,43.829658463635795,17590131.800629962
20.0,0.81,44.10274308987988,17339315.174776245
20.0,0.82,44.374147147465656,17090301.947273903
20.0,0.83,44.64390128649065,16843092.118858892
20.0,0.84,44.912035236570034,16597685.690276548
20.0,0.85,45.17857784507936,16354082.662281683
20.0,0.86,45.443557113378375,16112283.035638753
20.0,0.87,45.70700023114478,15872286.811121965
20.0,0.88,45.96893360893699,15634093.989515442
20.0,0.89,46.22938290909629,15397704.571613343
20.0,0.9,46.488373075090834,15163118.558220014
20.0,0.91,46.74592835939637,14930335.95015014
20.0,0.92,47.00207235000181,14699356.74822888
20.0,0.93,47.25682799562188,14470180.953292027
20.0,0.94,47.51021762969286,14242808.566186162
20.0,0.95,47.76226299322265,14017239.587768793
20.0,0.96,48.01298525656109,13793474.018908536
20.0,0.97,48.26240504015252,13571511.860485254
20.0,0.98,48.51054243432789,13351353.11339024
20.0,0.99,48.75741701819031,13132997.778526362
20.0,1.0,49.00304787764431,12916445.856808243
30.0,0.0,0.0,37707877.20827551
30.0,0.01,4.900304787764432,37346202.6237561
30.0,0.02,6.930077490618269,36986271.63207977
30.0,0.03,8.487576864981019,36628084.23352185
30.0,0.04,9.800609575528863,36271640.42836109
30.0,0.05,10.957414615908949,35916940.21687977
30.0,0.06,12.003246314140272,35563983.5993637
30.0,0.07,12.964987816843836,35212770.57610229
30.0,0.08,13.860154981236539,34863301.14738858
30.0,0.09,14.700914363293293,34515575.31351931
30.0,0.1,15.496124358363613,34169593.07479495
30.0,0.11,16.252472339396768,33825354.43151979
30.0,0.12,16.975153729962038,33482859.384001903
30.0,0.13,17.66830017768634,33142107.93255332
30.0,0.14,18.335261606582495,32803100.07748997
30.0,0.15,18.978798834352112,32465835.819131803
30.0,0.16,19.601219151057727,32130315.157802828
30.0,0.17,20.204474237672684,31796538.093831137
30.0,0.18,20.79023247185481,31464504.627549015
30.0,0.19,21.359933362413685,31134214.75929295
30.0,0.2,21.914829231817897,30805668.489403717
30.0,0.21,22.456017618285017,30478865.81822643
30.0,0.22,22.984466804468497,30153806.7461106
30.0,0.23,23.501036175000905,29830491.27341018
30.0,0.24,24.006492628280544,29508919.400483664
30.0,0.25,24.501523938822157,29189091.12769412
30.0,0.26,24.986749735362988,28871006.455409247
30.0,0.27,25.46273059494306,28554665.384001475
30.0,0.28,25.929975633687672,28240067.913847983
30.0,0.29,26.38894888730173,27927214.045330808
30.0,0.3,26.840074709091443,27616103.77883689
30.0,0.31,27.283742364320137,27306737.114758126
30.0,0.32,27.720309962473078,26999114.053491484
30.0,0.33,28.150107840443013,26693234.59543904
30.0,0.34,28.57344148753451,26389098.74100803
30.0,0.35,28.990594085919405,26086706.490610983
30.0,0.36,29.401828726586587,25786057.844665732
30.0,0.37,29.80739035005445,25487152.803595535
30.0,0.38,30.207507452510978,25189991.36782913
30.0,0.39,30.602393591130962,24894573.5378008
30.0,0.4,30.992248716727225,24600899.313950483
30.0,0.41,31.377260357342664,24308968.69672383
30.0,0.42,31.75760467266784,24018781.686572284
30.0,0.43,32.13344739610802,23730338.28395317
30.0,0.44,32.504944678793535,23443638.489329793
30.0,0.45,32.87224384772684,23158682.30317148
30.0,0.46,33.23548408850701,22875469.72595371
30.0,0.47,33.59479706160449,22594000.75815819
30.0,0.48,33.950307459924076,22314275.400272913
30.0,0.49,34.30213351435102,22036293.65279231
30.0,0.5,34.650387453091355,21760055.516217258
30.0,0.51,34.995175919865545,21485560.99105527
30.0,0.52,35.33660035537268,21212810.077820502
30.0,0.53,35.67475734589251,20941802.777033914
30.0,0.54,36.00973894242082,20672539.089223325
30.0,0.55,36.34163295332621,20405019.014923528
30.0,0.56,36.67052321316499,20139242.5546764
30.0,0.57,36.996489829986025,19875209.709030986
30.0,0.58,37.3196094131925,19612920.47854363
30.0,0.59,37.639955283796944,19352374.863778036
30.0,0.6,37.957597668704224,19093572.865305442
30.0,0.61,38.27260388048098,18836514.483704653
30.0,0.62,38.58503848391491,18581199.719562214
30.0,0.63,38.894963450531506,18327628.573472496
30.0,0.64,39.20243830211545,18075801.0460378
30.0,0.65,39.50752024417827,17825717.137868516
30.0,0.66,39.810264290219706,17577376.84958319
30.0,0.67,40.11072337754743,17330780.18180867
30.0,0.68,40.40894847534537,17085927.135180246
30.0,0.69,40.70498868561572,16842817.710341737
30.0,0.7,40.998891337560465,16601451.907945648
30.0,0.71,41.290702075916286,16361829.728653278
30.0,0.72,41.58046494370962,16123951.173134875
30.0,0.73,41.86822245985673,15887816.242069736
30.0,0.74,42.15401569199592,15653424.936146386
30.0,0.75,42.43788432490509,15420777.256062668
30.0,0.76,42.71986672482737,15189873.202525923
30.0,0.77,43.0,14960712.77625311
30.0,0.78,43.27832005765689,14733295.97797095
30.0,0.79,43.554861657752674,14507622.808416098
30.0,0.8,43.829658463635795,14283693.268335257
30.0,0.81,44.10274308987988,14061507.358485358
30.0,0.82,44.374147147465656,13841065.079633705
30.0,0.83,44.64390128649065,13622366.432558129
30.0,0.84,44.912035236570034,13405411.418047149
30.0,0.85,45.17857784507936,13190200.036900153
30.0,0.86,45.443557113378375,12976732.289927533
30.0,0.87,45.70700023114478,12765008.177950881
30.0,0.88,45.96893360893699,12555027.701803146
30.0,0.89,46.22938290909629,12346790.862328801
30.0,0.9,46.488373075090834,12140297.660384057
30.0,0.91,46.74592835939637,11935548.096836992
30.0,0.92,47.00207235000181,11732542.172567777
30.0,0.93,47.25682799562188,11531279.88846884
30.0,0.94,47.51021762969286,11331761.245445067
30.0,0.95,47.76226299322265,11133986.24441399
30.0,0.96,48.01298525656109,10937954.886305984
30.0,0.97,48.26240504015252,10743667.172064474
30.0,0.98,48.51054243432789,10551123.102646137
30.0,0.99,48.75741701819031,10360322.679021098
30.0,1.0,49.00304787764431,10171265.902173152
40.0,0.0,0.0,32812992.187456846
40.0,0.01,4.900304787764432,32481986.224301923
40.0,0.02,6.930077490618269,32152658.842186753
40.0,0.03,8.487576864981019,31825010.04137778
40.0,0.04,9.800609575528863,31499039.822145015
40.0,0.05,10.957414615908949,31174748.18476211
40.0,0.06,12.003246314140272,30852135.12950636
40.0,0.07,12.964987816843836,30531200.65665881
40.0,0.08,13.860154981236539,30211944.766504277
40.0,0.09,14.700914363293293,29894367.459331397
40.0,0.1,15.496124358363613,29578468.735432692
40.0,0.11,16.252472339396768,29264248.59510465
40.0,0.12,16.975153729962038,28951707.038647734
40.0,0.13,17.66830017768634,28640844.066366464
40.0,0.14,18.335261606582495,28331659.67856949
40.0,0.15,18.978798834352112,28024153.875569627
40.0,0.16,19.601219151057727,27718326.65768392
40.0,0.17,20.204474237672684,27414178.025233705
40.0,0.18,20.79023247185481,27111707.978544693
40.0,0.19,21.359933362413685,26810916.517947007
40.0,0.2,21.914829231817897,26511803.64377524
40.0,0.21,22.456017618285017,26214369.35636856
40.0,0.22,22.984466804468497,25918613.656070735
40.0,0.23,23.501036175000905,25624536.543230213
40.0,0.24,24.006492628280544,25332138.018200222
40.0,0.25,24.501523938822157,25041418.08133877
40.0,0.26,24.986749735362988,24752376.73300879
40.0,0.27,25.46273059494306,24465013.973578166
40.0,0.28,25.929975633687672,24179329.803419825
40.0,0.29,26.38894888730173,23895324.222911797
40.0,0.3,26.840074709091443,23612997.232437305
40.0,0.31,27.283742364320137,23332348.83238484
40.0,0.32,27.720309962473078,23053379.02314822
40.0,0.33,28.150107840443013,22776087.805126708
40.0,0.34,28.57344148753451,22500475.178725045
40.0,0.35,28.990594085919405,22226541.144353565
40.0,0.36,29.401828726586587,21954285.70242827
40.0,0.37,29.80739035005445,21683708.85337091
40.0,0.38,30.207507452510978,21414810.59760908
40.0,0.39,30.602393591130962,21147590.93557629
40.0,0.4,30.992248716727225,20882049.86771207
40.0,0.41,31.377260357342664,20618187.39446204
40.0,0.42,31.75760467266784,20356003.51627805
40.0,0.43,32.13344739610802,20095498.233618204
40.0,0.44,32.504944678793535,19836671.54694701
40.0,0.45,32.87224384772684,19579523.45673545
40.0,0.46,33.23548408850701,19324053.963461082
40.0,0.47,33.59479706160449,19070263.067608163
40.0,0.48,33.950307459924076,18818150.769667715
40.0,0.49,34.30213351435102,18567717.07013764
40.0,0.5,34.650387453091355,18318961.969522845
40.0,0.51,34.995175919865545,18071885.468335327
40.0,0.52,35.33660035537268,17826487.567094285
40.0,0.53,35.67475734589251,17582768.266326245
40.0,0.54,36.00973894242082,17340727.566565152
40.0,0.55,36.34163295332621,17100365.4683525
40.0,0.56,36.67052321316499,16861681.97223744
40.0,0.57,36.996489829986025,16624677.078776903
40.0,0.58,37.3196094131925,16389350.788535718
40.0,0.59,37.639955283796944,16155703.102086738
40.0,0.6,37.957597668704224,15923734.020010961
40.0,0.61,38.27260388048098,15693443.542897651
40.0,0.62,38.58503848391491,15464831.671344498
40.0,0.63,38.894963450531506,15237898.405957693
40.0,0.64,39.20243830211545,15012643.747352123
40.0,0.65,39.50752024417827,14789067.696151467
40.0,0.66,39.810264290219706,14567170.252988338
40.0,0.67,40.11072337754743,14346951.418504452
40.0,0.68,40.40894847534537,14128411.193350734
40.0,0.69,40.70498868561572,13911549.578187488
40.0,0.7,40.998891337560465,13696366.573684542
40.0,0.71,41.290702075916286,13482862.180521388
40.0,0.72,41.58046494370962,13271036.399387358
40.0,0.73,41.86822245985673,13060889.230981749
40.0,0.74,42.15401569199592,12852420.676014015
40.0,0.75,42.43788432490509,12645630.735203909
40.0,0.76,42.71986672482737,12440519.40928165
40.0,0.77,43.0,12237086.6989881
40.0,0.78,43.27832005765689,12035332.605074933
40.0,0.79,43.554861657752674,11835257.128304794
40.0,0.8,43.829658463635795,11636860.269451497
40.0,0.81,44.10274308987988,11440142.029300204
40.0,0.82,44.374147147465656,11245102.408647591
40.0,0.83,44.64390128649065,11051741.408302048
40.0,0.84,44.912035236570034,10860059.029083876
40.0,0.85,45.17857784507936,10670055.271825466
40.0,0.86,45.443557113378375,10481730.137371516
40.0,0.87,45.70700023114478,10295083.626579203
40.0,0.88,45.96893360893699,10110115.740318427
40.0,0.89,46.22938290909629,9926826.47947198
40.0,0.9,46.488373075090834,9745215.844935795
40.0,0.91,46.74592835939637,9565283.837619137
40.0,0.92,47.00207235000181,9387030.45844483
40.0,0.93,47.25682799562188,9210455.708349494
40.0,0.94,47.51021762969286,9035559.588283764
40.0,0.95,47.76226299322265,8862342.099212512
40.0,0.96,48.01298525656109,8690803.242115106
40.0,0.97,48.26240504015252,8520943.017985655
40.0,0.98,48.51054243432789,8352761.427833223
40.0,0.99,48.75741701819031,8186258.472682117
40.0,1.0,49.00304787764431,8021434.153572123
50.0,0.0,0.0,28636595.623119835
50.0,0.01,4.900304787764432,28333815.63855027
50.0,0.02,6.930077490618269,28032645.294299416
50.0,0.03,8.487576864981019,27733084.590623073
50.0,0.04,9.800609575528863,27435133.52778068
50.0,0.05,10.957414615908949,27138792.106035355
50.0,0.06,12.003246314140272,26844060.325653978
50.0,0.07,12.964987816843836,26550938.186907206
50.0,0.08,13.860154981236539,26259425.69006959
50.0,0.09,14.700914363293293,25969522.835419573
50.0,0.1,15.496124358363613,25681229.623239577
50.0,0.11,16.252472339396768,25394546.05381608
50.0,0.12,16.975153729962038,25109472.12743963
50.0,0.13,17.66830017768634,24826007.844404962
50.0,0.14,18.335261606582495,24544153.20501102
50.0,0.15,18.978798834352112,24263908.20956104
50.0,0.16,19.601219151057727,23985272.858362608
50.0,0.17,20.204474237672684,23708247.15172773
50.0,0.18,20.79023247185481,23432831.089972906
50.0,0.19,21.359933362413685,23159024.67341918
50.0,0.2,21.914829231817897,22886827.90239225
50.0,0.21,22.456017618285017,22616240.777222462
50.0,0.22,22.984466804468497,22347263.29824498
50.0,0.23,23.501036175000905,22079895.465799786
50.0,0.24,24.006492628280544,21814137.280231778
50.0,0.25,24.501523938822157,21549988.74189086
50.0,0.26,24.986749735362988,21287449.851132005
50.0,0.27,25.46273059494306,21026520.60831532
50.0,0.28,25.929975633687672,20767201.01380616
50.0,0.29,26.38894888730173,20509491.06797519
50.0,0.3,26.840074709091443,20253390.77119847
50.0,0.31,27.283742364320137,19998900.123857513
50.0,0.32,27.720309962473078,19746019.126339436
50.0,0.33,28.150107840443013,19494747.779036976
50.0,0.34,28.57344148753451,19245086.082348626
50.0,0.35,28.990594085919405,18997034.036678713
50.0,0.36,29.401828726586587,18750591.642437465
50.0,0.37,29.80739035005445,18505758.90004116
50.0,0.38,30.207507452510978,18262535.809912156
50.0,0.39,30.602393591130962,18020922.372479036
50.0,0.4,30.992248716727225,17780918.588176686
50.0,0.41,31.377260357342664,17542524.457446396
50.0,0.42,31.75760467266784,17305739.980735976
50.0,0.43,32.13344739610802,17070565.158499833
50.0,0.44,32.504944678793535,16836999.991199106
50.0,0.45,32.87224384772684,16605044.479301754
50.0,0.46,33.23548408850701,16374698.623282677
50.0,0.47,33.59479706160449,16145962.423623817
50.0,0.48,33.950307459924076,15918835.880814277
50.0,0.49,34.30213351435102,15693318.995350448
50.0,0.5,34.650387453091355,15469411.767736103
50.0,0.51,34.995175919865545,15247114.198482532
50.0,0.52,35.33660035537268,15026426.28810867
50.0,0.53,35.67475734589251,14807348.037141196
50.0,0.54,36.00973894242082,14589879.446114691
50.0,0.55,36.34163295332621,14374020.515571747
50.0,0.56,36.67052321316499,14159771.246063095
50.0,0.57,36.996489829986025,13947131.638147762
50.0,0.58,37.3196094131925,13736101.692393174
50.0,0.59,37.639955283796944,13526681.409375321
50.0,0.6,37.957597668704224,13318870.78967889
50.0,0.61,38.27260388048098,13112669.833897403
50.0,0.62,38.58503848391491,12908078.542633362
50.0,0.63,38.894963450531506,12705096.916498419
50.0,0.64,39.20243830211545,12503724.956113495
50.0,0.65,39.50752024417827,12303962.662108961
50.0,0.66,39.810264290219706,12105810.035124786
50.0,0.67,40.11072337754743,11909267.075810691
50.0,0.68,40.40894847534537,11714333.784826325
50.0,0.69,40.70498868561572,11521010.162841424
50.0,0.7,40.998891337560465,11329296.210535977
50.0,0.71,41.290702075916286,11139191.928600406
50.0,0.72,41.58046494370962,10950697.31773574
50.0,0.73,41.86822245985673,10763812.378653796
50.0,0.74,42.15401569199592,10578537.112077357
50.0,0.75,42.43788432490509,10394871.518740356
50.0,0.76,42.71986672482737,10212815.599388078
50.0,0.77,43.0,10032369.354777342
50.0,0.78,43.27832005765689,9853532.785676707
50.0,0.79,43.554861657752674,9676305.892866656
50.0,0.8,43.829658463635795,9500688.677139824
50.0,0.81,44.10274308987988,9326681.139301194
50.0,0.82,44.374147147465656,9154283.280168312
50.0,0.83,44.64390128649065,8983495.10057149
50.0,0.84,44.912035236570034,8814316.601354057
50.0,0.85,45.17857784507936,8646747.783372555
50.0,0.86,45.443557113378375,8480788.64749699
50.0,0.87,45.70700023114478,8316439.194611056
50.0,0.88,45.96893360893699,8153699.425612369
50.0,0.89,46.22938290909629,7992569.341412725
50.0,0.9,46.488373075090834,7833048.942938335
50.0,0.91,46.74592835939637,7675138.231130084
50.0,0.92,47.00207235000181,7518837.206943794
50.0,0.93,47.25682799562188,7364145.871350475
50.0,0.94,47.51021762969286,7211064.225336605
50.0,0.95,47.76226299322265,7059592.269904399
50.0,0.96,48.01298525656109,6909730.006072087
50.0,0.97,48.26240504015252,6761477.434874206
50.0,0.98,48.51054243432789,6614834.557361881
50.0,0.99,48.75741701819031,6469801.374603133
50.0,1.0,49.00304787764431,6326377.887683167
60.0,0.0,0.0,25052781.477468494
60.0,0.01,4.900304787764432,24775965.286944993
60.0,0.02,6.930077490618269,24500687.269927815
60.0,0.03,8.487576864981019,24226947.426661287
60.0,0.04,9.800609575528863,23954745.75739339
60.0,0.05,10.957414615908949,23684082.262375824
60.0,0.06,12.003246314140272,23414956.94186407
60.0,0.07,12.964987816843836,23147369.796117436
60.0,0.08,13.860154981236539,22881320.825399145
60.0,0.09,14.700914363293293,22616810.02997636
60.0,0.1,15.496124358363613,22353837.410120293
60.0,0.11,16.252472339396768,22092402.966106214
60.0,0.12,16.975153729962038,21832506.698213566
60.0,0.13,17.66830017768634,21574148.60672599
60.0,0.14,18.335261606582495,21317328.69193143
60.0,0.15,18.978798834352112,21062046.954122175
60.0,0.16,19.601219151057727,20808303.39359493
60.0,0.17,20.204474237672684,20556098.01065091
60.0,0.18,20.79023247185481,20305430.80559588
60.0,0.19,21.359933362413685,20056301.77874025
60.0,0.2,21.914829231817897,19808710.930399146
60.0,0.21,22.456017618285017,19562658.260892484
60.0,0.22,22.984466804468497,19318143.770545043
60.0,0.23,23.501036175000905,19075167.459686548
60.0,0.24,24.006492628280544,18833729.32865176
60.0,0.25,24.501523938822157,18593829.37778053
60.0,0.26,24.986749735362988,18355467.607417922
60.0,0.27,25.46273059494306,18118644.017914258
60.0,0.28,25.929975633687672,17883358.60962523
60.0,0.29,26.38894888730173,17649611.382911984
60.0,0.3,26.840074709091443,17417402.338141188
60.0,0.31,27.283742364320137,17186731.475685157
60.0,0.32,27.720309962473078,16957598.795921933
60.0,0.33,28.150107840443013,16730004.299235346
60.0,0.34,28.57344148753451,16503947.98601517
60.0,0.35,28.990594085919405,16279429.85665718
60.0,0.36,29.401828726586587,16056449.911563246
60.0,0.37,29.80739035005445,15835008.15114147
60.0,0.38,30.207507452510978,15615104.57580626
60.0,0.39,30.602393591130962,15396739.185978444
60.0,0.4,30.992248716727225,15179911.982085383
60.0,0.41,31.377260357342664,14964622.964561068
60.0,0.42,31.75760467266784,14750872.133846236
60.0,0.43,32.13344739610802,14538659.490388494
60.0,0.44,32.504944678793535,14327985.034642417
60.0,0.45,32.87224384772684,14118848.767069679
60.0,0.46,33.23548408850701,13911250.688139163
60.0,0.47,33.59479706160449,13705190.798327096
60.0,0.48,33.950307459924076,13500669.098117154
60.0,0.49,34.30213351435102,13297685.588000607
60.0,0.5,34.650387453091355,13096240.26847644
60.0,0.51,34.995175919865545,12896333.14005148
60.0,0.52,35.33660035537268,12697964.203240542
60.0,0.53,35.67475734589251,12501133.458566556
60.0,0.54,36.00973894242082,12305840.906560708
60.0,0.55,36.34163295332621,12112086.547762582
60.0,0.56,36.67052321316499,11919870.382720312
60.0,0.57,36.996489829986025,11729192.411990717
60.0,0.58,37.3196094131925,11540052.63613945
60.0,0.59,37.639955283796944,11352451.055741172
60.0,0.6,37.957597668704224,11166387.67137969
60.0,0.61,38.27260388048098,10981862.483648112
60.0,0.62,38.58503848391491,10798875.493149027
60.0,0.63,38.894963450531506,10617426.70049466
60.0,0.64,39.20243830211545,10437516.106307033
60.0,0.65,39.50752024417827,10259143.711218152
60.0,0.66,39.810264290219706,10082309.515870178
60.0,0.67,40.11072337754743,9907013.520915598
60.0,0.68,40.40894847534537,9733255.727017412
60.0,0.69,40.70498868561572,9561036.134849323
60.0,0.7,40.998891337560465,9390354.745095925
60.0,0.71,41.290702075916286,9221211.558452882
60.0,0.72,41.58046494370962,9053606.57562715
60.0,0.73,41.86822245985673,8887539.797337163
60.0,0.74,42.15401569199592,8723011.224313036
60.0,0.75,42.43788432490509,8560020.85729678
60.0,0.76,42.71986672482737,8398568.69704252
60.0,0.77,43.0,8238654.744316698
60.0,0.78,43.27832005765689,8080278.999898311
60.0,0.79,43.554861657752674,7923441.464579125
60.0,0.8,43.829658463635795,7768142.139163916
60.0,0.81,44.10274308987988,7614381.024470701
60.0,0.82,44.374147147465656,7462158.121330979
60.0,0.83,44.64390128649065,7311473.430589975
60.0,0.84,44.912035236570034,7162326.953106894
60.0,0.85,45.17857784507936,7014718.689755177
60.0,0.86,45.443557113378375,6868648.64142276
60.0,0.87,45.70700023114478,6724116.80901234
60.0,0.88,45.96893360893699,6581123.193441653
60.0,0.89,46.22938290909629,6439667.7956437385
60.0,0.9,46.488373075090834,6299750.616567238
60.0,0.91,46.74592835939637,6161371.657176674
60.0,0.92,47.00207235000181,6024530.918452752
60.0,0.93,47.25682799562188,5889228.401392657
60.0,0.94,47.51021762969286,5755464.1070103645
60.0,0.95,47.76226299322265,5623238.03633695
60.0,0.96,48.01298525656109,5492550.19042092
60.0,0.97,48.26240504015252,5363400.570328527
60.0,0.98,48.51054243432789,5235789.177144119
60.0,0.99,48.75741701819031,5109716.011970464
60.0,1.0,49.00304787764431,4985181.075929116
70.0,0.0,0.0,21965176.50818595
70.0,0.01,4.900304787764432,21712200.48411807
70.0,0.02,6.930077490618269,21460689.963925943
70.0,0.03,8.487576864981019,21210644.94784206
70.0,0.04,9.800609575528863,20962065.4361026
70.0,0.05,10.957414615908949,20714951.42894742
70.0,0.06,12.003246314140272,20469302.926620163
70.0,0.07,12.964987816843836,20225119.92936833
70.0,0.08,13.860154981236539,19982402.437443286
70.0,0.09,14.700914363293293,19741150.451100398
70.0,0.1,15.496124358363613,19501363.970599033
70.0,0.11,16.252472339396768,19263042.996202674
70.0,0.12,16.975153729962038,19026187.528178953
70.0,0.13,17.66830017768634,18790797.566799756
70.0,0.14,18.335261606582495,18556873.112341266
70.0,0.15,18.978798834352112,18324414.16508403
70.0,0.16,19.601219151057727,18093420.725313067
70.0,0.17,20.204474237672684,17863892.793317903
70.0,0.18,20.79023247185481,17635830.36939267
70.0,0.19,21.359933362413685,17409233.45383618
70.0,0.2,21.914829231817897,17184102.046951994
70.0,0.21,22.456017618285017,16960436.149048515
70.0,0.22,22.984466804468497,16738235.760439064
70.0,0.23,23.501036175000905,16517500.88144196
70.0,0.24,24.006492628280544,16298231.512380607
70.0,0.25,24.501523938822157,16080427.653583588
70.0,0.26,24.986749735362988,15864089.305384737
70.0,0.27,25.46273059494306,15649216.468123242
70.0,0.28,25.929975633687672,15435809.142143734
70.0,0.29,26.38894888730173,15223867.327796374
70.0,0.3,26.840074709091443,15013391.025436953
70.0,0.31,27.283742364320137,14804380.235426987
70.0,0.32,27.720309962473078,14596834.958133817
70.0,0.33,28.150107840443013,14390755.193930704
70.0,0.34,28.57344148753451,14186140.943196945
70.0,0.35,28.990594085919405,13982992.206317957
70.0,0.36,29.401828726586587,13781308.983685397
70.0,0.37,29.80739035005445,13581091.275697269
70.0,0.38,30.207507452510978,13382339.08275803
70.0,0.39,30.602393591130962,13185052.405278703
70.0,0.4,30.992248716727225,12989231.243677001
70.0,0.41,31.377260357342664,12794875.59837743
70.0,0.42,31.75760467266784,12601985.469811412
70.0,0.43,32.13344739610802,12410560.85841741
70.0,0.44,32.504944678793535,12220601.76464106
70.0,0.45,32.87224384772684,12032108.188935272
70.0,0.46,33.23548408850701,11845080.131760389
70.0,0.47,33.59479706160449,11659517.593584297
70.0,0.48,33.950307459924076,11475420.574882561
70.0,0.49,34.30213351435102,11292789.076138578
70.0,0.5,34.650387453091355,11111623.097843695
70.0,0.51,34.995175919865545,10931922.640497368
70.0,0.52,35.33660035537268,10753687.70460729
70.0,0.53,35.67475734589251,10576918.290689556
70.0,0.54,36.00973894242082,10401614.399268802
70.0,0.55,36.34163295332621,10227776.030878361
70.0,0.56,36.67052321316499,10055403.186060427
70.0,0.57,36.996489829986025,9884495.865366206
70.0,0.58,37.3196094131925,9715054.069356073
70.0,0.59,37.639955283796944,9547077.798599761
70.0,0.6,37.957597668704224,9380567.053676514
70.0,0.61,38.27260388048098,9215521.835175263
70.0,0.62,38.58503848391491,9051942.143694794
70.0,0.63,38.894963450531506,8889827.979843954
70.0,0.64,39.20243830211545,8729179.344241811
70.0,0.65,39.50752024417827,8569996.237517847
70.0,0.66,39.810264290219706,8412278.660312157
70.0,0.67,40.11072337754743,8256026.6132756425
70.0,0.68,40.40894847534537,8101240.097070203
70.0,0.69,40.70498868561572,7947919.11236895
70.0,0.7,40.998891337560465,7796063.659856409
70.0,0.71,41.290702075916286,7645673.740228735
70.0,0.72,41.58046494370962,7496749.35419393
70.0,0.73,41.86822245985673,7349290.502472063
70.0,0.74,42.15401569199592,7203297.185795492
70.0,0.75,42.43788432490509,7058769.404909102
70.0,0.76,42.71986672482737,6915707.160570538
70.0,0.77,43.0,6774110.453550445
70.0,0.78,43.27832005765689,6633979.2846327135
70.0,0.79,43.554861657752674,6495313.654614728
70.0,0.8,43.829658463635795,6358113.564307632
70.0,0.81,44.10274308987988,6222379.01453658
70.0,0.82,44.374147147465656,6088110.00614101
70.0,0.83,44.64390128649065,5955306.539974918
70.0,0.84,44.912035236570034,5823968.616907126
70.0,0.85,45.17857784507936,5694096.237821587
70.0,0.86,45.443557113378375,5565689.403617661
70.0,0.87,45.70700023114478,5438748.115210414
70.0,0.88,45.96893360893699,5313272.373530924
70.0,0.89,46.22938290909629,5189262.179526595
70.0,0.9,46.488373075090834,5066717.534161471
70.0,0.91,46.74592835939637,4945638.438416557
70.0,0.92,47.00207235000181,4826024.893290159
70.0,0.93,47.25682799562188,4707876.899798213
70.0,0.94,47.51021762969286,4591194.458974641
70.0,0.95,47.76226299322265,4475977.571871693
70.0,0.96,48.01298525656109,4362226.239560323
70.0,0.97,48.26240504015252,4249940.463130546
70.0,0.98,48.51054243432789,4139120.243691825
70.0,0.99,48.75741701819031,4029765.582373449
70.0,1.0,49.00304787764431,3921876.480324939
80.0,0.0,0.0,19296509.77564654
80.0,0.01,4.900304787764432,19065383.013090145
80.0,0.02,6.930077490618269,18835648.993541386
80.0,0.03,8.487576864981019,18607307.71722089
80.0,0.04,9.800609575528863,18380359.184352927
80.0,0.05,10.957414615908949,18154803.39516542
80.0,0.06,12.003246314140272,17930640.34989007
80.0,0.07,12.964987816843836,17707870.04876234
80.0,0.08,13.860154981236539,17486492.492021605
80.0,0.09,14.700914363293293,17266507.679911155
80.0,0.1,15.496124358363613,17047915.61267831
80.0,0.11,16.252472339396768,16830716.290574435
80.0,0.12,16.975153729962038,16614909.713855065
80.0,0.13,17.66830017768634,16400495.882779943
80.0,0.14,18.335261606582495,16187474.797613097
80.0,0.15,18.978798834352112,15975846.45862293
80.0,0.16,19.601219151057727,15765610.866082285
80.0,0.17,20.204474237672684,15556768.020268515
80.0,0.18,20.79023247185481,15349317.921463573
80.0,0.19,21.359933362413685,15143260.569954092
80.0,0.2,21.914829231817897,14938595.966031458
80.0,0.21,22.456017618285017,14735324.109991912
80.0,0.22,22.984466804468497,14533445.002136594
80.0,0.23,23.501036175000905,14332958.642771693
80.0,0.24,24.006492628280544,14133865.032208478
80.0,0.25,24.501523938822157,13936164.17076341
80.0,0.26,24.986749735362988,13739856.058758242
80.0,0.27,25.46273059494306,13544940.696520103
80.0,0.28,25.929975633687672,13351418.084381592
80.0,0.29,26.38894888730173,13159288.22268088
80.0,0.3,26.840074709091443,12968551.111761803
80.0,0.31,27.283742364320137,12779206.75197398
80.0,0.32,27.720309962473078,12591255.14367289
80.0,0.33,28.150107840443013,12404696.287219996
80.0,0.34,28.57344148753451,12219530.182982856
80.0,0.35,28.990594085919405,12035756.831335211
80.0,0.36,29.401828726586587,11853376.232657118
80.0,0.37,29.80739035005445,11672388.387335055
80.0,0.38,30.207507452510978,11492793.295762032
80.0,0.39,30.602393591130962,11314590.958337728
80.0,0.4,30.992248716727225,11137781.375468586
80.0,0.41,31.377260357342664,10962364.547567958
80.0,0.42,31.75760467266784,10788340.47505622
80.0,0.43,32.13344739610802,10615709.158360902
80.0,0.44,32.504944678793535,10444470.597916827
80.0,0.45,32.87224384772684,10274624.794166228
80.0,0.46,33.23548408850701,10106171.747558903
80.0,0.47,33.59479706160449,9939111.45855234
80.0,0.48,33.950307459924076,9773443.927611869
80.0,0.49,34.30213351435102,9609169.1552108
80.0,0.5,34.650387453091355,9446287.141830573
80.0,0.51,34.995175919865545,9284797.887960916
80.0,0.52,35.33660035537268,9124701.394099988
80.0,0.53,35.67475734589251,8965997.66075454
80.0,0.54,36.00973894242082,8808686.688440086
80.0,0.55,36.34163295332621,8652768.477681046
80.0,0.56,36.67052321316499,8498243.02901094
80.0,0.57,36.996489829986025,8345110.342972537
80.0,0.58,37.3196094131925,8193370.420118032
80.0,0.59,37.639955283796944,8043023.261009245
80.0,0.6,37.957597668704224,7894068.866217771
80.0,0.61,38.27260388048098,7746507.236325197
80.0,0.62,38.58503848391491,7600338.371923272
80.0,0.63,38.894963450531506,7455562.273614103
80.0,0.64,39.20243830211545,7312178.942010364
80.0,0.65,39.50752024417827,7170188.377735486
80.0,0.66,39.810264290219706,7029590.58142387
80.0,0.67,40.11072337754743,6890385.553721098
80.0,0.68,40.40894847534537,6752573.295284145
80.0,0.69,40.70498868561572,6616153.806781602
80.0,0.7,40.998891337560465,6481127.088893901
80.0,0.71,41.290702075916286,6347493.142313543
80.0,0.72,41.58046494370962,6215251.9677453395
80.0,0.73,41.86822245985673,6084403.565906643
80.0,0.74,42.15401569199592,5954947.937527598
80.0,0.75,42.43788432490509,5826885.083351389
80.0,0.76,42.71986672482737,5700215.0041345
80.0,0.77,43.0,5574937.700646976
80.0,0.78,43.27832005765689,5451053.173672686
80.0,0.79,43.554861657752674,5328561.424009601
80.0,0.8,43.829658463635795,5207462.452470075
80.0,0.81,44.10274308987988,5087756.259881124
80.0,0.82,44.374147147465656,4969442.847084726
80.0,0.83,44.64390128649065,4852522.214938115
80.0,0.84,44.912035236570034,4736994.3643140895
80.0,0.85,45.17857784507936,4622859.29610132
80.0,0.86,45.443557113378375,4510117.011204677
80.0,0.87,45.70700023114478,4398767.510545548
80.0,0.88,45.96893360893699,4288810.795062182
80.0,0.89,46.22938290909629,4180246.8657100196
80.0,0.9,46.488373075090834,4073075.723462052
80.0,0.91,46.74592835939637,3967297.3693091734
80.0,0.92,47.00207235000181,3862911.8042605487
80.0,0.93,47.25682799562188,3759919.0293439887
80.0,0.94,47.51021762969286,3658319.0456063324
80.0,0.95,47.76226299322265,3558111.854113833
80.0,0.96,48.01298525656109,3459297.4559525675
80.0,0.97,48.26240504015252,3361875.852228842
80.0,0.98,48.51054243432789,3265847.0440696143
80.0,0.99,48.75741701819031,3171211.032622916
80.0,1.0,49.00304787764431,3077967.8190583023
90.0,0.0,0.0,16985220.840300262
90.0,0.01,4.900304787764432,16774056.939425718
90.0,0.02,6.930077490618269,16564214.045608295
90.0,0.03,8.487576864981019,16355692.159056881
90.0,0.04,9.800609575528863,16148491.279983904
90.0,0.05,10.957414615908949,15942611.408605427
90.0,0.06,12.003246314140272,15738052.545141194
90.0,0.07,12.964987816843836,15534814.689814704
90.0,0.08,13.860154981236539,15332897.842853272
90.0,0.09,14.700914363293293,15132302.004488105
90.0,0.1,15.496124358363613,14933027.174954357
90.0,0.11,16.252472339396768,14735073.354491215
90.0,0.12,16.975153729962038,14538440.543341963
90.0,0.13,17.66830017768634,14343128.741754053
90.0,0.14,18.335261606582495,14149137.949979182
90.0,0.15,18.978798834352112,13956468.168273378
90.0,0.16,19.601219151057727,13765119.396897059
90.0,0.17,20.204474237672684,13575091.63611513
90.0,0.18,20.79023247185481,13386384.88619705
90.0,0.19,21.359933362413685,13198999.147416921
90.0,0.2,21.914829231817897,13012934.420053577
90.0,0.21,22.456017618285017,12828190.704390664
90.0,0.22,22.984466804468497,12644768.00071672
90.0,0.23,23.501036175000905,12462666.309325278
90.0,0.24,24.006492628280544,12281885.630514955
90.0,0.25,24.501523938822157,12102425.964589534
90.0,0.26,24.986749735362988,11924287.311858067
90.0,0.27,25.46273059494306,11747469.672634976
90.0,0.28,25.929975633687672,11571973.047240146
90.0,0.29,26.38894888730173,11397797.43599902
90.0,0.3,26.840074709091443,11224942.839242714
90.0,0.31,27.283742364320137,11053409.257308105
90.0,0.32,27.720309962473078,10883196.690537967
90.0,0.33,28.150107840443013,10714305.13928105
90.0,0.34,28.57344148753451,10546734.603892202
90.0,0.35,28.990594085919405,10380485.084732486
90.0,0.36,29.401828726586587,10215556.582169298
90.0,0.37,29.80739035005445,10051949.096576478
90.0,0.38,30.207507452510978,9889662.628334437
90.0,0.39,30.602393591130962,9728697.177830277
90.0,0.4,30.992248716727225,9569052.745457917
90.0,0.41,31.377260357342664,9410729.331618225
90.0,0.42,31.75760467266784,9253726.936719146
90.0,0.43,32.13344739610802,9098045.561175838
90.0,0.44,32.504944678793535,8943685.205410805
90.0,0.45,32.87224384772684,8790645.869854052
90.0,0.46,33.23548408850701,8638927.554943204
90.0,0.47,33.59479706160449,8488530.261123667
90.0,0.48,33.950307459924076,8339453.988848778
90.0,0.49,34.30213351435102,8191698.738579949
90.0,0.5,34.650387453091355,8045264.510786832
90.0,0.51,34.995175919865545,7900151.305947471
90.0,0.52,35.33660035537268,7756359.12454846
90.0,0.53,35.67475734589251,7613887.967085125
90.0,0.54,36.00973894242082,7472737.834061672
90.0,0.55,36.34163295332621,7332908.725991378
90.0,0.56,36.67052321316499,7194400.6433967585
90.0,0.57,36.996489829986025,7057213.586809752
90.0,0.58,37.3196094131925,6921347.556771893
90.0,0.59,37.639955283796944,6786802.553834526
90.0,0.6,37.957597668704224,6653578.578558967
90.0,0.61,38.27260388048098,6521675.631516725
90.0,0.62,38.58503848391491,6391093.71328969
90.0,0.63,38.894963450531506,6261832.824470343
90.0,0.64,39.20243830211545,6133892.965661966
90.0,0.65,39.50752024417827,6007274.137478856
90.0,0.66,39.810264290219706,5881976.340546546
90.0,0.67,40.11072337754743,5757999.575502026
90.0,0.68,40.40894847534537,5635343.84299398
90.0,0.69,40.70498868561572,5514009.143683014
90.0,0.7,40.998891337560465,5393995.478241895
90.0,0.71,41.290702075916286,5275302.847355806
90.0,0.72,41.58046494370962,5157931.251722585
90.0,0.73,41.86822245985673,5041880.692052992
90.0,0.74,42.15401569199592,4927151.169070963
90.0,0.75,42.43788432490509,4813742.683513885
90.0,0.76,42.71986672482737,4701655.2361328695
90.0,0.77,43.0,4590888.827693028
90.0,0.78,43.27832005765689,4481443.458973767
90.0,0.79,43.554861657752674,4373319.130769079
90.0,0.8,43.829658463635795,4266515.843887837
90.0,0.81,44.10274308987988,4161033.5991541175
90.0,0.82,44.374147147465656,4056872.3974075024
90.0,0.83,44.64390128649065,3954032.239503401
90.0,0.84,44.912035236570034,3852513.1263133897
90.0,0.85,45.17857784507936,3752315.0587255424
90.0,0.86,45.443557113378375,3653438.037644779
90.0,0.87,45.70700023114478,3555882.0639932128
90.0,0.88,45.96893360893699,3459647.1387105226
90.0,0.89,46.22938290909629,3364733.262754317
90.0,0.9,46.488373075090834,3271140.4371005124
90.0,0.91,46.74592835939637,3178868.662743728
90.0,0.92,47.00207235000181,3087917.9406976756
90.0,0.93,47.25682799562188,2998288.271995573
90.0,0.94,47.51021762969286,2909979.657690559
90.0,0.95,47.76226299322265,2822992.0988561166
90.0,0.96,48.01298525656109,2737325.596586519
90.0,0.97,48.26240504015252,2652980.15199727
90.0,0.98,48.51054243432789,2569955.7662255666
90.0,0.99,48.75741701819031,2488252.440430767
90.0,1.0,49.00304787764431,2407870.175794875
100.0,0.0,0.0,14979079.965839373
100.0,0.01,4.900304787764432,14786119.308874995
100.0,0.02,6.930077490618269,14594409.712156799
100.0,0.03,8.487576864981019,14403951.17588215
100.0,0.04,9.800609575528863,14214743.700251888
100.0,0.05,10.957414615908949,14026787.285470402
100.0,0.06,12.003246314140272,13840081.9317457
100.0,0.07,12.964987816843836,13654627.639289448
100.0,0.08,13.860154981236539,13470424.408317072
100.0,0.09,14.700914363293293,13287472.239047814
100.0,0.1,15.496124358363613,13105771.131704774
100.0,0.11,16.252472339396768,12925321.08651503
100.0,0.12,16.975153729962038,12746122.103709675
100.0,0.13,17.66830017768634,12568174.183523912
100.0,0.14,18.335261606582495,12391477.326197106
100.0,0.15,18.978798834352112,12216031.531972894
100.0,0.16,19.601219151057727,12041836.801099231
100.0,0.17,20.204474237672684,11868893.133828497
100.0,0.18,20.79023247185481,11697200.530417556
100.0,0.19,21.359933362413685,11526758.991127864
100.0,0.2,21.914829231817897,11357568.51622554
100.0,0.21,22.456017618285017,11189629.105981445
100.0,0.22,22.984466804468497,11022940.760671297
100.0,0.23,23.501036175000905,10857503.480575742
100.0,0.24,24.006492628280544,10693317.265980449
100.0,0.25,24.501523938822157,10530382.11717621
100.0,0.26,24.986749735362988,10368698.034459036
100.0,0.27,25.46273059494306,10208265.018130254
100.0,0.28,25.929975633687672,10049083.06849661
100.0,0.29,26.38894888730173,9891152.18587037
100.0,0.3,26.840074709091443,9734472.370569428
100.0,0.31,27.283742364320137,9579043.622917408
100.0,0.32,27.720309962473078,9424865.943243783
100.0,0.33,28.150107840443013,9271939.33188398
100.0,0.34,28.57344148753451,9120263.789179493
100.0,0.35,28.990594085919405,8969839.315478006
100.0,0.36,29.401828726586587,8820665.91113351
100.0,0.37,29.80739035005445,8672743.576506423
100.0,0.38,30.207507452510978,8526072.311963717
100.0,0.39,30.602393591130962,8380652.117879045
100.0,0.4,30.992248716727225,8236482.994632869
100.0,0.41,31.377260357342664,8093564.942612597
100.0,0.42,31.75760467266784,7951897.962212714
100.0,0.43,32.13344739610802,7811482.053834924
100.0,0.44,32.504944678793535,7672317.217888289
100.0,0.45,32.87224384772684,7534403.454789378
100.0,0.46,33.23548408850701,7397740.76496241
100.0,0.47,33.59479706160449,7262329.148839407
100.0,0.48,33.950307459924076,7128168.606860353
100.0,0.49,34.30213351435102,6995259.139473341
100.0,0.5,34.650387453091355,6863600.747134752
100.0,0.51,34.995175919865545,6733193.430309395
100.0,0.52,35.33660035537268,6604037.189470707
100.0,0.53,35.67475734589251,6476132.025100895
100.0,0.54,36.00973894242082,6349477.937691133
100.0,0.55,36.34163295332621,6224074.927741731
100.0,0.56,36.67052321316499,6099922.995762328
100.0,0.57,36.996489829986025,5977022.142272074
100.0,0.58,37.3196094131925,5855372.367799821
100.0,0.59,37.639955283796944,5734973.672884328
100.0,0.6,37.957597668704224,5615826.058074459
100.0,0.61,38.27260388048098,5497929.523929383
100.0,0.62,38.58503848391491,5381284.0710187955
100.0,0.63,38.894963450531506,5265889.699923126
100.0,0.64,39.20243830211545,5151746.411233763
100.0,0.65,39.50752024417827,5038854.205553274
100.0,0.66,39.810264290219706,4927213.083495645
100.0,0.67,40.11072337754743,4816823.045686512
100.0,0.68,40.40894847534537,4707684.092763397
100.0,0.69,40.70498868561572,4599796.225375968
100.0,0.7,40.998891337560465,4493159.444186278
100.0,0.71,41.290702075916286,4387773.749869035
100.0,0.72,41.58046494370962,4283639.143111863
100.0,0.73,41.86822245985673,4180755.624615571
100.0,0.74,42.15401569199592,4079123.195094435
100.0,0.75,42.43788432490509,3978741.855276477
100.0,0.76,42.71986672482737,3879611.60590376
100.0,0.77,43.0,3781732.447732687
100.0,0.78,43.27832005765689,3685104.3815342984
100.0,0.79,43.554861657752674,3589727.408094593
100.0,0.8,43.829658463635795,3495601.5282148416
100.0,0.81,44.10274308987988,3402726.7427119184
100.0,0.82,44.374147147465656,3311103.0524186348
100.0,0.83,44.64390128649065,3220730.4581840774
100.0,0.84,44.912035236570034,3131608.960873969
100.0,0.85,45.17857784507936,3043738.5613710256
100.0,0.86,45.443557113378375,2957119.2605753182
100.0,0.87,45.70700023114478,2871751.059404662
100.0,0.88,45.96893360893699,2787633.9587949957
100.0,0.89,46.22938290909629,2704767.9597007805
100.0,0.9,46.488373075090834,2623153.063095407
100.0,0.91,46.74592835939637,2542789.269971613
100.0,0.92,47.00207235000181,2463676.5813419055
100.0,0.93,47.25682799562188,2385814.9982390064
100.0,0.94,47.51021762969286,2309204.5217162916
100.0,0.95,47.76226299322265,2233845.152848257
100.0,0.96,48.01298525656109,2159736.8927309886
100.0,0.97,48.26240504015252,2086879.742482643
100.0,0.98,48.51054243432789,2015273.7032439462
100.0,0.99,48.75741701819031,1944918.7761786978
100.0,1.0,49.00304787764431,1875814.962474294
110.0,0.0,0.0,13233993.713904826
110.0,0.01,4.900304787764432,13057609.23920067
110.0,0.02,6.930077490618269,12882408.202310262
110.0,0.03,8.487576864981019,12708390.603419827
110.0,0.04,9.800609575528863,12535556.442718964
110.0,0.05,10.957414615908949,12363905.720400741
110.0,0.06,12.003246314140272,12193438.43666174
110.0,0.07,12.964987816843836,12024154.59170213
110.0,0.08,13.860154981236539,11856054.185725726
110.0,0.09,14.700914363293293,11689137.218940068
110.0,0.1,15.496124358363613,11523403.691556493
110.0,0.11,16.252472339396768,11358853.603790192
110.0,0.12,16.975153729962038,11195486.955860296
110.0,0.13,17.66830017768634,11033303.747989954
110.0,0.14,18.335261606582495,10872303.980406398
110.0,0.15,18.978798834352112,10712487.653341018
110.0,0.16,19.601219151057727,10553854.767029464
110.0,0.17,20.204474237672684,10396405.3217117
110.0,0.18,20.79023247185481,10240139.317632107
110.0,0.19,21.359933362413685,10085056.755039558
110.0,0.2,21.914829231817897,9931157.634187503
110.0,0.21,22.456017618285017,9778441.95533407
110.0,0.22,22.984466804468497,9626909.718742132
110.0,0.23,23.501036175000905,9476560.924679426
110.0,0.24,24.006492628280544,9327395.573418638
110.0,0.25,24.501523938822157,9179413.665237473
110.0,0.26,24.986749735362988,9032615.2004188
110.0,0.27,25.46273059494306,8887000.179250715
110.0,0.28,25.929975633687672,8742568.602026658
110.0,0.29,26.38894888730173,8599320.469045525
110.0,0.3,26.840074709091443,8457255.780611757
110.0,0.31,27.283742364320137,8316374.537035455
110.0,0.32,27.720309962473078,8176676.738632505
110.0,0.33,28.150107840443013,8038162.385724678
110.0,0.34,28.57344148753451,7900831.47863975
110.0,0.35,28.990594085919405,7764684.017711623
110.0,0.36,29.401828726586587,7629720.003280443
110.0,0.37,29.80739035005445,7495939.435692732
110.0,0.38,30.207507452510978,7363342.315301506
110.0,0.39,30.602393591130962,7231928.642466411
110.0,0.4,30.992248716727225,7101698.417553853
110.0,0.41,31.377260357342664,6972651.640937139
110.0,0.42,31.75760467266784,6844788.312996608
110.0,0.43,32.13344739610802,6718108.434119775
110.0,0.44,32.504944678793535,6592612.004701487
110.0,0.45,32.87224384772684,6468299.025144052
110.0,0.46,33.23548408850701,6345169.49585741
110.0,0.47,33.59479706160449,6223223.417259276
110.0,0.48,33.950307459924076,6102460.789775298
110.0,0.49,34.30213351435102,5982881.613839236
110.0,0.5,34.650387453091355,5864485.889893104
110.0,0.51,34.995175919865545,5747273.618387356
110.0,0.52,35.33660035537268,5631244.799781058
110.0,0.53,35.67475734589251,5516399.434542062
110.0,0.54,36.00973894242082,5402737.523147185
110.0,0.55,36.34163295332621,5290259.066082404
110.0,0.56,36.67052321316499,5178964.063843041
110.0,0.57,36.996489829986025,5068852.516933958
110.0,0.58,37.3196094131925,4959924.425869752
110.0,0.59,37.639955283796944,4852179.791174971
110.0,0.6,37.957597668704224,4745618.613384306
110.0,0.61,38.27260388048098,4640240.893042825
110.0,0.62,38.58503848391491,4536046.6307061715
110.0,0.63,38.894963450531506,4433035.826940799
110.0,0.64,39.20243830211545,4331208.482324202
110.0,0.65,39.50752024417827,4230564.5974451415
110.0,0.66,39.810264290219706,4131104.172903894
110.0,0.67,40.11072337754743,4032827.2093124925
110.0,0.68,40.40894847534537,3935733.7072949777
110.0,0.69,40.70498868561572,3839823.6674876604
110.0,0.7,40.998891337560465,3745097.0905393786
110.0,0.71,41.290702075916286,3651553.9771117726
110.0,0.72,41.58046494370962,3559194.3278795634
110.0,0.73,41.86822245985673,3468018.14353083
110.0,0.74,42.15401569199592,3378025.424767304
110.0,0.75,42.43788432490509,3289216.172304667
110.0,0.76,42.71986672482737,3201590.386872855
110.0,0.77,43.0,3115148.0692163687
110.0,0.78,43.27832005765689,3029889.2200945956
110.0,0.79,43.554861657752674,2945813.840282138
110.0,0.8,43.829658463635795,2862921.9305691468
110.0,0.81,44.10274308987988,2781213.4917616677
110.0,0.82,44.374147147465656,2700688.524681994
110.0,0.83,44.64390128649065,2621347.0301690255
110.0,0.84,44.912035236570034,2543189.0090786433
110.0,0.85,45.17857784507936,2466214.462284086
110.0,0.86,45.443557113378375,2390423.390676342
110.0,0.87,45.70700023114478,2315815.795164546
110.0,0.88,45.96893360893699,2242391.676676393
110.0,0.89,46.22938290909629,2170151.036158553
110.0,0.9,46.488373075090834,2099093.874577104
110.0,0.91,46.74592835939637,2029220.192917976
110.0,0.92,47.00207235000181,1960529.9921873985
110.0,0.93,47.25682799562188,1893023.2734123692
110.0,0.94,47.51021762969286,1826700.0376411304
110.0,0.95,47.76226299322265,1761560.2859436534
110.0,0.96,48.01298525656109,1697604.0194121469
110.0,0.97,48.26240504015252,1634831.2391615673
110.0,0.98,48.51054243432789,1573241.9463301469
110.0,0.99,48.75741701819031,1512836.1420799377
110.0,1.0,49.00304787764431,1453613.8275973643
120.0,0.0,0.0,11713360.6672507
120.0,0.01,4.900304787764432,11552046.003512805
120.0,0.02,6.930077490618269,11391849.934067251
120.0,0.03,8.487576864981019,11232772.459089557
120.0,0.04,9.800609575528863,11074813.578758545
120.0,0.05,10.957414615908949,10917973.293256382
120.0,0.06,12.003246314140272,10762251.60276865
120.0,0.07,12.964987816843836,10607648.507484414
120.0,0.08,13.860154981236539,10454164.00759629
120.0,0.09,14.700914363293293,10301798.103300506
120.0,0.1,15.496124358363613,10150550.794796979
120.0,0.11,16.252472339396768,10000422.082289387
120.0,0.12,16.975153729962038,9851411.965985244
120.0,0.13,17.66830017768634,9703520.446095962
120.0,0.14,18.335261606582495,9556747.522836944
120.0,0.15,18.978798834352112,9411093.19642765
120.0,0.16,19.601219151057727,9266557.467091685
120.0,0.17,20.204474237672684,9123140.33505687
120.0,0.18,20.79023247185481,8980841.800555332
120.0,0.19,21.359933362413685,8839661.863823596
120.0,0.2,21.914829231817897,8699600.525102654
120.0,0.21,22.456017618285017,8560657.784638075
120.0,0.22,22.984466804468497,8422833.642680066
120.0,0.23,23.501036175000905,8286128.0994836
120.0,0.24,24.006492628280544,8150541.155308485
120.0,0.25,24.501523938822157,8016072.810419472
120.0,0.26,24.986749735362988,7882723.065086344
120.0,0.27,25.46273059494306,7750491.919584031
120.0,0.28,25.929975633687672,7619379.374192703
120.0,0.29,26.38894888730173,7489385.429197878
120.0,0.3,26.840074709091443,7360510.084890526
120.0,0.31,27.283742364320137,7232753.341567189
120.0,0.32,27.720309962473078,7106115.199530086
120.0,0.33,28.150107840443013,6980595.659087228
120.0,0.34,28.57344148753451,6856194.720552541
120.0,0.35,28.990594085919405,6732912.384245981
120.0,0.36,29.401828726586587,6610748.650493661
120.0,0.37,29.80739035005445,6489703.5196279725
120.0,0.38,30.207507452510978,6369776.991987721
120.0,0.39,30.602393591130962,6250969.067918252
120.0,0.4,30.992248716727225,6133279.747771588
120.0,0.41,31.377260357342664,6016709.031906568
120.0,0.42,31.75760467266784,5901256.920688982
120.0,0.43,32.13344739610802,5786923.414491727
120.0,0.44,32.504944678793535,5673708.513694939
120.0,0.45,32.87224384772684,5561612.21868616
120.0,0.46,33.23548408850701,5450634.529860479
120.0,0.47,33.59479706160449,5340775.447620702
120.0,0.48,33.950307459924076,5232034.972377501
120.0,0.49,34.30213351435102,5124413.104549595
120.0,0.5,34.650387453091355,5017909.8445639005
120.0,0.51,34.995175919865545,4912525.192855723
120.0,0.52,35.33660035537268,4808259.149868921
120.0,0.53,35.67475734589251,4705111.716056098
120.0,0.54,36.00973894242082,4603082.891878781
120.0,0.55,36.34163295332621,4502172.677807613
120.0,0.56,36.67052321316499,4402381.0743225515
120.0,0.57,36.996489829986025,4303708.081913061
120.0,0.58,37.3196094131925,4206153.70107832
120.0,0.59,37.639955283796944,4109717.9323274386
120.0,0.6,37.957597668704224,4014400.776179659
120.0,0.61,38.27260388048098,3920202.233164584
120.0,0.62,38.58503848391491,3827122.3038223977
120.0,0.63,38.894963450531506,3735160.9887041003
120.0,0.64,39.20243830211545,3644318.2883717366
120.0,0.65,39.50752024417827,3554594.203398645
120.0,0.66,39.810264290219706,3465988.734369699
120.0,0.67,40.11072337754743,3378501.881881564
120.0,0.68,40.40894847534537,3292133.6465429584
120.0,0.69,40.70498868561572,3206884.0289749154
120.0,0.7,40.998891337560465,3122753.0298110563
120.0,0.71,41.290702075916286,3039740.649697875
120.0,0.72,41.58046494370962,2957846.88929502
120.0,0.73,41.86822245985673,2877071.7492755866
120.0,0.74,42.15401569199592,2797415.2303264244
120.0,0.75,42.43788432490509,2718877.3331484385
120.0,0.76,42.71986672482737,2641458.0584569094
120.0,0.77,43.0,2565157.406981819
120.0,0.78,43.27832005765689,2489975.379468177
120.0,0.79,43.554861657752674,2415911.9766763677
120.0,0.8,43.829658463635795,2342967.199382499
120.0,0.81,44.10274308987988,2271141.0483787563
120.0,0.82,44.374147147465656,2200433.5244737756
120.0,0.83,44.64390128649065,2130844.628493016
120.0,0.84,44.912035236570034,2062374.3612791526
120.0,0.85,45.17857784507936,1995022.7236924658
120.0,0.86,45.443557113378375,1928789.7166112554
120.0,0.87,45.70700023114478,1863675.340932254
120.0,0.88,45.96893360893699,1799679.5975710575
120.0,0.89,46.22938290909629,1736802.4874625646
120.0,0.9,46.488373075090834,1675044.0115614282
120.0,0.91,46.74592835939637,1614404.1708425195
120.0,0.92,47.00207235000181,1554882.9663014023
120.0,0.93,47.25682799562188,1496480.398954823
120.0,0.94,47.51021762969286,1439196.46984121
120.0,0.95,47.76226299322265,1383031.180021189
120.0,0.96,48.01298525656109,1327984.530578112
120.0,0.97,48.26240504015252,1274056.5226185995
120.0,0.98,48.51054243432789,1221247.157273098
120.0,0.99,48.75741701819031,1169556.435696451
120.0,1.0,49.00304787764431,1118984.3590684882
130.0,0.0,0.0,10384920.154805517
130.0,0.01,4.900304787764432,10237308.203412093
130.0,0.02,6.930077490618269,10090752.918544993
130.0,0.03,8.487576864981019,9945254.300369613
130.0,0.04,9.800609575528863,9800812.34905452
130.0,0.05,10.957414615908949,9657427.064771527
130.0,0.06,12.003246314140272,9515098.447695745
130.0,0.07,12.964987816843836,9373826.498005668
130.0,0.08,13.860154981236539,9233611.215883214
130.0,0.09,14.700914363293293,9094452.60151381
130.0,0.1,15.496124358363613,8956350.655086465
130.0,0.11,16.252472339396768,8819305.376793819
130.0,0.12,16.975153729962038,8683316.766832238
130.0,0.13,17.66830017768634,8548384.825401887
130.0,0.14,18.335261606582495,8414509.552706787
130.0,0.15,18.978798834352112,8281690.948954913
130.0,0.16,19.601219151057727,8149929.014358259
130.0,0.17,20.204474237672684,8019223.749132927
130.0,0.18,20.79023247185481,7889575.153499209
130.0,0.19,21.359933362413685,7760983.22768167
130.0,0.2,21.914829231817897,7633447.971909229
130.0,0.21,22.456017618285017,7506969.386415259
130.0,0.22,22.984466804468497,7381547.471437668
130.0,0.23,23.501036175000905,7257182.227218995
130.0,0.24,24.006492628280544,7133873.654006504
130.0,0.25,24.501523938822157,7011621.752052281
130.0,0.26,24.986749735362988,6890426.521613332
130.0,0.27,25.46273059494306,6770287.962951681
130.0,0.28,25.929975633687672,6651206.07633448
130.0,0.29,26.38894888730173,6533180.862034111
130.0,0.3,26.840074709091443,6416212.3203282915
130.0,0.31,27.283742364320137,6300300.451500189
130.0,0.32,27.720309962473078,6185445.255838532
130.0,0.33,28.150107840443013,6071646.733637726
130.0,0.34,28.57344148753451,5958904.885197972
130.0,0.35,28.990594085919405,5847219.710825389
130.0,0.36,29.401828726586587,5736591.210832133
130.0,0.37,29.80739035005445,5627019.385536528
130.0,0.38,30.207507452510978,5518504.235263192
130.0,0.39,30.602393591130962,5411045.760343178
130.0,0.4,30.992248716727225,5304643.961114097
130.0,0.41,31.377260357342664,5199298.837920269
130.0,0.42,31.75760467266784,5095010.391112857
130.0,0.43,32.13344739610802,4991778.621050011
130.0,0.44,32.504944678793535,4889603.528097033
130.0,0.45,32.87224384772684,4788485.112626503
130.0,0.46,33.23548408850701,4688423.375018461
130.0,0.47,33.59479706160449,4589418.315660549
130.0,0.48,33.950307459924076,4491469.934948187
130.0,0.49,34.30213351435102,4394578.233284729
130.0,0.5,34.650387453091355,4298743.211081644
130.0,0.51,34.995175919865545,4203964.868758686
130.0,0.52,35.33660035537268,4110243.2067440744
130.0,0.53,35.67475734589251,4017578.225474685
130.0,0.54,36.00973894242082,3925969.9253962296
130.0,0.55,36.34163295332621,3835418.3069634545
130.0,0.56,36.67052321316499,3745923.3706403356
130.0,0.57,36.996489829986025,3657485.116900287
130.0,0.58,37.3196094131925,3570103.5462263604
130.0,0.59,37.639955283796944,3483778.659111466
130.0,0.6,37.957597668704224,3398510.456058585
130.0,0.61,38.27260388048098,3314298.9375809976
130.0,0.62,38.58503848391491,3231144.10420251
130.0,0.63,38.894963450531506,3149045.9564576894
130.0,0.64,39.20243830211545,3068004.494892104
130.0,0.65,39.50752024417827,2988019.7200625725
130.0,0.66,39.810264290219706,2909091.632537415
130.0,0.67,40.11072337754743,2831220.2328967117
130.0,0.68,40.40894847534537,2754405.52173257
130.0,0.69,40.70498868561572,2678647.4996494018
130.0,0.7,40.998891337560465,2603946.167264188
130.0,0.71,41.290702075916286,2530301.525206787
130.0,0.72,41.58046494370962,2457713.5741202096
130.0,0.73,41.86822245985673,2386182.314660932
130.0,0.74,42.15401569199592,2315707.747499199
130.0,0.75,42.43788432490509,2246289.873319347
130.0,0.76,42.71986672482737,2177928.6928201215
130.0,0.77,43.0,2110624.20671502
130.0,0.78,43.27832005765689,2044376.415732627
130.0,0.79,43.554861657752674,1979185.3206169715
130.0,0.8,43.829658463635795,1915050.9221278836
130.0,0.81,44.10274308987988,1851973.2210413662
130.0,0.82,44.374147147465656,1789952.2181499763
130.0,0.83,44.64390128649065,1728987.914263212
130.0,0.84,44.912035236570034,1669080.310207915
130.0,0.85,45.17857784507936,1610229.4068286829
130.0,0.86,45.443557113378375,1552435.2049882875
130.0,0.87,45.70700023114478,1495697.705568112
130.0,0.88,45.96893360893699,1440016.909468592
130.0,0.89,46.22938290909629,1385392.8176096752
130.0,0.9,46.488373075090834,1331825.4309312901
130.0,0.91,46.74592835939637,1279314.7503938272
130.0,0.92,47.00207235000181,1227860.7769786343
130.0,0.93,47.25682799562188,1177463.5116885253
130.0,0.94,47.51021762969286,1128122.9555483025
130.0,0.95,47.76226299322265,1079839.1096052926
130.0,0.96,48.01298525656109,1032611.9749299003
130.0,0.97,48.26240504015252,986441.5526161728
130.0,0.98,48.51054243432789,941327.8437823843
130.0,0.99,48.75741701819031,897270.8495716335
130.0,1.0,49.00304787764431,854270.5711524589
140.0,0.0,0.0,9222218.828574302
140.0,0.01,4.900304787764432,9087058.403033368
140.0,0.02,6.930077490618269,8952895.80234113
140.0,0.03,8.487576864981019,8819731.026653443
140.0,0.04,9.800609575528863,8687564.076129219
140.0,0.05,10.957414615908949,8556394.950930502
140.0,0.06,12.003246314140272,8426223.651222527
140.0,0.07,12.964987816843836,8297050.177173785
140.0,0.08,13.860154981236539,8168874.528956082
140.0,0.09,14.700914363293293,8041696.706744612
140.0,0.1,15.496124358363613,7915516.710718028
140.0,0.11,16.252472339396768,7790334.541058509
140.0,0.12,16.975153729962038,7666150.197951825
140.0,0.13,17.66830017768634,7542963.681587424
140.0,0.14,18.335261606582495,7420774.9921585
140.0,0.15,18.978798834352112,7299584.129862062
140.0,0.16,19.601219151057727,7179391.0948990295
140.0,0.17,20.204474237672684,7060195.887474297
140.0,0.18,20.79023247185481,6941998.507796824
140.0,0.19,21.359933362413685,6824798.956079716
140.0,0.2,21.914829231817897,6708597.232540311
140.0,0.21,22.456017618285017,6593393.33740027
140.0,0.22,22.984466804468497,6479187.270885658
140.0,0.23,23.501036175000905,6365979.03322705
140.0,0.24,24.006492628280544,6253768.624659609
140.0,0.25,24.501523938822157,6142556.04542319
140.0,0.26,24.986749735362988,6032341.295762442
140.0,0.27,25.46273059494306,5923124.375926902
140.0,0.28,25.929975633687672,5814905.286171098
140.0,0.29,26.38894888730173,5707684.026754657
140.0,0.3,26.840074709091443,5601460.597942412
140.0,0.31,27.283742364320137,5496235.000004509
140.0,0.32,27.720309962473078,5392007.233216528
140.0,0.33,28.150107840443013,5288777.297859588
140.0,0.34,28.57344148753451,5186545.194220469
140.0,0.35,28.990594085919405,5085310.922591738
140.0,0.36,29.401828726586587,4985074.483271865
140.0,0.37,29.80739035005445,4885835.876565354
140.0,0.38,30.207507452510978,4787595.102782869
140.0,0.39,30.602393591130962,4690352.162241373
140.0,0.4,30.992248716727225,4594107.055264259
140.0,0.41,31.377260357342664,4498859.78218149
140.0,0.42,31.75760467266784,4404610.34332974
140.0,0.43,32.13344739610802,4311358.739052543
140.0,0.44,32.504944678793535,4219104.969700444
140.0,0.45,32.87224384772684,4127849.0356311426
140.0,0.46,33.23548408850701,4037590.9372096644
140.0,0.47,33.59479706160449,3948330.6748085073
140.0,0.48,33.950307459924076,3860068.248807815
140.0,0.49,34.30213351435102,3772803.659595542
140.0,0.5,34.650387453091355,3686536.907567629
140.0,0.51,34.995175919865545,3601267.9931281745
140.0,0.52,35.33660035537268,3516996.9166896236
140.0,0.53,35.67475734589251,3433723.6786729465
140.0,0.54,36.00973894242082,3351448.2795078345
140.0,0.55,36.34163295332621,3270170.719632892
140.0,0.56,36.67052321316499,3189890.9994958364
140.0,0.57,36.996489829986025,3110609.119553707
140.0,0.58,37.3196094131925,3032325.0802730676
140.0,0.59,37.639955283796944,2955038.8821302303
140.0,0.6,37.957597668704224,2878750.5256114732
140.0,0.61,38.27260388048098,2803460.0112132626
140.0,0.62,38.58503848391491,2729167.339442494
140.0,0.63,38.894963450531506,2655872.5108167217
140.0,0.64,39.20243830211545,2583575.525864409
140.0,0.65,39.50752024417827,2512276.385125175
140.0,0.66,39.810264290219706,2441975.0891500525
140.0,0.67,40.11072337754743,2372671.6385017564
140.0,0.68,40.40894847534537,2304366.033754944
140.0,0.69,40.70498868561572,2237058.2754965024
140.0,0.7,40.998891337560465,2170748.3643258275
140.0,0.71,41.290702075916286,2105436.3008551174
140.0,0.72,41.58046494370962,2041122.0857096734
140.0,0.73,41.86822245985673,1977805.7195282052
140.0,0.74,42.15401569199592,1915487.2029631485
140.0,0.75,42.43788432490509,1854166.5366809883
140.0,0.76,42.71986672482737,1793843.7213625913
140.0,0.77,43.0,1734518.7577035483
140.0,0.78,43.27832005765689,1676191.6464145232
140.0,0.79,43.554861657752674,1618862.3882216143
140.0,0.8,43.829658463635795,1562530.983866723
140.0,0.81,44.10274308987988,1507197.434107934
140.0,0.82,44.374147147465656,1452861.7397199045
140.0,0.83,44.64390128649065,1399523.901494264
140.0,0.84,44.912035236570034,1347183.9202400271
140.0,0.85,45.17857784507936,1295841.7967840163
140.0,0.86,45.443557113378375,1245497.5319712919
140.0,0.87,45.70700023114478,1196151.1266656034
140.0,0.88,45.96893360893699,1147802.5817498434
140.0,0.89,46.22938290909629,1100451.898126521
140.0,0.9,46.488373075090834,1054099.0767182433
140.0,0.91,46.74592835939637,1008744.1184682157
140.0,0.92,47.00207235000181,964387.0243407505
140.0,0.93,47.25682799562188,921027.7953217939
140.0,0.94,47.51021762969286,878666.4324194653
140.0,0.95,47.76226299322265,837302.936664613
140.0,0.96,48.01298525656109,796937.3091113858
140.0,0.97,48.26240504015252,757569.5508378206
140.0,0.98,48.51054243432789,719199.6629464455
140.0,0.99,48.75741701819031,681827.6465649024
140.0,1.0,49.00304787764431,645453.5028465845
150.0,0.0,0.0,8203391.701725185
150.0,0.01,4.900304787764432,8079529.721465584
150.0,0.02,6.930077490618269,7956609.992695034
150.0,0.03,8.487576864981019,7834632.5155604435
150.0,0.04,9.800609575528863,7713597.290211673
150.0,0.05,10.957414615908949,7593504.316801596
150.0,0.06,12.003246314140272,7474353.595486158
150.0,0.07,12.964987816843836,7356145.126424435
150.0,0.08,13.860154981236539,7238878.909778711
150.0,0.09,14.700914363293293,7122554.945714534
150.0,0.1,15.496124358363613,7007173.2344007855
150.0,0.11,16.252472339396768,6892733.776009749
150.0,0.12,16.975153729962038,6779236.570717182
150.0,0.13,17.66830017768634,6666681.618702391
150.0,0.14,18.335261606582495,6555068.920148298
150.0,0.15,18.978798834352112,6444398.475241522
150.0,0.16,19.601219151057727,6334670.284172454
150.0,0.17,20.204474237672684,6225884.347135338
150.0,0.18,20.79023247185481,6118040.664328345
150.0,0.19,21.359933362413685,6011139.235953667
150.0,0.2,21.914829231817897,5905180.062217595
150.0,0.21,22.456017618285017,5800163.143330601
150.0,0.22,22.984466804468497,5696088.479507436
150.0,0.23,23.501036175000905,5592956.070967217
150.0,0.24,24.006492628280544,5490765.917933517
150.0,0.25,24.501523938822157,5389518.02063446
150.0,0.26,24.986749735362988,5289212.379302827
150.0,0.27,25.46273059494306,5189848.994176146
150.0,0.28,25.929975633687672,5091427.865496792
150.0,0.29,26.38894888730173,4993948.993512101
150.0,0.3,26.840074709091443,4897412.378474471
150.0,0.31,27.283742364320137,4801818.02064147
150.0,0.32,27.720309962473078,4707165.920275954
150.0,0.33,28.150107840443013,4613456.07764617
150.0,0.34,28.57344148753451,4520688.493025888
150.0,0.35,28.990594085919405,4428863.166694509
150.0,0.36,29.401828726586587,4337980.098937196
150.0,0.37,29.80739035005445,4248039.290044994
150.0,0.38,30.207507452510978,4159040.7403149637
150.0,0.39,30.602393591130962,4070984.4500503093
150.0,0.4,30.992248716727225,3983870.4195605204
150.0,0.41,31.377260357342664,3897698.649161502
150.0,0.42,31.75760467266784,3812469.1391757242
150.0,0.43,32.13344739610802,3728181.889932364
150.0,0.44,32.504944678793535,3644836.901767456
150.0,0.45,32.87224384772684,3562434.1750240447
150.0,0.46,33.23548408850701,3480973.7100523394
150.0,0.47,33.59479706160449,3400455.5072098793
150.0,0.48,33.950307459924076,3320879.5668616905
150.0,0.49,34.30213351435102,3242245.889380465
150.0,0.5,34.650387453091355,3164554.4751467244
150.0,0.51,34.995175919865545,3087805.3245490035
150.0,0.52,35.33660035537268,3011998.437984026
150.0,0.53,35.67475734589251,2937133.8158568977
150.0,0.54,36.00973894242082,2863211.45858129
150.0,0.55,36.34163295332621,2790231.366579644
150.0,0.56,36.67052321316499,2718193.540283364
150.0,0.57,36.996489829986025,2647097.980133028
150.0,0.58,37.3196094131925,2576944.686578597
150.0,0.59,37.639955283796944,2507733.660079633
150.0,0.6,37.957597668704224,2439464.901105521
150.0,0.61,38.27260388048098,2372138.410135696
150.0,0.62,38.58503848391491,2305754.1876598787
150.0,0.63,38.894963450531506,2240312.234178315
150.0,0.64,39.20243830211545,2175812.550202022
150.0,0.65,39.50752024417827,2112255.1362530394
150.0,0.66,39.810264290219706,2049639.9928646926
150.0,0.67,40.11072337754743,1987967.1205818567
150.0,0.68,40.40894847534537,1927236.5199612298
150.0,0.69,40.70498868561572,1867448.1915716142
150.0,0.7,40.998891337560465,1808602.135994203
150.0,0.71,41.290702075916286,1750698.3538228783
150.0,0.72,41.58046494370962,1693736.8456645133
150.0,0.73,41.86822245985673,1637717.6121392841
150.0,0.74,42.15401569199592,1582640.6538809913
150.0,0.75,42.43788432490509,1528505.9715373856
150.0,0.76,42.71986672482737,1475313.56577051
150.0,0.77,43.0,1423063.4372570429
150.0,0.78,43.27832005765689,1371755.5866886568
150.0,0.79,43.554861657752674,1321390.0147723835
150.0,0.8,43.829658463635795,1271966.7222309904
150.0,0.81,44.10274308987988,1223485.7098033675
150.0,0.82,44.374147147465656,1175946.9782449238
150.0,0.83,44.64390128649065,1129350.5283279964
150.0,0.84,44.912035236570034,1083696.3608422696
150.0,0.85,45.17857784507936,1038984.4765952071
150.0,0.86,45.443557113378375,995214.8764124936
150.0,0.87,45.70700023114478,952387.5611384925
150.0,0.88,45.96893360893699,910502.5316367137
150.0,0.89,46.22938290909629,869559.7887902952
150.0,0.9,46.488373075090834,829559.3335025
150.0,0.91,46.74592835939637,790501.1666972243
150.0,0.92,47.00207235000181,752385.2893195227
150.0,0.93,47.25682799562188,715211.7023361474
150.0,0.94,47.51021762969286,678980.4067361032
150.0,0.95,47.76226299322265,643691.4035312168
150.0,0.96,48.01298525656109,609344.6937567267
150.0,0.97,48.26240504015252,575940.2784718861
150.0,0.98,48.51054243432789,543478.1587605847
150.0,0.99,48.75741701819031,511958.33573198994
150.0,1.0,49.00304787764431,481380.81052120565
160.0,0.0,0.0,7308710.702441769
160.0,0.01,4.900304787764432,7195105.28270467
160.0,0.02,6.930077490618269,7082389.752906081
160.0,0.03,8.487576864981019,6970564.113184589
160.0,0.04,9.800609575528863,6859628.363681621
160.0,0.05,10.957414615908949,6749582.504541495
160.0,0.06,12.003246314140272,6640426.535911488
160.0,0.07,12.964987816843836,6532160.457941894
160.0,0.08,13.860154981236539,6424784.270786093
160.0,0.09,14.700914363293293,6318297.974600599
160.0,0.1,15.496124358363613,6212701.56954515
160.0,0.11,16.252472339396768,6107995.055782757
160.0,0.12,16.975153729962038,6004178.43347978
160.0,0.13,17.66830017768634,5901251.702806003
160.0,0.14,18.335261606582495,5799214.863934696
160.0,0.15,18.978798834352112,5698067.9170427
160.0,0.16,19.601219151057727,5597810.862310493
160.0,0.17,20.204474237672684,5498443.6999222785
160.0,0.18,20.79023247185481,5399966.430066057
160.0,0.19,21.359933362413685,5302379.052933705
160.0,0.2,21.914829231817897,5205681.568721072
160.0,0.21,22.456017618285017,5109873.977628047
160.0,0.22,22.984466804468497,5014956.279858662
160.0,0.23,23.501036175000905,4920928.475621173
160.0,0.24,24.006492628280544,4827790.565128151
160.0,0.25,24.501523938822157,4735542.5485965805
160.0,0.26,24.986749735362988,4644184.426247949
160.0,0.27,25.46273059494306,4553716.198308353
160.0,0.28,25.929975633687672,4464137.865008591
160.0,0.29,26.38894888730173,4375449.426584274
160.0,0.3,26.840074709091443,4287650.883275919
160.0,0.31,27.283742364320137,4200742.235329071
160.0,0.32,27.720309962473078,4114723.482994407
160.0,0.33,28.150107840443013,4029594.6265278463
160.0,0.34,28.57344148753451,3945355.666190675
160.0,0.35,28.990594085919405,3862006.602249653
160.0,0.36,29.401828726586587,3779547.4349771477
160.0,0.37,29.80739035005445,3697978.1646512533
160.0,0.38,30.207507452510978,3617298.791555917
160.0,0.39,30.602393591130962,3537509.3159810742
160.0,0.4,30.992248716727225,3458609.738222781
160.0,0.41,31.377260357342664,3380600.0585833522
160.0,0.42,31.75760467266784,3303480.2773714997
160.0,0.43,32.13344739610802,3227250.394902483
160.0,0.44,32.504944678793535,3151910.4114982523
160.0,0.45,32.87224384772684,3077460.3274876033
160.0,0.46,33.23548408850701,3003900.143206331
160.0,0.47,33.59479706160449,2931229.858997392
160.0,0.48,33.950307459924076,2859449.4752110667
160.0,0.49,34.30213351435102,2788558.9922051285
160.0,0.5,34.650387453091355,2718558.410345014
160.0,0.51,34.995175919865545,2649447.7300040023
160.0,0.52,35.33660035537268,2581226.951563396
160.0,0.53,35.67475734589251,2513896.0754127055
160.0,0.54,36.00973894242082,2447455.1019498412
160.0,0.55,36.34163295332621,2381904.0315813087
160.0,0.56,36.67052321316499,2317242.864722409
160.0,0.57,36.996489829986025,2253471.601797449
160.0,0.58,37.3196094131925,2190590.243239944
160.0,0.59,37.639955283796944,2128598.789492843
160.0,0.6,37.957597668704224,2067497.2410087502
160.0,0.61,38.27260388048098,2007285.5982501486
160.0,0.62,38.58503848391491,1947963.8616896397
160.0,0.63,38.894963450531506,1889532.031810183
160.0,0.64,39.20243830211545,1831990.109105342
160.0,0.65,39.50752024417827,1775338.0940795394
160.0,0.66,39.810264290219706,1719575.9872483176
160.0,0.67,40.11072337754743,1664703.7891386065
160.0,0.68,40.40894847534537,1610721.5002889985
160.0,0.69,40.70498868561572,1557629.1212500294
160.0,0.7,40.998891337560465,1505426.652584471
160.0,0.71,41.290702075916286,1454114.0948676262
160.0,0.72,41.58046494370962,1403691.4486876389
160.0,0.73,41.86822245985673,1354158.714645804
160.0,0.74,42.15401569199592,1305515.8933568937
160.0,0.75,42.43788432490509,1257762.9854494883
160.0,0.76,42.71986672482737,1210899.991566318
160.0,0.77,43.0,1164926.9123646119
160.0,0.78,43.27832005765689,1119843.7485164604
160.0,0.79,43.554861657752674,1075650.5007091854
160.0,0.8,43.829658463635795,1032347.1696457199
160.0,0.81,44.10274308987988,989933.756045001
160.0,0.82,44.374147147465656,948410.2606423721
160.0,0.83,44.64390128649065,907776.6841899953
160.0,0.84,44.912035236570034,868033.0274572804
160.0,0.85,45.17857784507936,829179.2912313206
160.0,0.86,45.443557113378375,791215.4763173431
160.0,0.87,45.70700023114478,754141.5835391734
160.0,0.88,45.96893360893699,717957.613739711
160.0,0.89,46.22938290909629,682663.5677814205
160.0,0.9,46.488373075090834,648259.4465468366
160.0,0.91,46.74592835939637,614745.2509390825
160.0,0.92,47.00207235000181,582120.981882405
160.0,0.93,47.25682799562188,550386.6403227254
160.0,0.94,47.51021762969286,519542.227228205
160.0,0.95,47.76226299322265,489587.7435898277
160.0,0.96,48.01298525656109,460523.19042200205
160.0,0.97,48.26240504015252,432348.5687631784
160.0,0.98,48.51054243432789,405063.87967648543
160.0,0.99,48.75741701819031,378669.1242503863
160.0,1.0,49.00304787764431,353164.30359935394
170.0,0.0,0.0,6521648.09508387
170.0,0.01,4.900304787764432,6417354.196544433
170.0,0.02,6.930077490618269,6313900.987023653
170.0,0.03,8.487576864981019,6211288.466652412
170.0,0.04,9.800609575528863,6109516.635564318
170.0,0.05,10.957414615908949,6008585.493895758
170.0,0.06,12.003246314140272,5908495.041785964
170.0,0.07,12.964987816843836,5809245.279377064
170.0,0.08,13.860154981236539,5710836.206814157
170.0,0.09,14.700914363293293,5613267.824245362
170.0,0.1,15.496124358363613,5516540.131821893
170.0,0.11,16.252472339396768,5420653.129698122
170.0,0.12,16.975153729962038,5325606.818031639
170.0,0.13,17.66830017768634,5231401.196983338
170.0,0.14,18.335261606582495,5138036.266717475
170.0,0.15,18.978798834352112,5045512.02740174
170.0,0.16,19.601219151057727,4953828.47920734
170.0,0.17,20.204474237672684,4862985.62230907
170.0,0.18,20.79023247185481,4772983.456885388
170.0,0.19,21.359933362413685,4683821.983118502
170.0,0.2,21.914829231817897,4595501.201194447
170.0,0.21,22.456017618285017,4508021.11130317
170.0,0.22,22.984466804468497,4421381.713638613
170.0,0.23,23.501036175000905,4335583.008398806
170.0,0.24,24.006492628280544,4250624.995785951
170.0,0.25,24.501523938822157,4166507.6760065174
170.0,0.26,24.986749735362988,4083231.04927134
170.0,0.27,25.46273059494306,4000795.115795705
170.0,0.28,25.929975633687672,3919199.8757994613
170.0,0.29,26.38894888730173,3838445.3295071116
170.0,0.3,26.840074709091443,3758531.4771479224
170.0,0.31,27.283742364320137,3679458.3189560296
170.0,0.32,27.720309962473078,3601225.8551705433
170.0,0.33,28.150107840443013,3523834.086035666
170.0,0.34,28.57344148753451,3447283.0118008037
170.0,0.35,28.990594085919405,3371572.6327206823
170.0,0.36,29.401828726586587,3296702.9490554687
170.0,0.37,29.80739035005445,3222673.9610708966
170.0,0.38,30.207507452510978,3149485.6690383893
170.0,0.39,30.602393591130962,3077138.073235192
170.0,0.4,30.992248716727225,3005631.1739445026
170.0,0.41,31.377260357342664,2934964.97145561
170.0,0.42,31.75760467266784,2865139.4660640317
170.0,0.43,32.13344739610802,2796154.6580716586
170.0,0.44,32.504944678793535,2728010.5477869026
170.0,0.45,32.87224384772684,2660707.135524845
170.0,0.46,33.23548408850701,2594244.421607393
170.0,0.47,33.59479706160449,2528622.406363436
170.0,0.48,33.950307459924076,2463841.090129012
170.0,0.49,34.30213351435102,2399900.47324747
170.0,0.5,34.650387453091355,2336800.5560696456
170.0,0.51,34.995175919865545,2274541.3389540343
170.0,0.52,35.33660035537268,2213122.82226697
170.0,0.53,35.67475734589251,2152545.006382814
170.0,0.54,36.00973894242082,2092807.8916841426
170.0,0.55,36.34163295332621,2033911.4785619413
170.0,0.56,36.67052321316499,1975855.7674158067
170.0,0.57,36.996489829986025,1918640.7586541509
170.0,0.58,37.3196094131925,1862266.452694411
170.0,0.59,37.639955283796944,1806732.8499632685
170.0,0.6,37.957597668704224,1752039.9508968692
170.0,0.61,38.27260388048098,1698187.7559410522
170.0,0.62,38.58503848391491,1645176.2655515838
170.0,0.63,38.894963450531506,1593005.4801943996
170.0,0.64,39.20243830211545,1541675.4003458486
170.0,0.65,39.50752024417827,1491186.0264929517
170.0,0.66,39.810264290219706,1441537.3591336585
170.0,0.67,40.11072337754743,1392729.3987771175
170.0,0.68,40.40894847534537,1344762.1459439504
170.0,0.69,40.70498868561572,1297635.6011665366
170.0,0.7,40.998891337560465,1251349.7649893013
170.0,0.71,41.290702075916286,1205904.6379690175
170.0,0.72,41.58046494370962,1161300.2206751113
170.0,0.73,41.86822245985673,1117536.5136899783
170.0,0.74,42.15401569199592,1074613.517609307
170.0,0.75,42.43788432490509,1032531.2330424156
170.0,0.76,42.71986672482737,991289.6606125901
170.0,0.77,43.0,950888.8009574426
170.0,0.78,43.27832005765689,911328.6547292703
170.0,0.79,43.554861657752674,872609.2225954303
170.0,0.8,43.829658463635795,834730.5052387232
170.0,0.81,44.10274308987988,797692.5033577875
170.0,0.82,44.374147147465656,761495.2176675072
170.0,0.83,44.64390128649065,726138.648899427
170.0,0.84,44.912035236570034,691622.7978021852
170.0,0.85,45.17857784507936,657947.6651419551
170.0,0.86,45.443557113378375,625113.2517028996
170.0,0.87,45.70700023114478,593119.5582876416
170.0,0.88,45.96893360893699,561966.5857177455
170.0,0.89,46.22938290909629,531654.3348342136
170.0,0.9,46.488373075090834,502182.8064979986
170.0,0.91,46.74592835939637,473552.0015905296
170.0,0.92,47.00207235000181,445761.9210142543
170.0,0.93,47.25682799562188,418812.56569319783
170.0,0.94,47.51021762969286,392703.93657353823
170.0,0.95,47.76226299322265,367436.0346241979
170.0,0.96,48.01298525656109,343008.8608374557
170.0,0.97,48.26240504015252,319422.416229575
170.0,0.98,48.51054243432789,296676.701841452
170.0,0.99,48.75741701819031,274771.7187392837
170.0,1.0,49.00304787764431,253707.46801525625
180.0,0.0,0.0,5828039.600279756
180.0,0.01,4.900304787764432,5732201.522607667
180.0,0.02,6.930077490618269,5637158.003608285
180.0,0.03,8.487576864981019,5542909.043405383
180.0,0.04,9.800609575528863,5449454.64212535
180.0,0.05,10.957414615908949,5356794.799897251
180.0,0.06,12.003246314140272,5264929.51685288
180.0,0.07,12.964987816843836,5173858.793126816
180.0,0.08,13.860154981236539,5083582.628856493
180.0,0.09,14.700914363293293,4994101.024182251
180.0,0.1,15.496124358363613,4905413.979247403
180.0,0.11,16.252472339396768,4817521.4941983055
180.0,0.12,16.975153729962038,4730423.569184414
180.0,0.13,17.66830017768634,4644120.204358361
180.0,0.14,18.335261606582495,4558611.399876013
180.0,0.15,18.978798834352112,4473897.155896559
180.0,0.16,19.601219151057727,4389977.472582565
180.0,0.17,20.204474237672684,4306852.350100058
180.0,0.18,20.79023247185481,4224521.7886186065
180.0,0.19,21.359933362413685,4142985.7883113855
180.0,0.2,21.914829231817897,4062244.3493552688
180.0,0.21,22.456017618285017,3982297.471930905
180.0,0.22,22.984466804468497,3903145.1562228
180.0,0.23,23.501036175000905,3824787.4024194092
180.0,0.24,24.006492628280544,3747224.210713221
180.0,0.25,24.501523938822157,3670455.581300848
180.0,0.26,24.986749735362988,3594481.5143831177
180.0,0.27,25.46273059494306,3519302.010165173
180.0,0.28,25.929975633687672,3444917.068856563
180.0,0.29,26.38894888730173,3371326.690671343
180.0,0.3,26.840074709091443,3298530.8758281847
180.0,0.31,27.283742364320137,3226529.6245504706
180.0,0.32,27.720309962473078,3155322.9370664055
180.0,0.33,28.150107840443013,3084910.813609129
180.0,0.34,28.57344148753451,3015293.2544168225
180.0,0.35,28.990594085919405,2946470.2597328313
180.0,0.36,29.401828726586587,2878441.829805776
180.0,0.37,29.80739035005445,2811207.9648896814
180.0,0.38,30.207507452510978,2744768.665244095
180.0,0.39,30.602393591130962,2679123.9311342184
180.0,0.4,30.992248716727225,2614273.7628310365
180.0,0.41,31.377260357342664,2550218.1606114535
180.0,0.42,31.75760467266784,2486957.1247584294
180.0,0.43,32.13344739610802,2424490.655561122
180.0,0.44,32.504944678793535,2362818.753315034
180.0,0.45,32.87224384772684,2301941.4183221566
180.0,0.46,33.23548408850701,2241858.65089113
180.0,0.47,33.59479706160449,2182570.451337393
180.0,0.48,33.950307459924076,2124076.819983348
180.0,0.49,34.30213351435102,2066377.7571585253
180.0,0.5,34.650387453091355,2009473.2631997534
180.0,0.51,34.995175919865545,1953363.3384513315
180.0,0.52,35.33660035537268,1898047.9832652083
180.0,0.53,35.67475734589251,1843527.1980011675
180.0,0.54,36.00973894242082,1789800.983027014
180.0,0.55,36.34163295332621,1736869.338718768
180.0,0.56,36.67052321316499,1684732.265460863
180.0,0.57,36.996489829986025,1633389.763646352
180.0,0.58,37.3196094131925,1582841.8336771138
180.0,0.59,37.639955283796944,1533088.4759640703
180.0,0.6,37.957597668704224,1484129.690927407
180.0,0.61,38.27260388048098,1435965.4789967998
180.0,0.62,38.58503848391491,1388595.8406116494
180.0,0.63,38.894963450531506,1342020.7762213186
180.0,0.64,39.20243830211545,1296240.2862853813
180.0,0.65,39.50752024417827,1251254.3712738738
180.0,0.66,39.810264290219706,1207063.0316675561
180.0,0.67,40.11072337754743,1163666.2679581787
180.0,0.68,40.40894847534537,1121064.080648757
180.0,0.69,40.70498868561572,1079256.470253856
180.0,0.7,40.998891337560465,1038243.4372998766
180.0,0.71,41.290702075916286,998024.9823253596
180.0,0.72,41.58046494370962,958601.1058812895
180.0,0.73,41.86822245985673,919971.8085314108
180.0,0.74,42.15401569199592,882137.0908525536
180.0,0.75,42.43788432490509,845096.9534349674
180.0,0.76,42.71986672482737,808851.3968826657
180.0,0.77,43.0,773400.421813778
180.0,0.78,43.27832005765689,738744.0288609151
180.0,0.79,43.554861657752674,704882.2186715432
180.0,0.8,43.829658463635795,671814.9919083691
180.0,0.81,44.10274308987988,639542.3492497371
180.0,0.82,44.374147147465656,608064.2913900367
180.0,0.83,44.64390128649065,577380.8190401227
180.0,0.84,44.912035236570034,547491.9329277488
180.0,0.85,45.17857784507936,518397.63379801175
180.0,0.86,45.443557113378375,490097.92241381085
180.0,0.87,45.70700023114478,462592.79955632007
180.0,0.88,45.96893360893699,435882.2660254736
180.0,0.89,46.22938290909629,409966.3226404682
180.0,0.9,46.488373075090834,384844.9702402782
180.0,0.91,46.74592835939637,360518.20968418795
180.0,0.92,47.00207235000181,336986.04185233894
180.0,0.93,47.25682799562188,314248.4676462949
180.0,0.94,47.51021762969286,292305.48798962374
180.0,0.95,47.76226299322265,271157.1038284957
180.0,0.96,48.01298525656109,250803.31613230356
180.0,0.97,48.26240504015252,231244.12589429843
180.0,0.98,48.51054243432789,212479.534132247
180.0,0.99,48.75741701819031,194509.54188910927
180.0,1.0,49.00304787764431,177334.1502337364
190.0,0.0,0.0,5215725.530545507
190.0,0.01,4.900304787764432,5127569.509092284
190.0,0.02,6.930077490618269,5040164.868962988
190.0,0.03,8.487576864981019,4953511.610274862
190.0,0.04,9.800609575528863,4867609.7331476575
190.0,0.05,10.957414615908949,4782459.237703701
190.0,0.06,12.003246314140272,4698060.124067935
190.0,0.07,12.964987816843836,4614412.392367985
190.0,0.08,13.860154981236539,4531516.042734216
190.0,0.09,14.700914363293293,4449371.07529979
190.0,0.1,15.496124358363613,4367977.490200731
190.0,0.11,16.252472339396768,4287335.287575985
190.0,0.12,16.975153729962038,4207444.467567487
190.0,0.13,17.66830017768634,4128305.0303202267
190.0,0.14,18.335261606582495,4049916.975982311
190.0,0.15,18.978798834352112,3972280.3047050433
190.0,0.16,19.601219151057727,3895395.0166429845
190.0,0.17,20.204474237672684,3819261.111954034
190.0,0.18,20.79023247185481,3743878.5907994956
190.0,0.19,21.359933362413685,3669247.453344162
190.0,0.2,21.914829231817897,3595367.6997563886
190.0,0.21,22.456017618285017,3522239.330208174
190.0,0.22,22.984466804468497,3449862.344875243
190.0,0.23,23.501036175000905,3378236.7439371306
190.0,0.24,24.006492628280544,3307362.5275772684
190.0,0.25,24.501523938822157,3237239.6959830713
190.0,0.26,24.986749735362988,3167868.249346032
190.0,0.27,25.46273059494306,3099248.1878618086
190.0,0.28,25.929975633687672,3031379.5117303254
190.0,0.29,26.38894888730173,2964262.2211558665
190.0,0.3,26.840074709091443,2897896.3163471767
190.0,0.31,27.283742364320137,2832281.797517566
190.0,0.32,27.720309962473078,2767418.664885012
190.0,0.33,28.150107840443013,2703306.918672273
190.0,0.34,28.57344148753451,2639946.55910699
190.0,0.35,28.990594085919405,2577337.5864218106
190.0,0.36,29.401828726586587,2515480.0008544954
190.0,0.37,29.80739035005445,2454373.802648046
190.0,0.38,30.207507452510978,2394018.992050823
190.0,0.39,30.602393591130962,2334415.5693166726
190.0,0.4,30.992248716727225,2275563.5347050554
190.0,0.41,31.377260357342664,2217462.8884811797
190.0,0.42,31.75760467266784,2160113.630916137
190.0,0.43,32.13344739610802,2103515.76228704
190.0,0.44,32.504944678793535,2047669.2828771695
190.0,0.45,32.87224384772684,1992574.192976116
190.0,0.46,33.23548408850701,1938230.492879935
190.0,0.47,33.59479706160449,1884638.1828913002
190.0,0.48,33.950307459924076,1831797.2633196602
190.0,0.49,34.30213351435102,1779707.7344814069
190.0,0.5,34.650387453091355,1728369.596700037
190.0,0.51,34.995175919865545,1677782.8503063284
190.0,0.52,35.33660035537268,1627947.4956385144
190.0,0.53,35.67475734589251,1578863.5330424681
190.0,0.54,36.00973894242082,1530530.9628718845
190.0,0.55,36.34163295332621,1482949.7854884753
190.0,0.56,36.67052321316499,1436120.001262165
190.0,0.57,36.996489829986025,1390041.610571292
190.0,0.58,37.3196094131925,1344714.6138028163
190.0,0.59,37.639955283796944,1300139.011352534
190.0,0.6,37.957597668704224,1256314.8036252963
190.0,0.61,38.27260388048098,1213241.9910352337
190.0,0.62,38.58503848391491,1170920.5740059884
190.0,0.63,38.894963450531506,1129350.5529709533
190.0,0.64,39.20243830211545,1088531.9283735137
190.0,0.65,39.50752024417827,1048464.7006673032
190.0,0.66,39.810264290219706,1009148.8703164592
190.0,0.67,40.11072337754743,970584.43779589
190.0,0.68,40.40894847534537,932771.4035915483
190.0,0.69,40.70498868561572,895709.7682007131
190.0,0.7,40.998891337560465,859399.5321322778
190.0,0.71,41.290702075916286,823840.6959070498
190.0,0.72,41.58046494370962,789033.2600580549
190.0,0.73,41.86822245985673,754977.2251308538
190.0,0.74,42.15401569199592,721672.591683866
190.0,0.75,42.43788432490509,689119.3602887025
190.0,0.76,42.71986672482737,657317.5315305111
190.0,0.77,43.0,626267.1060083278
190.0,0.78,43.27832005765689,595968.0843354417
190.0,0.79,43.554861657752674,566420.4671397702
190.0,0.8,43.829658463635795,537624.2550642428
190.0,0.81,44.10274308987988,509579.4487671997
190.0,0.82,44.374147147465656,482286.04892280046
190.0,0.83,44.64390128649065,455744.0562214438
190.0,0.84,44.912035236570034,429953.4713702031
190.0,0.85,45.17857784507936,404914.295093272
190.0,0.86,45.443557113378375,380626.52813242533
190.0,0.87,45.70700023114478,357090.1712474927
190.0,0.88,45.96893360893699,334305.2252168473
190.0,0.89,46.22938290909629,312271.69083791017
190.0,0.9,46.488373075090834,290989.5689276678
190.0,0.91,46.74592835939637,270458.8603232084
190.0,0.92,47.00207235000181,250679.56588227264
190.0,0.93,47.25682799562188,231651.6864838223
190.0,0.94,47.51021762969286,213375.22302862667
190.0,0.95,47.76226299322265,195850.1764398665
190.0,0.96,48.01298525656109,179076.5476637584
190.0,0.97,48.26240504015252,163054.33767019716
190.0,0.98,48.51054243432789,147783.54745341936
190.0,0.99,48.75741701819031,133264.17803268778
190.0,1.0,49.00304787764431,119496.23045299751
200.0,0.0,0.0,4674032.108018463
200.0,0.01,4.900304787764432,4592863.219841209
200.0,0.02,6.930077490618269,4512405.314697452
200.0,0.03,8.487576864981019,4432658.3926984565
200.0,0.04,9.800609575528863,4353622.453957905
200.0,0.05,10.957414615908949,4275297.498591944
200.0,0.06,12.003246314140272,4197683.526719241
200.0,0.07,12.964987816843836,4120780.538461044
200.0,0.08,13.860154981236539,4044588.5339412303
200.0,0.09,14.700914363293293,3969107.513286374
200.0,0.1,15.496124358363613,3894337.4766257973
200.0,0.11,16.252472339396768,3820278.4240916413
200.0,0.12,16.975153729962038,3746930.3558189175
200.0,0.13,17.66830017768634,3674293.2719455836
200.0,0.14,18.335261606582495,3602367.172612601
200.0,0.15,18.978798834352112,3531152.057964007
200.0,0.16,19.601219151057727,3460647.928146981
200.0,0.17,20.204474237672684,3390854.78331192
200.0,0.18,20.79023247185481,3321772.623612506
200.0,0.19,21.359933362413685,3253401.449205782
200.0,0.2,21.914829231817897,3185741.2602522317
200.0,0.21,22.456017618285017,3118792.056915855
200.0,0.22,22.984466804468497,3052553.8393642474
200.0,0.23,23.501036175000905,2987026.607768684
200.0,0.24,24.006492628280544,2922210.362304204
200.0,0.25,24.501523938822157,2858105.1031496963
200.0,0.26,24.986749735362988,2794710.8304879875
200.0,0.27,25.46273059494306,2732027.544505935
200.0,0.28,25.929975633687672,2670055.2453945186
200.0,0.29,26.38894888730173,2608793.933348937
200.0,0.3,26.840074709091443,2548243.608568704
200.0,0.31,27.283742364320137,2488404.2712577516
200.0,0.32,27.720309962473078,2429275.921624534
200.0,0.33,28.150107840443013,2370858.559882126
200.0,0.34,28.57344148753451,2313152.1862483444
200.0,0.35,28.990594085919405,2256156.8009458473
200.0,0.36,29.401828726586587,2199872.404202255
200.0,0.37,29.80739035005445,2144298.996250265
200.0,0.38,30.207507452510978,2089436.5773277746
200.0,0.39,30.602393591130962,2035285.147678002
200.0,0.4,30.992248716727225,1981844.7075496137
200.0,0.41,31.377260357342664,1929115.2571968567
200.0,0.42,31.75760467266784,1877096.7968796887
200.0,0.43,32.13344739610802,1825789.326863918
200.0,0.44,32.504944678793535,1775192.8474213434
200.0,0.45,32.87224384772684,1725307.3588299
200.0,0.46,33.23548408850701,1676132.8613738043
200.0,0.47,33.59479706160449,1627669.3553437118
200.0,0.48,33.950307459924076,1579916.8410368685
200.0,0.49,34.30213351435102,1532875.3187572756
200.0,0.5,34.650387453091355,1486544.788815853
200.0,0.51,34.995175919865545,1440925.2515306086
200.0,0.52,35.33660035537268,1396016.707226815
200.0,0.53,35.67475734589251,1351819.1562371862
200.0,0.54,36.00973894242082,1308332.598902062
200.0,0.55,36.34163295332621,1265557.0355695991
200.0,0.56,36.67052321316499,1223492.4665959643
200.0,0.57,36.996489829986025,1182138.892345533
200.0,0.58,37.3196094131925,1141496.3131910965
200.0,0.59,37.639955283796944,1101564.7295140733
200.0,0.6,37.957597668704224,1062344.1417047244
200.0,0.61,38.27260388048098,1023834.5501623781
200.0,0.62,38.58503848391491,986035.9552956588
200.0,0.63,38.894963450531506,948948.3575227231
200.0,0.64,39.20243830211545,912571.7572715023
200.0,0.65,39.50752024417827,876906.1549799518
200.0,0.66,39.810264290219706,841951.551096309
200.0,0.67,40.11072337754743,807707.9460793559
200.0,0.68,40.40894847534537,774175.340398692
200.0,0.69,40.70498868561572,741353.7345350131
200.0,0.7,40.998891337560465,709243.1289803986
200.0,0.71,41.290702075916286,677843.5242386095
200.0,0.72,41.58046494370962,647154.9208253908
200.0,0.73,41.86822245985673,617177.3192687867
200.0,0.74,42.15401569199592,587910.720109462
200.0,0.75,42.43788432490509,559355.1239010361
200.0,0.76,42.71986672482737,531510.5312104238
200.0,0.77,43.0,504376.94261818804
200.0,0.78,43.27832005765689,477954.35871890315
200.0,0.79,43.554861657752674,452242.78012152825
200.0,0.8,43.829658463635795,427242.2074497918
200.0,0.81,44.10274308987988,402952.6413425889
200.0,0.82,44.374147147465656,379374.0824543891
200.0,0.83,44.64390128649065,356506.5314556572
200.0,0.84,44.912035236570034,334349.9890332877
200.0,0.85,45.17857784507936,312904.4558910509
200.0,0.86,45.443557113378375,292169.9327500547
200.0,0.87,45.70700023114478,272146.42034921783
200.0,0.88,45.96893360893699,252833.91944576055
200.0,0.89,46.22938290909629,234232.43081570903
200.0,0.9,46.488373075090834,216341.95525441563
200.0,0.91,46.74592835939637,199162.49357709568
200.0,0.92,47.00207235000181,182694.04661938103
200.0,0.93,47.25682799562188,166936.61523789066
200.0,0.94,47.51021762969286,151890.2003108201
200.0,0.95,47.76226299322265,137554.8027385483
200.0,0.96,48.01298525656109,123930.42344426551
200.0,0.97,48.26240504015252,111017.06337461984
200.0,0.98,48.51054243432789,98814.72350038502
200.0,0.99,48.75741701819031,87323.4048171498
200.0,1.0,49.00304787764431,76543.10834602952
210.0,0.0,0.0,4194417.132566387
210.0,0.01,4.900304787764432,4119599.852619698
210.0,0.02,6.930077490618269,4045455.8692563265
210.0,0.03,8.487576864981019,3971985.1825820697
210.0,0.04,9.800609575528863,3899187.792705042
210.0,0.05,10.957414615908949,3827063.6997357314
210.0,0.06,12.003246314140272,3755612.903787051
210.0,0.07,12.964987816843836,3684835.4049743903
210.0,0.08,13.860154981236539,3614731.2034156774
210.0,0.09,14.700914363293293,3545300.2992314305
210.0,0.1,15.496124358363613,3476542.6925448156
210.0,0.11,16.252472339396768,3408458.3834817107
210.0,0.12,16.975153729962038,3341047.3721707636
210.0,0.13,17.66830017768634,3274309.6587434546
210.0,0.14,18.335261606582495,3208245.243334164
210.0,0.15,18.978798834352112,3142854.126080232
210.0,0.16,19.601219151057727,3078136.307122034
210.0,0.17,20.204474237672684,3014091.786603043
210.0,0.18,20.79023247185481,2950720.564669904
210.0,0.19,21.359933362413685,2888022.641472505
210.0,0.2,21.914829231817897,2825998.017164054
210.0,0.21,22.456017618285017,2764646.6919011525
210.0,0.22,22.984466804468497,2703968.6658438765
210.0,0.23,23.501036175000905,2643963.939155855
210.0,0.24,24.006492628280544,2584632.512004352
210.0,0.25,24.501523938822157,2525974.3845603555
210.0,0.26,24.986749735362988,2467989.5569986566
210.0,0.27,25.46273059494306,2410678.0294979457
210.0,0.28,25.929975633687672,2354039.802240898
210.0,0.29,26.38894888730173,2298074.8754142723
210.0,0.3,26.840074709091443,2242783.249209003
210.0,0.31,27.283742364320137,2188164.923820301
210.0,0.32,27.720309962473078,2134219.899447753
210.0,0.33,28.150107840443013,2080948.1762954257
210.0,0.34,28.57344148753451,2028349.754571974
210.0,0.35,28.990594085919405,1976424.6344907484
210.0,0.36,29.401828726586587,1925172.8162699055
210.0,0.37,29.80739035005445,1874594.300132528
210.0,0.38,30.207507452510978,1824689.0863067387
210.0,0.39,30.602393591130962,1775457.1750258224
210.0,0.4,30.992248716727225,1726898.566528353
210.0,0.41,31.377260357342664,1679013.261058318
210.0,0.42,31.75760467266784,1631801.2588652505
210.0,0.43,32.13344739610802,1585262.5602043667
210.0,0.44,32.504944678793535,1539397.165336702
210.0,0.45,32.87224384772684,1494205.0745292522
210.0,0.46,33.23548408850701,1449686.2880551233
210.0,0.47,33.59479706160449,1405840.806193678
210.0,0.48,33.950307459924076,1362668.6292306911
210.0,0.49,34.30213351435102,1320169.7574585092
210.0,0.5,34.650387453091355,1278344.1911762112
210.0,0.51,34.995175919865545,1237191.9306897777
210.0,0.52,35.33660035537268,1196712.976312261
210.0,0.53,35.67475734589251,1156907.328363964
210.0,0.54,36.00973894242082,1117774.9871726194
210.0,0.55,36.34163295332621,1079315.9530735775
210.0,0.56,36.67052321316499,1041530.2264099993
210.0,0.57,36.996489829986025,1004417.8075330518
210.0,0.58,37.3196094131925,967978.6968021109
210.0,0.59,37.639955283796944,932212.8945849729
210.0,0.6,37.957597668704224,897120.4012580657
210.0,0.61,38.27260388048098,862701.2172066711
210.0,0.62,38.58503848391491,828955.342825152
210.0,0.63,38.894963450531506,795882.7785171849
210.0,0.64,39.20243830211545,763483.5246960011
210.0,0.65,39.50752024417827,731757.5817846329
210.0,0.66,39.810264290219706,700704.9502161697
210.0,0.67,40.11072337754743,670325.6304340174
210.0,0.68,40.40894847534537,640619.6228921696
210.0,0.69,40.70498868561572,611586.9280554845
210.0,0.7,40.998891337560465,583227.546399969
210.0,0.71,41.290702075916286,555541.4784130746
210.0,0.72,41.58046494370962,528528.7245939984
210.0,0.73,41.86822245985673,502189.2854539956
210.0,0.74,42.15401569199592,476523.1615166994
210.0,0.75,42.43788432490509,451530.35331845214
210.0,0.76,42.71986672482737,427210.86140864517
210.0,0.77,43.0,403564.6863500694
210.0,0.78,43.27832005765689,380591.8287192768
210.0,0.79,43.554861657752674,358292.28910695226
210.0,0.8,43.829658463635795,336666.0681182966
210.0,0.81,44.10274308987988,315713.16637342266
210.0,0.82,44.374147147465656,295433.584507762
210.0,0.83,44.64390128649065,275827.3231724839
210.0,0.84,44.912035236570034,256894.38303492978
210.0,0.85,45.17857784507936,238634.76477905817
210.0,0.86,45.443557113378375,221048.469105905
210.0,0.87,45.70700023114478,204135.49673405825
210.0,0.88,45.96893360893699,187895.848400147
210.0,0.89,46.22938290909629,172329.524859346
210.0,0.9,46.488373075090834,157436.52688589672
210.0,0.91,46.74592835939637,143216.85527364406
210.0,0.92,47.00207235000181,129670.5108365908
210.0,0.93,47.25682799562188,116797.49440946945
210.0,0.94,47.51021762969286,104597.80684833268
210.0,0.95,47.76226299322265,93071.449031162
210.0,0.96,48.01298525656109,82218.42185849763
210.0,0.97,48.26240504015252,72038.72625408732
210.0,0.98,48.51054243432789,62532.363165556955
210.0,0.99,48.75741701819031,53699.3335651031
210.0,1.0,49.00304787764431,45539.63845020821
220.0,0.0,0.0,3768863.444994214
220.0,0.01,4.900304787764432,3699828.4313987023
220.0,0.02,6.930077490618269,3631431.544850274
220.0,0.03,8.487576864981019,3563672.7854497326
220.0,0.04,9.800609575528863,3496552.1533001144
220.0,0.05,10.957414615908949,3430069.6485067396
220.0,0.06,12.003246314140272,3364225.271177262
220.0,0.07,12.964987816843836,3299019.0214217226
220.0,0.08,13.860154981236539,3234450.899352603
220.0,0.09,14.700914363293293,3170520.905084883
220.0,0.1,15.496124358363613,3107229.038736094
220.0,0.11,16.252472339396768,3044575.300426379
220.0,0.12,16.975153729962038,2982559.6902785534
220.0,0.13,17.66830017768634,2921182.2084181625
220.0,0.14,18.335261606582495,2860442.8549735486
220.0,0.15,18.978798834352112,2800341.6300759106
220.0,0.16,19.601219151057727,2740878.5338593745
220.0,0.17,20.204474237672684,2682053.5664610546
220.0,0.18,20.79023247185481,2623866.728021132
220.0,0.19,21.359933362413685,2566318.018682914
220.0,0.2,21.914829231817897,2509407.4385929178
220.0,0.21,22.456017618285017,2453134.9879009374
220.0,0.22,22.984466804468497,2397500.6667601247
220.0,0.23,23.501036175000905,2342504.4753270647
220.0,0.24,24.006492628280544,2288146.413761858
220.0,0.25,24.501523938822157,2234426.4822282027
220.0,0.26,24.986749735362988,2181344.68089348
220.0,0.27,25.46273059494306,2128901.0099288407
220.0,0.28,25.929975633687672,2077095.4695092924
220.0,0.29,26.38894888730173,2025928.0598137954
220.0,0.3,26.840074709091443,1975398.7810253513
220.0,0.31,27.283742364320137,1925507.6333311049
220.0,0.32,27.720309962473078,1876254.616922438
220.0,0.33,28.150107840443013,1827639.7319950757
220.0,0.34,28.57344148753451,1779662.9787491856
220.0,0.35,28.990594085919405,1732324.3573894904
220.0,0.36,29.401828726586587,1685623.8681253726
220.0,0.37,29.80739035005445,1639561.5111709915
220.0,0.38,30.207507452510978,1594137.2867453955
220.0,0.39,30.602393591130962,1549351.1950726449
220.0,0.4,30.992248716727225,1505203.2363819305
220.0,0.41,31.377260357342664,1461693.4109077011
220.0,0.42,31.75760467266784,1418821.7188897918
220.0,0.43,32.13344739610802,1376588.1605735563
220.0,0.44,32.504944678793535,1334992.7362100044
220.0,0.45,32.87224384772684,1294035.446055939
220.0,0.46,33.23548408850701,1253716.290374102
220.0,0.47,33.59479706160449,1214035.2694333217
220.0,0.48,33.950307459924076,1174992.383508663
220.0,0.49,34.30213351435102,1136587.6328815843
220.0,0.5,34.650387453091355,1098821.0178400984
220.0,0.51,34.995175919865545,1061692.538678936
220.0,0.52,35.33660035537268,1025202.1956997147
220.0,0.53,35.67475734589251,989349.9892111147
220.0,0.54,36.00973894242082,954135.9195290564
220.0,0.55,36.34163295332621,919559.9869768852
220.0,0.56,36.67052321316499,885622.19188556
220.0,0.57,36.996489829986025,852322.5345938491
220.0,0.58,37.3196094131925,819661.0154485281
220.0,0.59,37.639955283796944,787637.6348045887
220.0,0.6,37.957597668704224,756252.3930254487
220.0,0.61,38.27260388048098,725505.2904831708
220.0,0.62,38.58503848391491,695396.3275586863
220.0,0.63,38.894963450531506,665925.5046420267
220.0,0.64,39.20243830211545,637092.8221325602
220.0,0.65,39.50752024417827,608898.2804392376
220.0,0.66,39.810264290219706,581341.8799808422
220.0,0.67,40.11072337754743,554423.6211862507
220.0,0.68,40.40894847534537,528143.5044946988
220.0,0.69,40.70498868561572,502501.5303560563
220.0,0.7,40.998891337560465,477497.69923110906
220.0,0.71,41.290702075916286,453132.01159185194
220.0,0.72,41.58046494370962,429404.46792178735
220.0,0.73,41.86822245985673,406315.0687162349
220.0,0.74,42.15401569199592,383863.8144826497
220.0,0.75,42.43788432490509,362050.70574095
220.0,0.76,42.71986672482737,340875.7430238556
220.0,0.77,43.0,320338.926877236
220.0,0.78,43.27832005765689,300440.25786046893
220.0,0.79,43.554861657752674,281179.73654681095
220.0,0.8,43.829658463635795,262557.36352377816
220.0,0.81,44.10274308987988,244573.1393935401
220.0,0.82,44.374147147465656,227227.06477332444
220.0,0.83,44.64390128649065,210519.14029583504
220.0,0.84,44.912035236570034,194449.3666096837
220.0,0.85,45.17857784507936,179017.74437983424
220.0,0.86,45.443557113378375,164224.27428806142
220.0,0.87,45.70700023114478,150068.95703342385
220.0,0.88,45.96893360893699,136551.7933327525
220.0,0.89,46.22938290909629,123672.78392115435
220.0,0.9,46.488373075090834,111431.9295525323
220.0,0.91,46.74592835939637,99829.2310001218
220.0,0.92,47.00207235000181,88864.68905704493
220.0,0.93,47.25682799562188,78538.30453688218
220.0,0.94,47.51021762969286,68850.07827426291
220.0,0.95,47.76226299322265,59800.01112547498
220.0,0.96,48.01298525656109,51388.10396909488
220.0,0.97,48.26240504015252,43614.35770663795
220.0,0.98,48.51054243432789,36478.77326323032
220.0,0.99,48.75741701819031,29981.351588303303
220.0,1.0,49.00304787764431,24122.093656310626
230.0,0.0,0.0,3390659.977317989
230.0,0.01,4.900304787764432,3326893.5501471143
230.0,0.02,6.930077490618269,3263732.4435461517
230.0,0.03,8.487576864981019,3201176.657611358
230.0,0.04,9.800609575528863,3139226.192441141
230.0,0.05,10.957414615908949,3077881.0481361095
230.0,0.06,12.003246314140272,3017141.2247991217
230.0,0.07,12.964987816843836,2957006.7225353373
230.0,0.08,13.860154981236539,2897477.5414522695
230.0,0.09,14.700914363293293,2838553.681659839
230.0,0.1,15.496124358363613,2780235.1432704297
230.0,0.11,16.252472339396768,2722521.9263989455
230.0,0.12,16.975153729962038,2665414.031162867
230.0,0.13,17.66830017768634,2608911.4576823125
230.0,0.14,18.335261606582495,2553014.206080098
230.0,0.15,18.978798834352112,2497722.2764818016
230.0,0.16,19.601219151057727,2443035.669015823
230.0,0.17,20.204474237672684,2388954.3838134552
230.0,0.18,20.79023247185481,2335478.4210089487
230.0,0.19,21.359933362413685,2282607.7807395807
230.0,0.2,21.914829231817897,2230342.4631457278
230.0,0.21,22.456017618285017,2178682.4683709363
230.0,0.22,22.984466804468497,2127627.796561999
230.0,0.23,23.501036175000905,2077178.4478690312
230.0,0.24,24.006492628280544,2027334.4224455494
230.0,0.25,24.501523938822157,1978095.7204485515
230.0,0.26,24.986749735362988,1929462.3420386007
230.0,0.27,25.46273059494306,1881434.2873799084
230.0,0.28,25.929975633687672,1834011.556640425
230.0,0.29,26.38894888730173,1787194.1499919256
230.0,0.3,26.840074709091443,1740982.0676101039
230.0,0.31,27.283742364320137,1695375.309674666
230.0,0.32,27.720309962473078,1650373.8763694288
230.0,0.33,28.150107840443013,1605977.767882417
230.0,0.34,28.57344148753451,1562186.9844059658
230.0,0.35,28.990594085919405,1519001.526136828
230.0,0.36,29.401828726586587,1476421.3932762775
230.0,0.37,29.80739035005445,1434446.586030225
230.0,0.38,30.207507452510978,1393077.1046093276
230.0,0.39,30.602393591130962,1352312.9492291063
230.0,0.4,30.992248716727225,1312154.120110068
230.0,0.41,31.377260357342664,1272600.617477826
230.0,0.42,31.75760467266784,1233652.4415632274
230.0,0.43,32.13344739610802,1195309.5926024835
230.0,0.44,32.504944678793535,1157572.0708373038
230.0,0.45,32.87224384772684,1120439.8765150318
230.0,0.46,33.23548408850701,1083913.009888788
230.0,0.47,33.59479706160449,1047991.4712176131
230.0,0.48,33.950307459924076,1012675.2607666184
230.0,0.49,34.30213351435102,977964.3788071389
230.0,0.5,34.650387453091355,943858.8256168901
230.0,0.51,34.995175919865545,910358.6014801314
230.0,0.52,35.33660035537268,877463.7066878318
230.0,0.53,35.67475734589251,845174.1415378414
230.0,0.54,36.00973894242082,813489.9063350679
230.0,0.55,36.34163295332621,782411.0013916581
230.0,0.56,36.67052321316499,751937.4270271838
230.0,0.57,36.996489829986025,722069.1835688349
230.0,0.58,37.3196094131925,692806.2713516143
230.0,0.59,37.639955283796944,664148.6907185448
230.0,0.6,37.957597668704224,636096.4420208749
230.0,0.61,38.27260388048098,608649.5256182965
230.0,0.62,38.58503848391491,581807.9418791636
230.0,0.63,38.894963450531506,555571.6911807233
230.0,0.64,39.20243830211545,529940.7739093482
230.0,0.65,39.50752024417827,504915.1904607795
230.0,0.66,39.810264290219706,480494.9412403748
230.0,0.67,40.11072337754743,456680.02666336525
230.0,0.68,40.40894847534537,433470.4471551189
230.0,0.69,40.70498868561572,410866.20315141283
230.0,0.7,40.998891337560465,388867.2950987123
230.0,0.71,41.290702075916286,367473.7234544609
230.0,0.72,41.58046494370962,346685.48868737614
230.0,0.73,41.86822245985673,326502.59127775667
230.0,0.74,42.15401569199592,306925.03171779745
230.0,0.75,42.43788432490509,287952.8105119152
230.0,0.76,42.71986672482737,269585.9281770837
230.0,0.77,43.0,251824.38524317945
230.0,0.78,43.27832005765689,234668.1822533377
230.0,0.79,43.554861657752674,218117.31976432036
230.0,0.8,43.829658463635795,202171.79834689474
230.0,0.81,44.10274308987988,186831.61858622404
230.0,0.82,44.374147147465656,172096.781082271
230.0,0.83,44.64390128649065,157967.28645021273
230.0,0.84,44.912035236570034,144443.13532087082
230.0,0.85,45.17857784507936,131524.32834115313
230.0,0.86,45.443557113378375,119210.86617451088
230.0,0.87,45.70700023114478,107502.74950140985
230.0,0.88,45.96893360893699,96399.97901981698
230.0,0.89,46.22938290909629,85902.55544570267
230.0,0.9,46.488373075090834,76010.4795135592
230.0,0.91,46.74592835939637,66723.75197693624
230.0,0.92,47.00207235000181,58042.37360899373
230.0,0.93,47.25682799562188,49966.34520307294
230.0,0.94,47.51021762969286,42495.667573286366
230.0,0.95,47.76226299322265,35630.34155512685
230.0,0.96,48.01298525656109,29370.36800609759
230.0,0.97,48.26240504015252,23715.747806362484
230.0,0.98,48.51054243432789,18666.481859418524
230.0,0.99,48.75741701819031,14222.57109279079
230.0,1.0,49.00304787764431,10384.016458750872
240.0,0.0,0.0,3053999.3071887745
240.0,0.01,4.900304787764432,2995037.986221264
240.0,0.02,6.930077490618269,2936651.390413882
240.0,0.03,8.487576864981019,2878839.519858752
240.0,0.04,9.800609575528863,2821602.3746500667
240.0,0.05,10.957414615908949,2764939.954884148
240.0,0.06,12.003246314140272,2708852.2606594865
240.0,0.07,12.964987816843836,2653339.292076794
240.0,0.08,13.860154981236539,2598401.0492390557
240.0,0.09,14.700914363293293,2544037.532251581
240.0,0.1,15.496124358363613,2490248.7412220594
240.0,0.11,16.252472339396768,2437034.676260613
240.0,0.12,16.975153729962038,2384395.3374798554
240.0,0.13,17.66830017768634,2332330.724994948
240.0,0.14,18.335261606582495,2280840.838923661
240.0,0.15,18.978798834352112,2229925.6793864337
240.0,0.16,19.601219151057727,2179585.2465064363
240.0,0.17,20.204474237672684,2129819.540409635
240.0,0.18,20.79023247185481,2080628.5612248573
240.0,0.19,21.359933362413685,2032012.3090838615
240.0,0.2,21.914829231817897,1983970.7841214023
240.0,0.21,22.456017618285017,1936503.9864753059
240.0,0.22,22.984466804468497,1889611.9162865395
240.0,0.23,23.501036175000905,1843294.573699289
240.0,0.24,24.006492628280544,1797551.9588610341
240.0,0.25,24.501523938822157,1752384.071922627
240.0,0.26,24.986749735362988,1707790.9130383763
240.0,0.27,25.46273059494306,1663772.4823661246
240.0,0.28,25.929975633687672,1620328.7800673405
240.0,0.29,26.38894888730173,1577459.8063072003
240.0,0.3,26.840074709091443,1535165.5612546813
240.0,0.31,27.283742364320137,1493446.0450826534
240.0,0.32,27.720309962473078,1452301.2579679736
240.0,0.33,28.150107840443013,1411731.200091584
240.0,0.34,28.57344148753451,1371735.871638611
240.0,0.35,28.990594085919405,1332315.272798468
240.0,0.36,29.401828726586587,1293469.4037649627
240.0,0.37,29.80739035005445,1255198.2647364025
240.0,0.38,30.207507452510978,1217501.8559157087
240.0,0.39,30.602393591130962,1180380.1775105302
240.0,0.4,30.992248716727225,1143833.2297333593
240.0,0.41,31.377260357342664,1107861.0128016553
240.0,0.42,31.75760467266784,1072463.5269379665
240.0,0.43,32.13344739610802,1037640.7723700589
240.0,0.44,32.504944678793535,1003392.7493310475
240.0,0.45,32.87224384772684,969719.4580595306
240.0,0.46,33.23548408850701,936620.8987997292
240.0,0.47,33.59479706160449,904097.0718016286
240.0,0.48,33.950307459924076,872147.9773211258
240.0,0.49,34.30213351435102,840773.61562018
240.0,0.5,34.650387453091355,809973.9869669677
240.0,0.51,34.995175919865545,779749.0916360423
240.0,0.52,35.33660035537268,750098.9299084975
240.0,0.53,35.67475734589251,721023.5020721367
240.0,0.54,36.00973894242082,692522.8084216468
240.0,0.55,36.34163295332621,664596.8492587757
240.0,0.56,36.67052321316499,637245.6248925173
240.0,0.57,36.996489829986025,610469.1356393007
240.0,0.58,37.3196094131925,584267.3818231828
240.0,0.59,37.639955283796944,558640.3637760517
240.0,0.6,37.957597668704224,533588.0818378307
240.0,0.61,38.27260388048098,509110.536356692
240.0,0.62,38.58503848391491,485207.7276892744
240.0,0.63,38.894963450531506,461879.6562009089
240.0,0.64,39.20243830211545,439126.3222658502
240.0,0.65,39.50752024417827,416947.7262675162
240.0,0.66,39.810264290219706,395343.8685987329
240.0,0.67,40.11072337754743,374314.7496619887
240.0,0.68,40.40894847534537,353860.3698696945
240.0,0.69,40.70498868561572,333980.72964445374
240.0,0.7,40.998891337560465,314675.8294193377
240.0,0.71,41.290702075916286,295945.66963817325
240.0,0.72,41.58046494370962,277790.25075583544
240.0,0.73,41.86822245985673,260209.57323855167
240.0,0.74,42.15401569199592,243203.63756421427
240.0,0.75,42.43788432490509,226772.44422270273
240.0,0.76,42.71986672482737,210915.99371621636
240.0,0.77,43.0,195634.28655961703
240.0,0.78,43.27832005765689,180927.32328078264
240.0,0.79,43.554861657752674,166795.10442097203
240.0,0.8,43.829658463635795,153237.63053520088
240.0,0.81,44.10274308987988,140254.9021926301
240.0,0.82,44.374147147465656,127846.9199769663
240.0,0.83,44.64390128649065,116013.68448687436
240.0,0.84,44.912035236570034,104755.19633640503
240.0,0.85,45.17857784507936,94071.45615543437
240.0,0.86,45.443557113378375,83962.46459011838
240.0,0.87,45.70700023114478,74428.22230336218
240.0,0.88,45.96893360893699,65468.729975304406
240.0,0.89,46.22938290909629,57083.98830381755
240.0,0.9,46.488373075090834,49273.998005024536
240.0,0.91,46.74592835939637,42038.75981383253
240.0,0.92,47.00207235000181,35378.2744844842
240.0,0.93,47.25682799562188,29292.542791127406
240.0,0.94,47.51021762969286,23781.56552840387
240.0,0.95,47.76226299322265,18845.343512057356
240.0,0.96,48.01298525656109,14483.877579562746
240.0,0.97,48.26240504015252,10697.168590775847
240.0,0.98,48.51054243432789,7485.217428605483
240.0,0.99,48.75741701819031,4848.024999708385
240.0,1.0,49.00304787764431,2785.592235207857
250.0,0.0,0.0,2753847.98130793
250.0,0.01,4.900304787764432,2699271.1830854756
250.0,0.02,6.930077490618269,2645240.624177452
250.0,0.03,8.487576864981019,2591756.3046721956
250.0,0.04,9.800609575528863,2538818.2246600436
250.0,0.05,10.957414615908949,2486426.3842333867
250.0,0.06,12.003246314140272,2434580.7834867137
250.0,0.07,12.964987816843836,2383281.42251666
250.0,0.08,13.860154981236539,2332528.301422058
250.0,0.09,14.700914363293293,2282321.4203039883
250.0,0.1,15.496124358363613,2232660.7792658317
250.0,0.11,16.252472339396768,2183546.3784133247
250.0,0.12,16.975153729962038,2134978.2178546106
250.0,0.13,17.66830017768634,2086956.297700301
250.0,0.14,18.335261606582495,2039480.6180635297
250.0,0.15,18.978798834352112,1992551.1790600151
250.0,0.16,19.601219151057727,1946167.98080812
250.0,0.17,20.204474237672684,1900331.0234289146
250.0,0.18,20.79023247185481,1855040.3070462402
250.0,0.19,21.359933362413685,1810295.8317867757
250.0,0.2,21.914829231817897,1766097.5977801052
250.0,0.21,22.456017618285017,1722445.605158788
250.0,0.22,22.984466804468497,1679339.8540584287
250.0,0.23,23.501036175000905,1636780.3446177507
250.0,0.24,24.006492628280544,1594767.0769786735
250.0,0.25,24.501523938822157,1553300.0512863863
250.0,0.26,24.986749735362988,1512379.26768943
250.0,0.27,25.46273059494306,1472004.7263397765
250.0,0.28,25.929975633687672,1432176.427392914
250.0,0.29,26.38894888730173,1392894.3710079314
250.0,0.3,26.840074709091443,1354158.557347607
250.0,0.31,27.283742364320137,1315968.9865784985
250.0,0.32,27.720309962473078,1278325.658871036
250.0,0.33,28.150107840443013,1241228.5743996182
250.0,0.34,28.57344148753451,1204677.7333427093
250.0,0.35,28.990594085919405,1168673.1358829397
250.0,0.36,29.401828726586587,1133214.7822072108
250.0,0.37,29.80739035005445,1098302.6725067995
250.0,0.38,30.207507452510978,1063936.8069774688
250.0,0.39,30.602393591130962,1030117.1858195802
250.0,0.4,30.992248716727225,996843.8092382073
250.0,0.41,31.377260357342664,964116.6774432567
250.0,0.42,31.75760467266784,931935.7906495879
250.0,0.43,32.13344739610802,900301.1490771407
250.0,0.44,32.504944678793535,869212.752951062
250.0,0.45,32.87224384772684,838670.6025018403
250.0,0.46,33.23548408850701,808674.6979654407
250.0,0.47,33.59479706160449,779225.0395834452
250.0,0.48,33.950307459924076,750321.6276031969
250.0,0.49,34.30213351435102,721964.4622779492
250.0,0.5,34.650387453091355,694153.5438670166
250.0,0.51,34.995175919865545,666888.8726359336
250.0,0.52,35.33660035537268,640170.4488566146
250.0,0.53,35.67475734589251,613998.2728075205
250.0,0.54,36.00973894242082,588372.3447738301
250.0,0.55,36.34163295332621,563292.665047616
250.0,0.56,36.67052321316499,538759.2339280247
250.0,0.57,36.996489829986025,514772.0517214648
250.0,0.58,37.3196094131925,491331.1187417969
250.0,0.59,37.639955283796944,468436.4353105331
250.0,0.6,37.957597668704224,446088.0017570394
250.0,0.61,38.27260388048098,424285.81841874553
250.0,0.62,38.58503848391491,403029.88564136083
250.0,0.63,38.894963450531506,382320.20377909596
250.0,0.64,39.20243830211545,362156.77319489286
250.0,0.65,39.50752024417827,342539.59426066006
250.0,0.66,39.810264290219706,323468.6673575153
250.0,0.67,40.11072337754743,304943.9928760368
250.0,0.68,40.40894847534537,286965.5712165209
250.0,0.69,40.70498868561572,269533.4027892481
250.0,0.7,40.998891337560465,252647.48801475661
250.0,0.71,41.290702075916286,236307.82732412618
250.0,0.72,41.58046494370962,220514.42115926865
250.0,0.73,41.86822245985673,205267.26997322834
250.0,0.74,42.15401569199592,190566.37423049216
250.0,0.75,42.43788432490509,176411.734407309
250.0,0.76,42.71986672482737,162803.3509920189
250.0,0.77,43.0,149741.22448539373
250.0,0.78,43.27832005765689,137225.35540098706
250.0,0.79,43.554861657752674,125255.7442654966
250.0,0.8,43.829658463635795,113832.39161913726
250.0,0.81,44.10274308987988,102955.2980160266
250.0,0.82,44.374147147465656,92624.46402458267
250.0,0.83,44.64390128649065,82839.89022793404
250.0,0.84,44.912035236570034,73601.57722434442
250.0,0.85,45.17857784507936,64909.52562764991
250.0,0.86,45.443557113378375,56763.73606771085
250.0,0.87,45.70700023114478,49164.20919087877
250.0,0.88,45.96893360893699,42110.945660478435
250.0,0.89,46.22938290909629,35603.9461573059
250.0,0.9,46.488373075090834,29643.211380143013
250.0,0.91,46.74592835939637,24228.74204628923
250.0,0.92,47.00207235000181,19360.53889211101
250.0,0.93,47.25682799562188,15038.602673609805
250.0,0.94,47.51021762969286,11262.934167009142
250.0,0.95,47.76226299322265,8033.5341693614655
250.0,0.96,48.01298525656109,5350.403499175934
250.0,0.97,48.26240504015252,3213.5429970672903
250.0,0.98,48.51054243432789,1622.9535264271572
250.0,0.99,48.75741701819031,578.6359741184037
250.0,1.0,49.00304787764431,80.5912511935042
260.0,0.0,0.0,2485836.3885955787
260.0,0.01,4.900304787764432,2435269.072485719
260.0,0.02,6.930077490618269,2385221.379939191
260.0,0.03,8.487576864981019,2335693.311040919
260.0,0.04,9.800609575528863,2286684.865877763
260.0,0.05,10.957414615908949,2238196.044538572
260.0,0.06,12.003246314140272,2190226.8471142254
260.0,0.07,12.964987816843836,2142777.27369768
260.0,0.08,13.860154981236539,2095847.3243840223
260.0,0.09,14.700914363293293,2049436.999270516
260.0,0.1,15.496124358363613,2003546.2984566516
260.0,0.11,16.252472339396768,1958175.2220442032
260.0,0.12,16.975153729962038,1913323.7701372781
260.0,0.13,17.66830017768634,1868991.9428423743
260.0,0.14,18.335261606582495,1825179.7402684367
260.0,0.15,18.978798834352112,1781887.1625269155
260.0,0.16,19.601219151057727,1739114.209731825
260.0,0.17,20.204474237672684,1696860.8819998058
260.0,0.18,20.79023247185481,1655127.1794501871
260.0,0.19,21.359933362413685,1613913.102205051
260.0,0.2,21.914829231817897,1573218.6503893
260.0,0.21,22.456017618285017,1533043.8241307228
260.0,0.22,22.984466804468497,1493388.6235600656
260.0,0.23,23.501036175000905,1454253.0488111037
260.0,0.24,24.006492628280544,1415637.100020714
260.0,0.25,24.501523938822157,1377540.7773289522
260.0,0.26,24.986749735362988,1339964.0808791278
260.0,0.27,25.46273059494306,1302907.0108178859
260.0,0.28,25.929975633687672,1266369.5672952884
260.0,0.29,26.38894888730173,1230351.750464898
260.0,0.3,26.840074709091443,1194853.5604838633
260.0,0.31,27.283742364320137,1159874.9975130095
260.0,0.32,27.720309962473078,1125416.0617169274
260.0,0.33,28.150107840443013,1091476.7532640684
260.0,0.34,28.57344148753451,1058057.0723268406
260.0,0.35,28.990594085919405,1025157.019081706
260.0,0.36,29.401828726586587,992776.5937092832
260.0,0.37,29.80739035005445,960915.7963944523
260.0,0.38,30.207507452510978,929574.6273264608
260.0,0.39,30.602393591130962,898753.0866990351
260.0,0.4,30.992248716727225,868451.1747104925
260.0,0.41,31.377260357342664,838668.8915638586
260.0,0.42,31.75760467266784,809406.2374669869
260.0,0.43,32.13344739610802,780663.2126326817
260.0,0.44,32.504944678793535,752439.8172788254
260.0,0.45,32.87224384772684,724736.0516285085
260.0,0.46,33.23548408850701,697551.9159101628
260.0,0.47,33.59479706160449,670887.4103577014
260.0,0.48,33.950307459924076,644742.5352106574
260.0,0.49,34.30213351435102,619117.2907143326
260.0,0.5,34.650387453091355,594011.6771199465
260.0,0.51,34.995175919865545,569425.6946847907
260.0,0.52,35.33660035537268,545359.3436723879
260.0,0.53,35.67475734589251,521812.6243526564
260.0,0.54,36.00973894242082,498785.53700207744
260.0,0.55,36.34163295332621,476278.0819038688
260.0,0.56,36.67052321316499,454290.25934816455
260.0,0.57,36.996489829986025,432822.0696321972
260.0,0.58,37.3196094131925,411873.5130604879
260.0,0.59,37.639955283796944,391444.5899450415
260.0,0.6,37.957597668704224,371535.30060554715
260.0,0.61,38.27260388048098,352145.6453695849
260.0,0.62,38.58503848391491,333275.6245728392
260.0,0.63,38.894963450531506,314925.23855931795
260.0,0.64,39.20243830211545,297094.4876815791
260.0,0.65,39.50752024417827,279783.37230096356
260.0,0.66,39.810264290219706,262991.8927878355
260.0,0.67,40.11072337754743,246720.04952182964
260.0,0.68,40.40894847534537,230967.84289210683
260.0,0.69,40.70498868561572,215735.2732976171
260.0,0.7,40.998891337560465,201022.34114737043
260.0,0.71,41.290702075916286,186829.0468607172
260.0,0.72,41.58046494370962,173155.3908676365
260.0,0.73,41.86822245985673,160001.37360903315
260.0,0.74,42.15401569199592,147366.99553704512
260.0,0.75,42.43788432490509,135252.25711535985
260.0,0.76,42.71986672482737,123657.15881954107
260.0,0.77,43.0,112581.70113736563
260.0,0.78,43.27832005765689,102025.88456917161
260.0,0.79,43.554861657752674,91989.70962821697
260.0,0.8,43.829658463635795,82473.17684105037
260.0,0.81,44.10274308987988,73476.28674789358
260.0,0.82,44.374147147465656,64999.03990303658
260.0,0.83,44.64390128649065,57041.436875244995
260.0,0.84,44.912035236570034,49603.47824818184
260.0,0.85,45.17857784507936,42685.16462084218
260.0,0.86,45.443557113378375,36286.49660800255
260.0,0.87,45.70700023114478,30407.47484068525
260.0,0.88,45.96893360893699,25048.09996663795
260.0,0.89,46.22938290909629,20208.372650829497
260.0,0.9,46.488373075090834,15888.293575962092
260.0,0.91,46.74592835939637,12087.863443000922
260.0,0.92,47.00207235000181,8807.082971721577
260.0,0.93,47.25682799562188,6045.952901276042
260.0,0.94,47.51021762969286,3804.473990778043
260.0,0.95,47.76226299322265,2082.6470199082587
260.0,0.96,48.01298525656109,880.4727895405922
260.0,0.97,48.26240504015252,197.95212238977638
260.0,0.98,48.51054243432789,35.085863681557456
260.0,0.99,48.75741701819031,391.8748818461645
260.0,1.0,49.00304787764431,1268.3200692360092
270.0,0.0,0.0,2246165.1151703466
270.0,0.01,4.900304787764432,2199266.1401150604
270.0,0.02,6.930077490618269,2152861.959099186
270.0,0.03,8.487576864981019,2106952.572204548
270.0,0.04,9.800609575528863,2061537.9795148512
270.0,0.05,10.957414615908949,2016618.1811157258
270.0,0.06,12.003246314140272,1972193.1770947706
270.0,0.07,12.964987816843836,1928262.9675416034
270.0,0.08,13.860154981236539,1884827.552547904
270.0,0.09,14.700914363293293,1841886.9322074647
270.0,0.1,15.496124358363613,1799441.1066162419
270.0,0.11,16.252472339396768,1757490.0758724045
270.0,0.12,16.975153729962038,1716033.8400763888
270.0,0.13,17.66830017768634,1675072.399330951
270.0,0.14,18.335261606582495,1634605.7537412238
270.0,0.15,18.978798834352112,1594633.9034147724
270.0,0.16,19.601219151057727,1555156.8484616529
270.0,0.17,20.204474237672684,1516174.5889944723
270.0,0.18,20.79023247185481,1477687.125128452
270.0,0.19,21.359933362413685,1439694.4569814855
270.0,0.2,21.914829231817897,1402196.58467421
270.0,0.21,22.456017618285017,1365193.5083300679
270.0,0.22,22.984466804468497,1328685.2280753767
270.0,0.23,23.501036175000905,1292671.7440394007
270.0,0.24,24.006492628280544,1257153.0563544198
270.0,0.25,24.501523938822157,1222129.1651558063
270.0,0.26,24.986749735362988,1187600.0705820993
270.0,0.27,25.46273059494306,1153565.7727750838
270.0,0.28,25.929975633687672,1120026.2718798695
270.0,0.29,26.38894888730173,1086981.5680449745
270.0,0.3,26.840074709091443,1054431.661422409
270.0,0.31,27.283742364320137,1022376.552167762
270.0,0.32,27.720309962473078,990816.2404402925
270.0,0.33,28.150107840443013,959750.726403019
270.0,0.34,28.57344148753451,929180.010222815
270.0,0.35,28.990594085919405,899104.0920705058
270.0,0.36,29.401828726586587,869522.9721209676
270.0,0.37,29.80739035005445,840436.6505532312
270.0,0.38,30.207507452510978,811845.1275505861
270.0,0.39,30.602393591130962,783748.4033006898
270.0,0.4,30.992248716727225,756146.4779956779
270.0,0.41,31.377260357342664,729039.35183228
270.0,0.42,31.75760467266784,702427.0250119367
270.0,0.43,32.13344739610802,676309.4977409209
270.0,0.44,32.504944678793535,650686.7702304623
270.0,0.45,32.87224384772684,625558.8426968758
270.0,0.46,33.23548408850701,600925.7153616933
270.0,0.47,33.59479706160449,576787.3884517996
270.0,0.48,33.950307459924076,553143.862199571
270.0,0.49,34.30213351435102,529995.1368430204
270.0,0.5,34.650387453091355,507341.2126259445
270.0,0.51,34.995175919865545,485182.089798076
270.0,0.52,35.33660035537268,463517.7686152404
270.0,0.53,35.67475734589251,442348.2493395171
270.0,0.54,36.00973894242082,421673.5322394058
270.0,0.55,36.34163295332621,401493.61758999724
270.0,0.56,36.67052321316499,381808.5056731496
270.0,0.57,36.996489829986025,362618.19677766965
270.0,0.58,37.3196094131925,343922.69119949936
270.0,0.59,37.639955283796944,325721.98924190865
270.0,0.6,37.957597668704224,308016.091215694
270.0,0.61,38.27260388048098,290804.99743938167
270.0,0.62,38.58503848391491,274088.7082394391
270.0,0.63,38.894963450531506,257867.22395049155
270.0,0.64,39.20243830211545,242140.54491554535
270.0,0.65,39.50752024417827,226908.67148621858
270.0,0.66,39.810264290219706,212171.60402297878
270.0,0.67,40.11072337754743,197929.34289538724
270.0,0.68,40.40894847534537,184181.8884823521
270.0,0.69,40.70498868561572,170929.2411723886
270.0,0.7,40.998891337560465,158171.40136388692
270.0,0.71,41.290702075916286,145908.3694653902
270.0,0.72,41.58046494370962,134140.1458958796
270.0,0.73,41.86822245985673,122866.73108506923
270.0,0.74,42.15401569199592,112088.12547371002
270.0,0.75,42.43788432490509,101804.32951390387
270.0,0.76,42.71986672482737,92015.34366942728
270.0,0.77,43.0,82721.16841606578
270.0,0.78,43.27832005765689,73921.80424195882
270.0,0.79,43.554861657752674,65617.25164795609
270.0,0.8,43.829658463635795,57807.51114798541
270.0,0.81,44.10274308987988,50492.58326943242
270.0,0.82,44.374147147465656,43672.46855353297
270.0,0.83,44.64390128649065,37347.1675557781
270.0,0.84,44.912035236570034,31516.680846332878
270.0,0.85,45.17857784507936,26181.00901046873
270.0,0.86,45.443557113378375,21340.152649010204
270.0,0.87,45.70700023114478,16994.112378796857
270.0,0.88,45.96893360893699,13142.888833160483
270.0,0.89,46.22938290909629,9786.482662418499
270.0,0.9,46.488373075090834,6924.894534384002
270.0,0.91,46.74592835939637,4558.1251348931855
270.0,0.92,47.00207235000181,2686.175168350701
270.0,0.93,47.25682799562188,1309.0453582937448
270.0,0.94,47.51021762969286,426.7364479755581
270.0,0.95,47.76226299322265,39.249200969024955
270.0,0.96,48.01298525656109,146.5844017913191
270.0,0.97,48.26240504015252,748.7428565502094
270.0,0.98,48.51054243432789,1845.7253936130408
270.0,0.99,48.75741701819031,3437.5328642991994
270.0,1.0,49.00304787764431,5524.166143597042
280.0,0.0,0.0,2031525.2146430667
280.0,0.01,4.900304787764432,1987986.2505850194
280.0,0.02,6.930077490618269,1944918.9091209036
280.0,0.03,8.487576864981019,1902323.190329731
280.0,0.04,9.800609575528863,1860199.0942923396
280.0,0.05,10.957414615908949,1818546.6210914368
280.0,0.06,12.003246314140272,1777365.7708116446
280.0,0.07,12.964987816843836,1736656.5435395432
280.0,0.08,13.860154981236539,1696418.9393637194
280.0,0.09,14.700914363293293,1656652.9583748127
280.0,0.1,15.496124358363613,1617358.6006655653
280.0,0.11,16.252472339396768,1578535.8663308711
280.0,0.12,16.975153729962038,1540184.7554678288
280.0,0.13,17.66830017768634,1502305.2681757929
280.0,0.14,18.335261606582495,1464897.4045564288
280.0,0.15,18.978798834352112,1427961.1647137695
280.0,0.16,19.601219151057727,1391496.5487542711
280.0,0.17,20.204474237672684,1355503.5567868717
280.0,0.18,20.79023247185481,1319982.1889230527
280.0,0.19,21.359933362413685,1284932.4452769
280.0,0.2,21.914829231817897,1250354.3259651668
280.0,0.21,22.456017618285017,1216247.8311073396
280.0,0.22,22.984466804468497,1182612.9608257057
280.0,0.23,23.501036175000905,1149449.71524542
280.0,0.24,24.006492628280544,1116758.0944945787
280.0,0.25,24.501523938822157,1084538.098704288
280.0,0.26,24.986749735362988,1052789.7280087417
280.0,0.27,25.46273059494306,1021512.9825452964
280.0,0.28,25.929975633687672,990707.862454551
280.0,0.29,26.38894888730173,960374.3678804263
280.0,0.3,26.840074709091443,930512.498970249
280.0,0.31,27.283742364320137,901122.2558748366
280.0,0.32,27.720309962473078,872203.6387485855
280.0,0.33,28.150107840443013,843756.647749561
280.0,0.34,28.57344148753451,815781.2830395901
280.0,0.35,28.990594085919405,788277.5447843564
280.0,0.36,29.401828726586587,761245.4331534979
280.0,0.37,29.80739035005445,734684.9483207088
280.0,0.38,30.207507452510978,708596.0904638424
280.0,0.39,30.602393591130962,682978.8597650172
280.0,0.4,30.992248716727225,657833.2564107268
280.0,0.41,31.377260357342664,633159.2805919535
280.0,0.42,31.75760467266784,608956.9325042823
280.0,0.43,32.13344739610802,585226.2123480216
280.0,0.44,32.504944678793535,561967.1203283255
280.0,0.45,32.87224384772684,539179.6566553202
280.0,0.46,33.23548408850701,516863.8215442331
280.0,0.47,33.59479706160449,495019.61521552765
280.0,0.48,33.950307459924076,473647.0378950398
280.0,0.49,34.30213351435102,452746.08981412003
280.0,0.5,34.650387453091355,432316.77120978
280.0,0.51,34.995175919865545,412359.0823248412
280.0,0.52,35.33660035537268,392873.0234080902
280.0,0.53,35.67475734589251,373858.59471443784
280.0,0.54,36.00973894242082,355315.79650508286
280.0,0.55,36.34163295332621,337244.6290476808
280.0,0.56,36.67052321316499,319645.0926165178
280.0,0.57,36.996489829986025,302517.18749268964
280.0,0.58,37.3196094131925,285860.9139642857
280.0,0.59,37.639955283796944,269676.27232658037
280.0,0.6,37.957597668704224,253963.2628822278
280.0,0.61,38.27260388048098,238721.8859414639
280.0,0.62,38.58503848391491,223952.14182231488
280.0,0.63,38.894963450531506,209654.03085081108
280.0,0.64,39.20243830211545,195827.55336120838
280.0,0.65,39.50752024417827,182472.70969621622
280.0,0.66,39.810264290219706,169589.50020723225
280.0,0.67,40.11072337754743,157177.92525458502
280.0,0.68,40.40894847534537,145237.98520778381
280.0,0.69,40.70498868561572,133769.68044577647
280.0,0.7,40.998891337560465,122773.01135721491
280.0,0.71,41.290702075916286,112247.97834073035
280.0,0.72,41.58046494370962,102194.5818052158
280.0,0.73,41.86822245985673,92612.82217011829
280.0,0.74,42.15401569199592,83502.69986574052
280.0,0.75,42.43788432490509,74864.21533355193
280.0,0.76,42.71986672482737,66697.36902651004
280.0,0.77,43.0,59002.161409392
280.0,0.78,43.27832005765689,51778.592959137226
280.0,0.79,43.554861657752674,45026.664165200935
280.0,0.8,43.829658463635795,38746.37552991941
280.0,0.81,44.10274308987988,32937.727568887305
280.0,0.82,44.374147147465656,27600.720811347437
280.0,0.83,44.64390128649065,22735.35580059327
280.0,0.84,44.912035236570034,18341.63309438534
280.0,0.85,45.17857784507936,14419.55326538107
280.0,0.86,45.443557113378375,10969.116901579317
280.0,0.87,45.70700023114478,7990.324606779802
280.0,0.88,45.96893360893699,5483.177001058184
280.0,0.89,46.22938290909629,3447.6747212572127
280.0,0.9,46.488373075090834,1883.81842149471
280.0,0.91,46.74592835939637,791.6087736889234
280.0,0.92,47.00207235000181,171.04646810200833
280.0,0.93,47.25682799562188,22.132213902273715
280.0,0.94,47.51021762969286,344.8667397459623
280.0,0.95,47.76226299322265,1139.2507943793325
280.0,0.96,48.01298525656109,2405.2851472617913
280.0,0.97,48.26240504015252,4142.970589210972
280.0,0.98,48.51054243432789,6352.307933070583
280.0,0.99,48.75741701819031,9033.298014401951
280.0,1.0,49.00304787764431,12185.94169220021
290.0,0.0,0.0,1839030.2414802685
290.0,0.01,4.900304787764432,1798573.8081970268
290.0,0.02,6.930077490618269,1758567.3324925844
290.0,0.03,8.487576864981019,1719010.8144434204
290.0,0.04,9.800609575528863,1679904.2541277905
290.0,0.05,10.957414615908949,1641247.6516257708
290.0,0.06,12.003246314140272,1603041.007019301
290.0,0.07,12.964987816843836,1565284.3203922266
290.0,0.08,13.860154981236539,1527977.591830347
290.0,0.09,14.700914363293293,1491120.8214214614
290.0,0.1,15.496124358363613,1454714.0092554158
290.0,0.11,16.252472339396768,1418757.1554241525
290.0,0.12,16.975153729962038,1383250.2600217622
290.0,0.13,17.66830017768634,1348193.3231445332
290.0,0.14,18.335261606582495,1313586.3448910066
290.0,0.15,18.978798834352112,1279429.32536203
290.0,0.16,19.601219151057727,1245722.2646608127
290.0,0.17,20.204474237672684,1212465.1628929852
290.0,0.18,20.79023247185481,1179658.0201666576
290.0,0.19,21.359933362413685,1147300.836592479
290.0,0.2,21.914829231817897,1115393.6122837004
290.0,0.21,22.456017618285017,1083936.3473562407
290.0,0.22,22.984466804468497,1052929.0419287486
290.0,0.23,23.501036175000905,1022371.6961226744
290.0,0.24,24.006492628280544,992264.3100623353
290.0,0.25,24.501523938822157,962606.8838749899
290.0,0.26,24.986749735362988,933399.4176909088
290.0,0.27,25.46273059494306,904641.9116434522
290.0,0.28,25.929975633687672,876334.3658691457
290.0,0.29,26.38894888730173,848476.7805077595
290.0,0.3,26.840074709091443,821069.1557023912
290.0,0.31,27.283742364320137,794111.4915995488
290.0,0.32,27.720309962473078,767603.7883492382
290.0,0.33,28.150107840443013,741546.0461050498
290.0,0.34,28.57344148753451,715938.2650242515
290.0,0.35,28.990594085919405,690780.4452678818
290.0,0.36,29.401828726586587,666072.5870008459
290.0,0.37,29.80739035005445,641814.6903920156
290.0,0.38,30.207507452510978,618006.7556143305
290.0,0.39,30.602393591130962,594648.7828449033
290.0,0.4,30.992248716727225,571740.7722651279
290.0,0.41,31.377260357342664,549282.7240607894
290.0,0.42,31.75760467266784,527274.6384221795
290.0,0.43,32.13344739610802,505716.51554421295
290.0,0.44,32.504944678793535,484608.3556265498
290.0,0.45,32.87224384772684,463950.15887371823
290.0,0.46,33.23548408850701,443741.9254952437
290.0,0.47,33.59479706160449,423983.6557057805
290.0,0.48,33.950307459924076,404675.34972524707
290.0,0.49,34.30213351435102,385817.0077789664
290.0,0.5,34.650387453091355,367408.63009780925
290.0,0.51,34.995175919865545,349450.216918343
290.0,0.52,35.33660035537268,331941.7684829831
290.0,0.53,35.67475734589251,314883.2850401514
290.0,0.54,36.00973894242082,298274.766844437
290.0,0.55,36.34163295332621,282116.21415676345
290.0,0.56,36.67052321316499,266407.6272445606
290.0,0.57,36.996489829986025,251149.00638194135
290.0,0.58,37.3196094131925,236340.35184988356
290.0,0.59,37.639955283796944,221981.6639364189
290.0,0.6,37.957597668704224,208072.94293682594
290.0,0.61,38.27260388048098,194614.1891538299
290.0,0.62,38.58503848391491,181605.40289780856
290.0,0.63,38.894963450531506,169046.58448700438
290.0,0.64,39.20243830211545,156937.73424774327
290.0,0.65,39.50752024417827,145278.8525146604
290.0,0.66,39.810264290219706,134069.93963093267
290.0,0.67,40.11072337754743,123310.99594851892
290.0,0.68,40.40894847534537,113002.02182840751
290.0,0.69,40.70498868561572,103143.01764087199
290.0,0.7,40.998891337560465,93733.98376573388
290.0,0.71,41.290702075916286,84774.92059263584
290.0,0.72,41.58046494370962,76265.82852132166
290.0,0.73,41.86822245985673,68206.7079619261
290.0,0.74,42.15401569199592,60597.55933527423
290.0,0.75,42.43788432490509,53438.38307319
290.0,0.76,42.71986672482737,46729.17961881538
290.0,0.77,43.0,40469.949426939405
290.0,0.78,43.27832005765689,34660.69296433843
290.0,0.79,43.554861657752674,29301.41071012738
290.0,0.8,43.829658463635795,24392.10315612267
290.0,0.81,44.10274308987988,19932.77080721719
290.0,0.82,44.374147147465656,15923.414181767756
290.0,0.83,44.64390128649065,12364.033811995409
290.0,0.84,44.912035236570034,9254.630244399537
290.0,0.85,45.17857784507936,6595.20404018556
290.0,0.86,45.443557113378375,4385.755775707288
290.0,0.87,45.70700023114478,2626.2860429243074
290.0,0.88,45.96893360893699,1316.7954498749864
290.0,0.89,46.22938290909629,457.2846211656854
290.0,0.9,46.488373075090834,47.7541984768304
290.0,0.91,46.74592835939637,88.20484108648104
290.0,0.92,47.00207235000181,578.637226412078
290.0,0.93,47.25682799562188,1519.0520505710847
290.0,0.94,47.51021762969286,2909.450028961248
290.0,0.95,47.76226299322265,4749.8318968613585
290.0,0.96,48.01298525656109,7040.198410053055
290.0,0.97,48.26240504015252,9780.550345464864
290.0,0.98,48.51054243432789,12970.888501839083
290.0,0.99,48.75741701819031,16611.213700422606
290.0,1.0,49.00304787764431,20701.526785682483
300.0,0.0,0.0,1666158.2393434735
300.0,0.01,4.900304787764432,1628530.357004746
300.0,0.02,6.930077490618269,1591332.2259760716
300.0,0.03,8.487576864981019,1554563.846331607
300.0,0.04,9.800609575528863,1518225.2181472427
300.0,0.05,10.957414615908949,1482316.3415006425
300.0,0.06,12.003246314140272,1446837.2164712867
300.0,0.07,12.964987816843836,1411787.8431405157
300.0,0.08,13.860154981236539,1377168.2215915748
300.0,0.09,14.700914363293293,1342978.3519096593
300.0,0.1,15.496124358363613,1309218.234181961
300.0,0.11,16.252472339396768,1275887.8684977186
300.0,0.12,16.975153729962038,1242987.2549482647
300.0,0.13,17.66830017768634,1210516.3936270787
300.0,0.14,18.335261606582495,1178475.284629837
300.0,0.15,18.978798834352112,1146863.9280544692
300.0,0.16,19.601219151057727,1115682.3240012098
300.0,0.17,20.204474237672684,1084930.472572658
300.0,0.18,20.79023247185481,1054608.3738738333
300.0,0.19,21.359933362413685,1024716.0280122358
300.0,0.2,21.914829231817897,995253.435097909
300.0,0.21,22.456017618285017,966220.5952434997
300.0,0.22,22.984466804468497,937617.508564325
300.0,0.23,23.501036175000905,909444.1751784378
300.0,0.24,24.006492628280544,881700.5952066951
300.0,0.25,24.501523938822157,854386.7687728273
300.0,0.26,24.986749735362988,827502.6960035119
300.0,0.27,25.46273059494306,801048.3770284457
300.0,0.28,25.929975633687672,775023.8119804221
300.0,0.29,26.38894888730173,749429.0009954087
300.0,0.3,26.840074709091443,724263.9442126275
300.0,0.31,27.283742364320137,699528.6417746376
300.0,0.32,27.720309962473078,675223.0938274208
300.0,0.33,28.150107840443013,651347.3005204685
300.0,0.34,28.57344148753451,627901.2620068705
300.0,0.35,28.990594085919405,604884.9784434092
300.0,0.36,29.401828726586587,582298.4499906531
300.0,0.37,29.80739035005445,560141.6768130548
300.0,0.38,30.207507452510978,538414.6590790524
300.0,0.39,30.602393591130962,517117.3969611716
300.0,0.4,30.992248716727225,496249.89063613286
300.0,0.41,31.377260357342664,475812.1402849608
300.0,0.42,31.75760467266784,455804.14609309606
300.0,0.43,32.13344739610802,436225.9082505125
300.0,0.44,32.504944678793535,417077.4269518353
300.0,0.45,32.87224384772684,398358.7023964645
300.0,0.46,33.23548408850701,380069.734788701
300.0,0.47,33.59479706160449,362210.52433787705
300.0,0.48,33.950307459924076,344781.0712584897
300.0,0.49,34.30213351435102,327781.3757703392
300.0,0.5,34.650387453091355,311211.4380986714
300.0,0.51,34.995175919865545,295071.258474323
300.0,0.52,35.33660035537268,279360.8371338737
300.0,0.53,35.67475734589251,264080.17431980034
300.0,0.54,36.00973894242082,249229.27028063743
300.0,0.55,36.34163295332621,234808.12527114176
300.0,0.56,36.67052321316499,220816.7395524626
300.0,0.57,36.996489829986025,207255.1133923164
300.0,0.58,37.3196094131925,194123.247065167
300.0,0.59,37.639955283796944,181421.14085241235
300.0,0.6,37.957597668704224,169148.7950425757
300.0,0.61,38.27260388048098,157306.20993150322
300.0,0.62,38.58503848391491,145893.38582256794
300.0,0.63,38.894963450531506,134910.32302688
300.0,0.64,39.20243830211545,124357.02186350328
300.0,0.65,39.50752024417827,114233.482659679
300.0,0.66,39.810264290219706,104539.70575105643
300.0,0.67,40.11072337754743,95275.6914819307
300.0,0.68,40.40894847534537,86441.44020548854
300.0,0.69,40.70498868561572,78036.95228406141
300.0,0.7,40.998891337560465,70062.22808938693
300.0,0.71,41.290702075916286,62517.26800287911
300.0,0.72,41.58046494370962,55402.07241590667
300.0,0.73,41.86822245985673,48716.64173008074
300.0,0.74,42.15401569199592,42460.97635755189
300.0,0.75,42.43788432490509,36635.07672131678
300.0,0.76,42.71986672482737,31238.943255534952
300.0,0.77,43.0,26272.576405856045
300.0,0.78,43.27832005765689,21735.976629757726
300.0,0.79,43.554861657752674,17629.144396894982
300.0,0.8,43.829658463635795,13952.080189460952
300.0,0.81,44.10274308987988,10704.784502559856
300.0,0.82,44.374147147465656,7887.257844592475
300.0,0.83,44.64390128649065,5499.500737654511
300.0,0.84,44.912035236570034,3541.513717948699
300.0,0.85,45.17857784507936,2013.2973362106422
300.0,0.86,45.443557113378375,914.8521581493459
300.0,0.87,45.70700023114478,246.17876490280565
300.0,0.88,45.96893360893699,7.277753509298751
300.0,0.89,46.22938290909629,198.1497373949528
300.0,0.9,46.488373075090834,818.7953468782459
300.0,0.91,46.74592835939637,1869.2152296920901
300.0,0.92,47.00207235000181,3349.4100515241994
300.0,0.93,47.25682799562188,5259.380496576449
300.0,0.94,47.51021762969286,7599.127268143969
300.0,0.95,47.76226299322265,10368.651089214876
300.0,0.96,48.01298525656109,13567.952703091176
300.0,0.97,48.26240504015252,17197.03287403203
300.0,0.98,48.51054243432789,21255.892387920114
300.0,0.99,48.75741701819031,25744.53205295197
300.0,1.0,49.00304787764431,30662.95270035344
310.0,0.0,0.0,1510702.1633300518
310.0,0.01,4.900304787764432,1475674.1585138072
310.0,0.02,6.930077490618269,1441057.0181950703
310.0,0.03,8.487576864981019,1406850.742445888
310.0,0.04,9.800609575528863,1373055.3313400007
310.0,0.05,10.957414615908949,1339670.7849528794
310.0,0.06,12.003246314140272,1306697.103361772
310.0,0.07,12.964987816843836,1274134.28664574
310.0,0.08,13.860154981236539,1241982.3348857088
310.0,0.09,14.700914363293293,1210241.248164507
310.0,0.1,15.496124358363613,1178911.0265669166
310.0,0.11,16.252472339396768,1147991.670179718
310.0,0.12,16.975153729962038,1117483.1790917395
310.0,0.13,17.66830017768634,1087385.553393908
310.0,0.14,18.335261606582495,1057698.793179299
310.0,0.15,18.978798834352112,1028422.8985431897
310.0,0.16,19.601219151057727,999557.8695831136
310.0,0.17,20.204474237672684,971103.7063989157
310.0,0.18,20.79023247185481,943060.4090928099
310.0,0.19,21.359933362413685,915427.9777694364
310.0,0.2,21.914829231817897,888206.4125359239
310.0,0.21,22.456017618285017,861395.71350195
310.0,0.22,22.984466804468497,834995.8807798049
310.0,0.23,23.501036175000905,809006.914484458
310.0,0.24,24.006492628280544,783428.814733623
310.0,0.25,24.501523938822157,758261.5816478286
310.0,0.26,24.986749735362988,733505.2153504883
310.0,0.27,25.46273059494306,709159.7159679747
310.0,0.28,25.929975633687672,685225.0836296926
310.0,0.29,26.38894888730173,661701.3184681571
310.0,0.3,26.840074709091443,638588.4206190726
310.0,0.31,27.283742364320137,615886.3902214142
310.0,0.32,27.720309962473078,593595.2274175117
310.0,0.33,28.150107840443013,571714.9323531348
310.0,0.34,28.57344148753451,550245.505177583
310.0,0.35,28.990594085919405,529186.9460437758
310.0,0.36,29.401828726586587,508539.25510834577
310.0,0.37,29.80739035005445,488302.4325317367
310.0,0.38,30.207507452510978,468476.4784783015
310.0,0.39,30.602393591130962,449061.39311640424
310.0,0.4,30.992248716727225,430057.1766185258
310.0,0.41,31.377260357342664,411463.82916137145
310.0,0.42,31.75760467266784,393281.3509259819
310.0,0.43,32.13344739610802,375509.74209784827
310.0,0.44,32.504944678793535,358149.00286702986
310.0,0.45,32.87224384772684,341199.1334282752
310.0,0.46,33.23548408850701,324660.1339811469
310.0,0.47,33.59479706160449,308532.0047301509
310.0,0.48,33.950307459924076,292814.745884868
310.0,0.49,34.30213351435102,277508.35766009113
310.0,0.5,34.650387453091355,262612.84027596534
310.0,0.51,34.995175919865545,248128.19395813308
310.0,0.52,35.33660035537268,234054.41893788247
310.0,0.53,35.67475734589251,220391.51545230186
310.0,0.54,36.00973894242082,207139.48374443766
310.0,0.55,36.34163295332621,194298.3240634576
310.0,0.56,36.67052321316499,181868.0366648189
310.0,0.57,36.996489829986025,169848.6218104419
310.0,0.58,37.3196094131925,158240.0797688878
310.0,0.59,37.639955283796944,147042.4108155444
310.0,0.6,37.957597668704224,136255.61523281474
310.0,0.61,38.27260388048098,125879.69331031367
310.0,0.62,38.58503848391491,115914.64534506961
310.0,0.63,38.894963450531506,106360.4716417331
310.0,0.64,39.20243830211545,97217.17251279156
310.0,0.65,39.50752024417827,88484.74827879126
310.0,0.66,39.810264290219706,80163.19926856592
310.0,0.67,40.11072337754743,72252.52581947303
310.0,0.68,40.40894847534537,64752.72827763734
310.0,0.69,40.70498868561572,57663.806998202555
310.0,0.7,40.998891337560465,50985.76234559065
310.0,0.71,41.290702075916286,44718.59469377029
310.0,0.72,41.58046494370962,38862.30442653338
310.0,0.73,41.86822245985673,33416.89193778087
310.0,0.74,42.15401569199592,28382.3576318179
310.0,0.75,42.43788432490509,23758.7019236587
310.0,0.76,42.71986672482737,19545.92523934153
310.0,0.77,43.0,15744.02801625404
310.0,0.78,43.27832005765689,12353.010703469488
310.0,0.79,43.554861657752674,9372.873762094232
310.0,0.8,43.829658463635795,6803.617665626776
310.0,0.81,44.10274308987988,4645.242900329067
310.0,0.82,44.374147147465656,2897.7499656102227
310.0,0.83,44.64390128649065,1561.1393744233155
310.0,0.84,44.912035236570034,635.411653675826
310.0,0.85,45.17857784507936,120.56734465396326
310.0,0.86,45.443557113378375,16.607003461699087
310.0,0.87,45.70700023114478,323.5312014749322
310.0,0.88,45.96893360893699,1041.3405258114085
310.0,0.89,46.22938290909629,2170.0355798170076
310.0,0.9,46.488373075090834,3709.6169835690357
310.0,0.91,46.74592835939637,5660.085374397206
310.0,0.92,47.00207235000181,8021.44140742299
310.0,0.93,47.25682799562188,10793.685756118082
310.0,0.94,47.51021762969286,13976.8191128827
310.0,0.95,47.76226299322265,17570.84218964473
310.0,0.96,48.01298525656109,21575.755718480024
310.0,0.97,48.26240504015252,25991.560452255417
310.0,0.98,48.51054243432789,30818.257165294854
310.0,0.99,48.75741701819031,36055.846654069785
310.0,1.0,49.00304787764431,41704.32973791476
320.0,0.0,0.0,1370727.455055963
320.0,0.01,4.900304787764432,1338091.9669592334
320.0,0.02,6.930077490618269,1305849.6783668236
320.0,0.03,8.487576864981019,1274000.5893488622
320.0,0.04,9.800609575528863,1242544.6999771327
320.0,0.05,10.957414615908949,1211482.0103251142
320.0,0.06,12.003246314140272,1180812.520468022
320.0,0.07,12.964987816843836,1150536.2304828481
320.0,0.08,13.860154981236539,1120653.1404484068
320.0,0.09,14.700914363293293,1091163.250445377
320.0,0.1,15.496124358363613,1062066.5605563498
320.0,0.11,16.252472339396768,1033363.0708658716
320.0,0.12,16.975153729962038,1005052.7814604959
320.0,0.13,17.66830017768634,977135.6924288294
320.0,0.14,18.335261606582495,949611.8038615847
320.0,0.15,18.978798834352112,922481.1158516315
320.0,0.16,19.601219151057727,895743.6284940485
320.0,0.17,20.204474237672684,869399.3418861803
320.0,0.18,20.79023247185481,843448.2561276925
320.0,0.19,21.359933362413685,817890.3713206293
320.0,0.2,21.914829231817897,792725.6875694733
320.0,0.21,22.456017618285017,767954.2049812065
320.0,0.22,22.984466804468497,743575.9236653727
320.0,0.23,23.501036175000905,719590.8437341417
320.0,0.24,24.006492628280544,695998.9653023764
320.0,0.25,24.501523938822157,672800.2884876996
320.0,0.26,24.986749735362988,649994.8134105647
320.0,0.27,25.46273059494306,627582.540194328
320.0,0.28,25.929975633687672,605563.4689653212
320.0,0.29,26.38894888730173,583937.5998529291
320.0,0.3,26.840074709091443,562704.9329896659
320.0,0.31,27.283742364320137,541865.4685112576
320.0,0.32,27.720309962473078,521419.20655672275
320.0,0.33,28.150107840443013,501366.1472684591
320.0,0.34,28.57344148753451,481706.29079232947
320.0,0.35,28.990594085919405,462439.6372777533
320.0,0.36,29.401828726586587,443566.1868777977
320.0,0.37,29.80739035005445,425085.93974927376
320.0,0.38,30.207507452510978,406998.89605283394
320.0,0.39,30.602393591130962,389305.0559530735
320.0,0.4,30.992248716727225,372004.4196186335
320.0,0.41,31.377260357342664,355096.98722230823
320.0,0.42,31.75760467266784,338582.7589411549
320.0,0.43,32.13344739610802,322461.7349566071
320.0,0.44,32.504944678793535,306733.91545459116
320.0,0.45,32.87224384772684,291399.30062564596
320.0,0.46,33.23548408850701,276457.89066504716
320.0,0.47,33.59479706160449,261909.68577293385
320.0,0.48,33.950307459924076,247754.68615443993
320.0,0.49,34.30213351435102,233992.89201982933
320.0,0.5,34.650387453091355,220624.3035846349
320.0,0.51,34.995175919865545,207648.9210698018
320.0,0.52,35.33660035537268,195066.7447018352
320.0,0.53,35.67475734589251,182877.77471295279
320.0,0.54,36.00973894242082,171082.01134124116
320.0,0.55,36.34163295332621,159679.45483081797
320.0,0.56,36.67052321316499,148670.1054319983
320.0,0.57,36.996489829986025,138053.9634014669
320.0,0.58,37.3196094131925,127831.02900245476
320.0,0.59,37.639955283796944,118001.30250492251
320.0,0.6,37.957597668704224,108564.78418574846
320.0,0.61,38.27260388048098,99521.4743289231
320.0,0.62,38.58503848391491,90871.37322574943
320.0,0.63,38.894963450531506,82614.48117505
320.0,0.64,39.20243830211545,74750.79848338015
320.0,0.65,39.50752024417827,67280.3254652482
320.0,0.66,39.810264290219706,60203.06244334283
320.0,0.67,40.11072337754743,53519.00974876747
320.0,0.68,40.40894847534537,47228.167721282465
320.0,0.69,40.70498868561572,41330.53670955508
320.0,0.7,40.998891337560465,35826.11707141731
320.0,0.71,41.290702075916286,30714.909174132707
320.0,0.72,41.58046494370962,25996.913394671312
320.0,0.73,41.86822245985673,21672.130119993995
320.0,0.74,42.15401569199592,17740.559747346044
320.0,0.75,42.43788432490509,14202.202684560516
320.0,0.76,42.71986672482737,11057.059350371685
320.0,0.77,43.0,8305.13017473891
320.0,0.78,43.27832005765689,5946.415599181403
320.0,0.79,43.554861657752674,3980.9160771242537
320.0,0.8,43.829658463635795,2408.632074256128
320.0,0.81,44.10274308987988,1229.5640688991357
320.0,0.82,44.374147147465656,443.71255239127754
320.0,0.83,44.64390128649065,51.07802948194968
320.0,0.84,44.912035236570034,51.66101874112062
320.0,0.85,45.17857784507936,445.46205298252374
320.0,0.86,45.443557113378375,1232.4816797015599
320.0,0.87,45.70700023114478,2412.720461528428
320.0,0.88,45.96893360893699,3986.1789766970696
320.0,0.89,46.22938290909629,5952.857819530576
320.0,0.9,46.488373075090834,8312.757600943703
320.0,0.91,46.74592835939637,11065.878948963133
320.0,0.92,47.00207235000181,14212.222509266261
320.0,0.93,47.25682799562188,17751.7889457392
320.0,0.94,47.51021762969286,21684.578941054708
320.0,0.95,47.76226299322265,26010.593197271202
320.0,0.96,48.01298525656109,30729.83243645296
320.0,0.97,48.26240504015252,35842.29740131327
320.0,0.98,48.51054243432789,41347.98885588087
320.0,0.99,48.75741701819031,47246.90758619082
320.0,1.0,49.00304787764431,53539.054401000845
330.0,0.0,0.0,1244535.6906048276
330.0,0.01,4.900304787764432,1214104.5037048855
330.0,0.02,6.930077490618269,1184049.9826030266
330.0,0.03,8.487576864981019,1154372.1273676313
330.0,0.04,9.800609575528863,1125070.9380687037
330.0,0.05,10.957414615908949,1096146.4147779082
330.0,0.06,12.003246314140272,1067598.5575686102
330.0,0.07,12.964987816843836,1039427.3665159196
330.0,0.08,13.860154981236539,1011632.8416967305
330.0,0.09,14.700914363293293,984214.9831897665
330.0,0.1,15.496124358363613,957173.7910756251
330.0,0.11,16.252472339396768,930509.2654368232
330.0,0.12,16.975153729962038,904221.4063578452
330.0,0.13,17.66830017768634,878310.2139251905
330.0,0.14,18.335261606582495,852775.6882274242
330.0,0.15,18.978798834352112,827617.8293552274
330.0,0.16,19.601219151057727,802836.6374014508
330.0,0.17,20.204474237672684,778432.1124611676
330.0,0.18,20.79023247185481,754404.2546317299
330.0,0.19,21.359933362413685,730753.0640128246
330.0,0.2,21.914829231817897,707478.5407065334
330.0,0.21,22.456017618285017,684580.6848173917
330.0,0.22,22.984466804468497,662059.4964524509
330.0,0.23,23.501036175000905,639914.9757213426
330.0,0.24,24.006492628280544,618147.1227363431
330.0,0.25,24.501523938822157,596755.9376124409
330.0,0.26,24.986749735362988,575741.4204674055
330.0,0.27,25.46273059494306,555103.5714218587
330.0,0.28,25.929975633687672,534842.3905993485
330.0,0.29,26.38894888730173,514957.8781264222
330.0,0.3,26.840074709091443,495450.0341327049
330.0,0.31,27.283742364320137,476318.85875097924
330.0,0.32,27.720309962473078,457564.3521172662
330.0,0.33,28.150107840443013,439186.5143709096
330.0,0.34,28.57344148753451,421185.34565466276
330.0,0.35,28.990594085919405,403560.846114777
330.0,0.36,29.401828726586587,386313.0159010935
330.0,0.37,29.80739035005445,369441.8551671373
330.0,0.38,30.207507452510978,352947.3640702146
330.0,0.39,30.602393591130962,336829.5427715122
330.0,0.4,30.992248716727225,321088.39143620036
330.0,0.41,31.377260357342664,305723.9102335388
330.0,0.42,31.75760467266784,290736.09933698474
330.0,0.43,32.13344739610802,276124.9589243063
330.0,0.44,32.504944678793535,261890.48917769679
330.0,0.45,32.87224384772684,248032.69028389413
330.0,0.46,33.23548408850701,234551.56243430328
330.0,0.47,33.59479706160449,221447.10582512242
330.0,0.48,33.950307459924076,208719.32065747248
330.0,0.49,34.30213351435102,196368.20713753157
330.0,0.5,34.650387453091355,184393.76547667253
330.0,0.51,34.995175919865545,172795.9958916054
330.0,0.52,35.33660035537268,161574.89860452354
330.0,0.53,35.67475734589251,150730.47384325482
330.0,0.54,36.00973894242082,140262.7218414173
330.0,0.55,36.34163295332621,130171.64283857968
330.0,0.56,36.67052321316499,120457.23708042651
330.0,0.57,36.996489829986025,111119.50481892916
330.0,0.58,37.3196094131925,102158.44631252124
330.0,0.59,37.639955283796944,93574.06182628055
330.0,0.6,37.957597668704224,85366.35163211587
330.0,0.61,38.27260388048098,77535.31600896023
330.0,0.62,38.58503848391491,70080.9552429699
330.0,0.63,38.894963450531506,63003.26962773005
330.0,0.64,39.20243830211545,56302.25946446677
330.0,0.65,39.50752024417827,49977.92506226602
330.0,0.66,39.810264290219706,44030.26673829949
330.0,0.67,40.11072337754743,38459.2848180579
330.0,0.68,40.40894847534537,33264.97963559181
330.0,0.69,40.70498868561572,28447.351533760204
330.0,0.7,40.998891337560465,24006.40086448723
330.0,0.71,41.290702075916286,19942.127989027602
330.0,0.72,41.58046494370962,16254.533278240326
330.0,0.73,41.86822245985673,12943.617112871782
330.0,0.74,42.15401569199592,10009.37988384812
330.0,0.75,42.43788432490509,7451.82199257737
330.0,0.76,42.71986672482737,5270.94385126172
330.0,0.77,43.0,3466.74588322025
330.0,0.78,43.27832005765689,2039.2285232225686
330.0,0.79,43.554861657752674,988.3922178337494
330.0,0.8,43.829658463635795,314.2374257709913
330.0,0.81,44.10274308987988,16.764618272476046
330.0,0.82,44.374147147465656,95.97427947886125
330.0,0.83,44.64390128649065,551.8669068279199
330.0,0.84,44.912035236570034,1384.443011462817
330.0,0.85,45.17857784507936,2593.703118654569
330.0,0.86,45.443557113378375,4179.647768239231
330.0,0.87,45.70700023114478,6142.277515070397
330.0,0.88,45.96893360893699,8481.592929487613
330.0,0.89,46.22938290909629,11197.594597801324
330.0,0.9,46.488373075090834,14290.283122795045
330.0,0.91,46.74592835939637,17759.65912424538
330.0,0.92,47.00207235000181,21605.723239460698
330.0,0.93,47.25682799562188,25828.476123839147
330.0,0.94,47.51021762969286,30427.9184514467
330.0,0.95,47.76226299322265,35404.050915616535
330.0,0.96,48.01298525656109,40756.8742295696
330.0,0.97,48.26240504015252,46486.389127058486
330.0,0.98,48.51054243432789,52592.59636303467
330.0,0.99,48.75741701819031,59075.49671434041
330.0,1.0,49.00304787764431,65935.09098042629
340.0,0.0,0.0,1130633.3900644255
340.0,0.01,4.900304787764432,1102235.4956346767
340.0,0.02,6.930077490618269,1074198.7808002855
340.0,0.03,8.487576864981019,1046523.2456280416
340.0,0.04,9.800609575528863,1019208.8901863242
340.0,0.05,10.957414615908949,992255.7145451453
340.0,0.06,12.003246314140272,965663.7187761866
340.0,0.07,12.964987816843836,939432.9029528416
340.0,0.08,13.860154981236539,913563.2671502575
340.0,0.09,14.700914363293293,888054.8114453773
340.0,0.1,15.496124358363613,862907.5359169851
340.0,0.11,16.252472339396768,838121.4406457512
340.0,0.12,16.975153729962038,813696.5257142779
340.0,0.13,17.66830017768634,789632.7912071485
340.0,0.14,18.335261606582495,765930.2372109757
340.0,0.15,18.978798834352112,742588.8638144528
340.0,0.16,19.601219151057727,719608.6711084048
340.0,0.17,20.204474237672684,696989.6591858424
340.0,0.18,20.79023247185481,674731.8281420164
340.0,0.19,21.359933362413685,652835.1780744744
340.0,0.2,21.914829231817897,631299.7090831187
340.0,0.21,22.456017618285017,610125.4212702647
340.0,0.22,22.984466804468497,589312.3147407036
340.0,0.23,23.501036175000905,568860.3896017643
340.0,0.24,24.006492628280544,548769.6459633786
340.0,0.25,24.501523938822157,529040.0839381468
340.0,0.26,24.986749735362988,509671.7036414069
340.0,0.27,25.46273059494306,490664.5051913046
340.0,0.28,25.929975633687672,472018.48870886496
340.0,0.29,26.38894888730173,453733.6543180677
340.0,0.3,26.840074709091443,435810.0021459226
340.0,0.31,27.283742364320137,418247.5323225491
340.0,0.32,27.720309962473078,401046.2449812562
340.0,0.33,28.150107840443013,384206.14025862666
340.0,0.34,28.57344148753451,367727.2182946019
340.0,0.35,28.990594085919405,351609.47923257045
340.0,0.36,29.401828726586587,335852.9232194581
340.0,0.37,29.80739035005445,320457.55040582235
340.0,0.38,30.207507452510978,305423.36094594724
340.0,0.39,30.602393591130962,290750.35499794304
340.0,0.4,30.992248716727225,276438.5327238475
340.0,0.41,31.377260357342664,262487.8942897315
340.0,0.42,31.75760467266784,248898.43986580588
340.0,0.43,32.13344739610802,235670.16962653343
340.0,0.44,32.504944678793535,222803.08375074327
340.0,0.45,32.87224384772684,210297.18242174826
340.0,0.46,33.23548408850701,198152.46582746715
340.0,0.47,33.59479706160449,186368.93416054946
340.0,0.48,33.950307459924076,174946.587618504
340.0,0.49,34.30213351435102,163885.42640383256
340.0,0.5,34.650387453091355,153185.45072416597
340.0,0.51,34.995175919865545,142846.6607924061
340.0,0.52,35.33660035537268,132869.05682687057
340.0,0.53,35.67475734589251,123252.639051443
340.0,0.54,36.00973894242082,113997.4076957278
340.0,0.55,36.34163295332621,105103.36299520926
340.0,0.56,36.67052321316499,96570.50519141606
340.0,0.57,36.996489829986025,88398.83453209097
340.0,0.58,37.3196094131925,80588.35127136519
340.0,0.59,37.639955283796944,73139.05566993941
340.0,0.6,37.957597668704224,66050.94799526944
340.0,0.61,38.27260388048098,59324.02852175828
340.0,0.62,38.58503848391491,52958.29753095438
340.0,0.63,38.894963450531506,46953.75531175593
340.0,0.64,39.20243830211545,41310.40216062198
340.0,0.65,39.50752024417827,36028.23838179032
340.0,0.66,39.810264290219706,31107.26428750231
340.0,0.67,40.11072337754743,26547.480198235113
340.0,0.68,40.40894847534537,22348.886442941493
340.0,0.69,40.70498868561572,18511.483359297457
340.0,0.7,40.998891337560465,15035.271293957912
340.0,0.71,41.290702075916286,11920.250602821126
340.0,0.72,41.58046494370962,9166.42165130154
340.0,0.73,41.86822245985673,6773.784814611868
340.0,0.74,42.15401569199592,4742.3404780546
340.0,0.75,42.43788432490509,3072.089037323257
340.0,0.76,42.71986672482737,1763.030898813798
340.0,0.77,43.0,815.1664799465593
340.0,0.78,43.27832005765689,228.49620949911963
340.0,0.79,43.554861657752674,3.020527950505656
340.0,0.8,43.829658463635795,138.73988783718315
340.0,0.81,44.10274308987988,635.654754121282
340.0,0.82,44.374147147465656,1493.7656045715112
340.0,0.83,44.64390128649065,2713.0729301573333
340.0,0.84,44.912035236570034,4293.577235456748
340.0,0.85,45.17857784507936,6235.279039078429
340.0,0.86,45.443557113378375,8538.178874098616
340.0,0.87,45.70700023114478,11202.277288513425
340.0,0.88,45.96893360893699,14227.574845707157
340.0,0.89,46.22938290909629,17614.072124937265
340.0,0.9,46.488373075090834,21361.769721836637
340.0,0.91,46.74592835939637,25470.668248933835
340.0,0.92,47.00207235000181,29940.768336192166
340.0,0.93,47.25682799562188,34772.070631568175
340.0,0.94,47.51021762969286,39964.575801590385
340.0,0.95,47.76226299322265,45518.284531959485
340.0,0.96,48.01298525656109,51433.197528169876
340.0,0.97,48.26240504015252,57709.31551615479
340.0,0.98,48.51054243432789,64346.639242954836
340.0,0.99,48.75741701819031,71345.16947741153
340.0,1.0,49.00304787764431,78704.90701088679
350.0,0.0,0.0,1027705.2190423759
350.0,0.01,4.900304787764432,1001185.0820681651
350.0,0.02,6.930077490618269,975011.608569798
350.0,0.03,8.487576864981019,949184.7986126086
350.0,0.04,9.800609575528863,923704.6522634962
350.0,0.05,10.957414615908949,898571.1695909633
350.0,0.06,12.003246314140272,873784.3506651561
350.0,0.07,12.964987816843836,849344.1955579038
350.0,0.08,13.860154981236539,825250.7043427606
350.0,0.09,14.700914363293293,801503.8770950479
350.0,0.1,15.496124358363613,778103.7138918978
350.0,0.11,16.252472339396768,755050.2148122988
350.0,0.12,16.975153729962038,732343.3799371407
350.0,0.13,17.66830017768634,709983.2093492629
350.0,0.14,18.335261606582495,687969.7031335029
350.0,0.15,18.978798834352112,666302.8613767456
350.0,0.16,19.601219151057727,644982.6841679757
350.0,0.17,20.204474237672684,624009.1715983292
350.0,0.18,20.79023247185481,603382.3237611493
350.0,0.19,21.359933362413685,583102.1407520397
350.0,0.2,21.914829231817897,563168.6226689251
350.0,0.21,22.456017618285017,543581.7696121068
350.0,0.22,22.984466804468497,524341.5816843254
350.0,0.23,23.501036175000905,505448.05899082246
350.0,0.24,24.006492628280544,486901.2016394043
350.0,0.25,24.501523938822157,468701.00974050787
350.0,0.26,24.986749735362988,450847.4834072685
350.0,0.27,25.46273059494306,433340.62275558943
350.0,0.28,25.929975633687672,416180.4279042134
350.0,0.29,26.38894888730173,399366.8989747964
350.0,0.3,26.840074709091443,382900.03609198297
350.0,0.31,27.283742364320137,366779.8393834848
350.0,0.32,27.720309962473078,351006.3089801602
350.0,0.33,28.150107840443013,335579.4450160974
350.0,0.34,28.57344148753451,320499.2476286985
350.0,0.35,28.990594085919405,305765.71695876785
350.0,0.36,29.401828726586587,291378.8531506009
350.0,0.37,29.80739035005445,277338.6563520777
350.0,0.38,30.207507452510978,263645.12671475805
350.0,0.39,30.602393591130962,250298.26439397899
350.0,0.4,30.992248716727225,237298.06954895656
350.0,0.41,31.377260357342664,224644.54234288968
350.0,0.42,31.75760467266784,212337.68294306681
350.0,0.43,32.13344739610802,200377.49152097703
350.0,0.44,32.504944678793535,188763.96825242328
350.0,0.45,32.87224384772684,177497.11331763963
350.0,0.46,33.23548408850701,166576.92690141185
350.0,0.47,33.59479706160449,156003.40919320195
350.0,0.48,33.950307459924076,145776.5603872758
350.0,0.49,34.30213351435102,135896.3806828358
350.0,0.5,34.650387453091355,126362.87028415651
350.0,0.51,34.995175919865545,117176.02940072527
350.0,0.52,35.33660035537268,108335.85824738651
350.0,0.53,35.67475734589251,99842.35704449106
350.0,0.54,36.00973894242082,91695.52601804987
350.0,0.55,36.34163295332621,83895.36539989253
350.0,0.56,36.67052321316499,76441.87542783083
350.0,0.57,36.996489829986025,69335.05634582757
350.0,0.58,37.3196094131925,62574.90840417021
350.0,0.59,37.639955283796944,56161.43185965082
350.0,0.6,37.957597668704224,50094.62697575117
350.0,0.61,38.27260388048098,44374.49402283385
350.0,0.62,38.58503848391491,39001.03327833959
350.0,0.63,38.894963450531506,33974.24502699101
350.0,0.64,39.20243830211545,29294.129561002694
350.0,0.65,39.50752024417827,24960.687180298373
350.0,0.66,39.810264290219706,20973.91819273498
350.0,0.67,40.11072337754743,17333.822914334127
350.0,0.68,40.40894847534537,14040.401669521145
350.0,0.69,40.70498868561572,11093.654791371991
350.0,0.7,40.998891337560465,8493.582621868256
350.0,0.71,41.290702075916286,6240.18551216088
350.0,0.72,41.58046494370962,4333.463822842342
350.0,0.73,41.86822245985673,2773.417924228169
350.0,0.74,42.15401569199592,1560.0481966478164
350.0,0.75,42.43788432490509,693.3550307453958
350.0,0.76,42.71986672482737,173.33882779056376
350.0,0.77,43.0,4.171938068854921e-26
350.0,0.78,43.27832005765689,173.33897086985414
350.0,0.79,43.554861657752674,693.3561755195891
350.0,0.8,43.829658463635795,1560.052061047667
350.0,0.81,44.10274308987988,2773.427086899527
350.0,0.82,44.374147147465656,4333.481725248316
350.0,0.83,44.64390128649065,6240.216461388987
350.0,0.84,44.912035236570034,8493.631794146017
350.0,0.85,45.17857784507936,11093.728236295623
350.0,0.86,45.443557113378375,14040.506315002804
350.0,0.87,45.70700023114478,17333.9665722739
350.0,0.88,45.96893360893699,20974.109565425264
350.0,0.89,46.22938290909629,24960.93586756868
350.0,0.9,46.488373075090834,29294.446068114263
350.0,0.91,46.74592835939637,33974.64077329143
350.0,0.92,47.00207235000181,39001.520606688784
350.0,0.93,47.25682799562188,44375.086209813744
350.0,0.94,47.51021762969286,50095.33824267236
350.0,0.95,47.76226299322265,56162.277384370966
350.0,0.96,48.01298525656109,62575.9043337392
350.0,0.97,48.26240504015252,69336.2198099769
350.0,0.98,48.51054243432789,76443.2245533247
350.0,0.99,48.75741701819031,83896.91932575974
350.0,1.0,49.00304787764431,91697.3049117175
360.0,0.0,0.0,934590.931626145
360.0,0.01,4.900304787764432,909806.9416571495
360.0,0.02,6.930077490618269,885355.9976708664
360.0,0.03,8.487576864981019,861238.0997312993
360.0,0.04,9.800609575528863,837453.2479039935
360.0,0.05,10.957414615908949,814001.4422560734
360.0,0.06,12.003246314140272,790882.682856282
360.0,0.07,12.964987816843836,768096.9697750205
360.0,0.08,13.860154981236539,745644.3030843894
360.0,0.09,14.700914363293293,723524.6828582301
360.0,0.1,15.496124358363613,701738.1091721696
360.0,0.11,16.252472339396768,680284.5821036624
360.0,0.12,16.975153729962038,659164.1017320389
360.0,0.13,17.66830017768634,638376.6681385501
360.0,0.14,18.335261606582495,617922.2814064174
360.0,0.15,18.978798834352112,597800.9416208807
360.0,0.16,19.601219151057727,578012.6488692503
360.0,0.17,20.204474237672684,558557.403240959
360.0,0.18,20.79023247185481,539435.2048276148
360.0,0.19,21.359933362413685,520646.0537230576
360.0,0.2,21.914829231817897,502189.9500234153
360.0,0.21,22.456017618285017,484066.89382716216
360.0,0.22,22.984466804468497,466276.8852351785
360.0,0.23,23.501036175000905,448819.9243508131
360.0,0.24,24.006492628280544,431696.01127994625
360.0,0.25,24.501523938822157,414905.14613105485
360.0,0.26,24.986749735362988,398447.32901527977
360.0,0.27,25.46273059494306,382322.5600464951
360.0,0.28,25.929975633687672,366530.8393413784
360.0,0.29,26.38894888730173,351072.1670194848
360.0,0.3,26.840074709091443,335946.54320332094
360.0,0.31,27.283742364320137,321153.9680184235
360.0,0.32,27.720309962473078,306694.4415934381
360.0,0.33,28.150107840443013,292567.96406020125
360.0,0.34,28.57344148753451,278774.53555382486
360.0,0.35,28.990594085919405,265314.1562127828
360.0,0.36,29.401828726586587,252186.8261790003
360.0,0.37,29.80739035005445,239392.54559794595
360.0,0.38,30.207507452510978,226931.31461872652
360.0,0.39,30.602393591130962,214803.133394184
360.0,0.4,30.992248716727225,203008.00208099646
360.0,0.41,31.377260357342664,191545.92083978138
360.0,0.42,31.75760467266784,180416.88983520164
360.0,0.43,32.13344739610802,169620.9092360761
360.0,0.44,32.504944678793535,159157.97921549206
360.0,0.45,32.87224384772684,149028.09995092175
360.0,0.46,33.23548408850701,139231.27162434257
360.0,0.47,33.59479706160449,129767.4944223606
360.0,0.48,33.950307459924076,120636.76853633787
360.0,0.49,34.30213351435102,111839.09416252427
360.0,0.5,34.650387453091355,103374.47150219245
360.0,0.51,34.995175919865545,95242.9007617778
360.0,0.52,35.33660035537268,87444.38215302219
360.0,0.53,35.67475734589251,79978.91589312252
360.0,0.54,36.00973894242082,72846.50220488387
360.0,0.55,36.34163295332621,66047.1413168773
360.0,0.56,36.67052321316499,59580.83346360287
360.0,0.57,36.996489829986025,53447.578885657626
360.0,0.58,37.3196094131925,47647.37782990885
360.0,0.59,37.639955283796944,42180.23054967328
360.0,0.6,37.957597668704224,37046.13730490151
360.0,0.61,38.27260388048098,32245.098362368626
360.0,0.62,38.58503848391491,27777.113995870946
360.0,0.63,38.894963450531506,23642.18448642907
360.0,0.64,39.20243830211545,19840.310122497536
360.0,0.65,39.50752024417827,16371.491200181408
360.0,0.66,39.810264290219706,13235.728023459802
360.0,0.67,40.11072337754743,10433.020904416884
360.0,0.68,40.40894847534537,7963.3701634804265
360.0,0.69,40.70498868561572,5826.776129668282
360.0,0.7,40.998891337560465,4023.239140842987
360.0,0.71,41.290702075916286,2552.7595439750494
360.0,0.72,41.58046494370962,1415.3376954148473
360.0,0.73,41.86822245985673,610.9739611737764
360.0,0.74,42.15401569199592,139.6687172148983
360.0,0.75,42.43788432490509,1.4223497534248888
360.0,0.76,42.71986672482737,196.23525556744173
360.0,0.77,43.0,724.1078423192599
360.0,0.78,43.27832005765689,1585.0405288877992
360.0,0.79,43.554861657752674,2779.0337457124288
360.0,0.8,43.829658463635795,4306.087935148716
360.0,0.81,44.10274308987988,6166.203551836538
360.0,0.82,44.374147147465656,8359.381063081024
360.0,0.83,44.64390128649065,10885.620949246968
360.0,0.84,44.912035236570034,13744.923704166895
360.0,0.85,45.17857784507936,16937.289835563788
360.0,0.86,45.443557113378375,20462.71986548872
360.0,0.87,45.70700023114478,24321.21433077407
360.0,0.88,45.96893360893699,28512.77378350303
360.0,0.89,46.22938290909629,33037.39879149602
360.0,0.9,46.488373075090834,37895.08993881455
360.0,0.91,46.74592835939637,43085.8478262835
360.0,0.92,47.00207235000181,48609.67307203242
360.0,0.93,47.25682799562188,54466.56631205658
360.0,0.94,47.51021762969286,60656.52820079861
360.0,0.95,47.76226299322265,67179.55941175211
360.0,0.96,48.01298525656109,74035.66063808669
360.0,0.97,48.26240504015252,81224.83259329725
360.0,0.98,48.51054243432789,88747.07601187719
360.0,0.99,48.75741701819031,96602.39165001699
360.0,1.0,49.00304787764431,104790.78028632898
370.0,0.0,0.0,850265.5044057948
370.0,0.01,4.900304787764432,827088.5908365219
370.0,0.02,6.930077490618269,804231.9384884851
370.0,0.03,8.487576864981019,781695.5474244689
370.0,0.04,9.800609575528863,759479.4177087784
370.0,0.05,10.957414615908949,737583.5494072767
370.0,0.06,12.003246314140272,716007.9425874229
370.0,0.07,12.964987816843836,694752.5973183126
370.0,0.08,13.860154981236539,673817.5136707175
370.0,0.09,14.700914363293293,653202.6917171277
370.0,0.1,15.496124358363613,632908.1315317944
370.0,0.11,16.252472339396768,612933.8331907743
370.0,0.12,16.975153729962038,593279.7967719738
370.0,0.13,17.66830017768634,573946.0223551971
370.0,0.14,18.335261606582495,554932.5100221923
370.0,0.15,18.978798834352112,536239.2598567014
370.0,0.16,19.601219151057727,517866.27194451116
370.0,0.17,20.204474237672684,499813.5463735037
370.0,0.18,20.79023247185481,482081.083233711
370.0,0.19,21.359933362413685,464668.88261736906
370.0,0.2,21.914829231817897,447576.9446189743
370.0,0.21,22.456017618285017,430805.2693353418
370.0,0.22,22.984466804468497,414353.8568656644
370.0,0.23,23.501036175000905,398222.70731157466
370.0,0.24,24.006492628280544,382411.82077720686
370.0,0.25,24.501523938822157,366921.1973692628
370.0,0.26,24.986749735362988,351750.83719707787
370.0,0.27,25.46273059494306,336900.7403726896
370.0,0.28,25.929975633687672,322370.90701090865
370.0,0.29,26.38894888730173,308161.33722939104
370.0,0.3,26.840074709091443,294272.0311487126
370.0,0.31,27.283742364320137,280702.98889244645
370.0,0.32,27.720309962473078,267454.21058724157
370.0,0.33,28.150107840443013,254525.6963629046
370.0,0.34,28.57344148753451,241917.4463524832
370.0,0.35,28.990594085919405,229629.460692353
370.0,0.36,29.401828726586587,217661.73952230543
370.0,0.37,29.80739035005445,206014.28298564025
370.0,0.38,30.207507452510978,194687.09122925892
370.0,0.39,30.602393591130962,183680.16440376206
370.0,0.4,30.992248716727225,172993.50266354912
370.0,0.41,31.377260357342664,162627.10616692147
370.0,0.42,31.75760467266784,152580.975076188
370.0,0.43,32.13344739610802,142855.10955777488
370.0,0.44,32.504944678793535,133449.50978233764
370.0,0.45,32.87224384772684,124364.17592487737
370.0,0.46,33.23548408850701,115599.10816486018
370.0,0.47,33.59479706160449,107154.30668634032
370.0,0.48,33.950307459924076,99029.77167808697
370.0,0.49,34.30213351435102,91225.50333371552
370.0,0.5,34.650387453091355,83741.50185182222
370.0,0.51,34.995175919865545,76577.76743612337
370.0,0.52,35.33660035537268,69734.30029559883
370.0,0.53,35.67475734589251,63211.10064464005
370.0,0.54,36.00973894242082,57008.168703202544
370.0,0.55,36.34163295332621,51125.50469696352
370.0,0.56,36.67052321316499,45563.108857484294
370.0,0.57,36.996489829986025,40320.981422377816
370.0,0.58,37.3196094131925,35399.12263548162
370.0,0.59,37.639955283796944,30797.532747036472
370.0,0.6,37.957597668704224,26516.21201387055
370.0,0.61,38.27260388048098,22555.160699589538
370.0,0.62,38.58503848391491,18914.379074773115
370.0,0.63,38.894963450531506,15593.867417177595
370.0,0.64,39.20243830211545,12593.626011945342
370.0,0.65,39.50752024417827,9913.655151820982
370.0,0.66,39.810264290219706,7553.955137374727
370.0,0.67,40.11072337754743,5514.526277233083
370.0,0.68,40.40894847534537,3795.3688883172354
370.0,0.69,40.70498868561572,2396.483296089348
370.0,0.7,40.998891337560465,1317.8698348070182
370.0,0.71,41.290702075916286,559.5288477864658
370.0,0.72,41.58046494370962,121.46068767438044
370.0,0.73,41.86822245985673,3.665716729072762
370.0,0.74,42.15401569199592,206.14430711114977
370.0,0.75,42.43788432490509,728.8968411841005
370.0,0.76,42.71986672482737,1571.9237118251742
370.0,0.77,43.0,2735.225322746944
370.0,0.78,43.27832005765689,4218.80208882997
370.0,0.79,43.554861657752674,6022.654436466993
370.0,0.8,43.829658463635795,8146.782803919111
370.0,0.81,44.10274308987988,10591.187641684419
370.0,0.82,44.374147147465656,13355.869412879494
370.0,0.83,44.64390128649065,16440.828593634596
370.0,0.84,44.912035236570034,19846.06567350242
370.0,0.85,45.17857784507936,23571.58115588181
370.0,0.86,45.443557113378375,27617.375558456315
370.0,0.87,45.70700023114478,31983.449413648672
370.0,0.88,45.96893360893699,36669.803269091455
370.0,0.89,46.22938290909629,41676.437688114966
370.0,0.9,46.488373075090834,47003.353250252636
370.0,0.91,46.74592835939637,52650.55055176509
370.0,0.92,47.00207235000181,58618.030206183204
370.0,0.93,47.25682799562188,64905.79284487136
370.0,0.94,47.51021762969286,71513.83911761131
370.0,0.95,47.76226299322265,78442.16969320815
370.0,0.96,48.01298525656109,85690.78526011837
370.0,0.97,48.26240504015252,93259.68652710169
370.0,0.98,48.51054243432789,101148.8742238977
370.0,0.99,48.75741701819031,109358.3491019278
370.0,1.0,49.00304787764431,117888.11193502382
380.0,0.0,0.0,773821.9954748777
380.0,0.01,4.900304787764432,752134.3896169922
380.0,0.02,6.930077490618269,730755.0322234752
380.0,0.03,8.487576864981019,709683.9233559916
380.0,0.04,9.800609575528863,688921.0630777089
380.0,0.05,10.957414615908949,668466.4514533333
380.0,0.06,12.003246314140272,648320.0885491474
380.0,0.07,12.964987816843836,628481.9744330499
380.0,0.08,13.860154981236539,608952.1091745968
380.0,0.09,14.700914363293293,589730.4928450416
380.0,0.1,15.496124358363613,570817.1255173783
380.0,0.11,16.252472339396768,552212.0072663844
380.0,0.12,16.975153729962038,533915.1381686677
380.0,0.13,17.66830017768634,515926.5183027103
380.0,0.14,18.335261606582495,498246.1477489174
380.0,0.15,18.978798834352112,480874.0265896655
380.0,0.16,19.601219151057727,463810.1549093526
380.0,0.17,20.204474237672684,447054.5327944499
380.0,0.18,20.79023247185481,430607.1603335545
380.0,0.19,21.359933362413685,414468.0376174438
380.0,0.2,21.914829231817897,398637.16473913216
380.0,0.21,22.456017618285017,383114.54179392755
380.0,0.22,22.984466804468497,367900.1688794914
380.0,0.23,23.501036175000905,352994.04609589896
380.0,0.24,24.006492628280544,338396.1735457027
380.0,0.25,24.501523938822157,324106.55133399594
380.0,0.26,24.986749735362988,310125.1795684796
380.0,0.27,25.46273059494306,296452.0583595302
380.0,0.28,25.929975633687672,283087.1878202703
380.0,0.29,26.38894888730173,270030.5680666403
380.0,0.3,26.840074709091443,257282.19921747287
380.0,0.31,27.283742364320137,244842.08139456974
380.0,0.32,27.720309962473078,232710.21472277996
380.0,0.33,28.150107840443013,220886.59933008134
380.0,0.34,28.57344148753451,209371.23534766343
380.0,0.35,28.990594085919405,198164.12291001395
380.0,0.36,29.401828726586587,187265.2621550065
380.0,0.37,29.80739035005445,176674.6532239924
380.0,0.38,30.207507452510978,166392.29626189402
380.0,0.39,30.602393591130962,156418.1914173016
380.0,0.4,30.992248716727225,146752.33884257253
380.0,0.41,31.377260357342664,137394.7386939342
380.0,0.42,31.75760467266784,128345.39113158915
380.0,0.43,32.13344739610802,119604.29631982441
380.0,0.44,32.504944678793535,111171.45442712339
380.0,0.45,32.87224384772684,103046.8656262815
380.0,0.46,33.23548408850701,95230.53009452533
380.0,0.47,33.59479706160449,87722.44801363543
380.0,0.48,33.950307459924076,80522.61957007281
380.0,0.49,34.30213351435102,73631.04495510974
380.0,0.5,34.650387453091355,67047.72436496416
380.0,0.51,34.995175919865545,60772.658000938514
380.0,0.52,35.33660035537268,54805.846069563006
380.0,0.53,35.67475734589251,49147.28878274311
380.0,0.54,36.00973894242082,43796.986357912174
380.0,0.55,36.34163295332621,38754.93901818835
380.0,0.56,36.67052321316499,34021.146992536924
380.0,0.57,36.996489829986025,29595.610515937653
380.0,0.58,37.3196094131925,25478.32982955735
380.0,0.59,37.639955283796944,21669.305180928455
380.0,0.6,37.957597668704224,18168.536824132872
380.0,0.61,38.27260388048098,14976.025019992083
380.0,0.62,38.58503848391491,12091.770036263319
380.0,0.63,38.894963450531506,9515.772147842223
380.0,0.64,39.20243830211545,7248.0316369720795
380.0,0.65,39.50752024417827,5288.548793460017
380.0,0.66,39.810264290219706,3637.3239149002884
380.0,0.67,40.11072337754743,2294.357306905019
380.0,0.68,40.40894847534537,1259.6492833426075
380.0,0.69,40.70498868561572,533.200166584115
380.0,0.7,40.998891337560465,115.01028775790658
380.0,0.71,41.290702075916286,5.079987012946995
380.0,0.72,41.58046494370962,203.40961379092838
380.0,0.73,41.86822245985673,709.999527107693
380.0,0.74,42.15401569199592,1524.8500958442532
380.0,0.75,42.43788432490509,2647.9616990477803
380.0,0.76,42.71986672482737,4079.3347262429606
380.0,0.77,43.0,5818.969577754095
380.0,0.78,43.27832005765689,7866.86666503838
380.0,0.79,43.554861657752674,10223.026411030807
380.0,0.8,43.829658463635795,12887.449250501119
380.0,0.81,44.10274308987988,15860.135630423327
380.0,0.82,44.374147147465656,19141.086010358173
380.0,0.83,44.64390128649065,22730.300862849406
380.0,0.84,44.912035236570034,26627.78067383375
380.0,0.85,45.17857784507936,30833.52594306588
380.0,0.86,45.443557113378375,35347.53718455848
380.0,0.87,45.70700023114478,40169.81492703821
380.0,0.88,45.96893360893699,45300.35971441821
380.0,0.89,46.22938290909629,50739.17210628771
380.0,0.9,46.488373075090834,56486.25267841959
380.0,0.91,46.74592835939637,62541.60202329656
380.0,0.92,47.00207235000181,68905.2207506567
380.0,0.93,47.25682799562188,75577.10948805923
380.0,0.94,47.51021762969286,82557.26888147123
380.0,0.95,47.76226299322265,89845.69959587668
380.0,0.96,48.01298525656109,97442.40231590754
380.0,0.97,48.26240504015252,105347.37774649951
380.0,0.98,48.51054243432789,113560.62661357214
380.0,0.99,48.75741701819031,122082.14966473488
380.0,1.0,49.00304787764431,130911.94767002032
390.0,0.0,0.0,704456.7333244255
390.0,0.01,4.900304787764432,684150.8613957971
390.0,0.02,6.930077490618269,664141.9412384938
390.0,0.03,8.487576864981019,644429.9729131515
390.0,0.04,9.800609575528863,625014.9564818906
390.0,0.05,10.957414615908949,605896.8920083537
390.0,0.06,12.003246314140272,587075.7795577432
390.0,0.07,12.964987816843836,568551.6191968598
390.0,0.08,13.860154981236539,550324.4109941439
390.0,0.09,14.700914363293293,532394.1550197153
390.0,0.1,15.496124358363613,514760.8513454164
390.0,0.11,16.252472339396768,497424.5000448552
390.0,0.12,16.975153729962038,480385.10119345004
390.0,0.13,17.66830017768634,463642.6548684757
390.0,0.14,18.335261606582495,447197.16114911024
390.0,0.15,18.978798834352112,431048.62011648377
390.0,0.16,19.601219151057727,415197.031853728
390.0,0.17,20.204474237672684,399642.39644602773
390.0,0.18,20.79023247185481,384384.71398067346
390.0,0.19,21.359933362413685,369423.9845471156
390.0,0.2,21.914829231817897,354760.2082370197
390.0,0.21,22.456017618285017,340393.385144325
390.0,0.22,22.984466804468497,326323.51536530134
390.0,0.23,23.501036175000905,312550.59899861185
390.0,0.24,24.006492628280544,299074.6361453742
390.0,0.25,24.501523938822157,285895.62690922455
390.0,0.26,24.986749735362988,273013.5713963842
390.0,0.27,25.46273059494306,260428.4697157272
390.0,0.28,25.929975633687672,248140.32197885014
390.0,0.29,26.38894888730173,236149.12830014416
390.0,0.3,26.840074709091443,224454.88879686888
390.0,0.31,27.283742364320137,213057.60358922876
390.0,0.32,27.720309962473078,201957.27280045138
390.0,0.33,28.150107840443013,191153.89655686822
390.0,0.34,28.57344148753451,180647.4749879978
390.0,0.35,28.990594085919405,170438.00822663135
390.0,0.36,29.401828726586587,160525.49640892074
390.0,0.37,29.80739035005445,150909.9396744696
390.0,0.38,30.207507452510978,141591.3381664266
390.0,0.39,30.602393591130962,132569.6920315819
390.0,0.4,30.992248716727225,123845.00142046636
390.0,0.41,31.377260357342664,115417.26648745386
390.0,0.42,31.75760467266784,107286.48739086642
390.0,0.43,32.13344739610802,99452.66429308317
390.0,0.44,32.504944678793535,91915.79736065207
390.0,0.45,32.87224384772684,84675.8867644052
390.0,0.46,33.23548408850701,77732.93267957777
390.0,0.47,33.59479706160449,71086.93528593074
390.0,0.48,33.950307459924076,64737.89476787705
390.0,0.49,34.30213351435102,58685.81131461222
390.0,0.5,34.650387453091355,52930.685120248585
390.0,0.51,34.995175919865545,47472.51638395403
390.0,0.52,35.33660035537268,42311.30531009496
390.0,0.53,35.67475734589251,37447.05210838384
390.0,0.54,36.00973894242082,32879.756994031464
390.0,0.55,36.34163295332621,28609.420187903983
390.0,0.56,36.67052321316499,24636.041916685022
390.0,0.57,36.996489829986025,20959.622413043013
390.0,0.58,37.3196094131925,17580.161915803732
390.0,0.59,37.639955283796944,14497.660670128811
390.0,0.6,37.957597668704224,11712.118927699641
390.0,0.61,38.27260388048098,9223.536946907469
390.0,0.62,38.58503848391491,7031.91499304969
390.0,0.63,38.894963450531506,5137.25333853255
390.0,0.64,39.20243830211545,3539.552263080562
390.0,0.65,39.50752024417827,2238.8120539528404
390.0,0.66,39.810264290219706,1235.033006166608
390.0,0.67,40.11072337754743,528.2154227281894
390.0,0.68,40.40894847534537,118.35961487169921
390.0,0.69,40.70498868561572,5.465902305785654
390.0,0.7,40.998891337560465,189.53461346867942
390.0,0.71,41.290702075916286,670.566085791902
390.0,0.72,41.58046494370962,1448.5606659729253
390.0,0.73,41.86822245985673,2523.518710257157
390.0,0.74,42.15401569199592,3895.440584729594
390.0,0.75,42.43788432490509,5564.326665616525
390.0,0.76,42.71986672482737,7530.177339597649
390.0,0.77,43.0,9792.993004129043
390.0,0.78,43.27832005765689,12352.774067777402
390.0,0.79,43.554861657752674,15209.520950565948
390.0,0.8,43.829658463635795,18363.234084332536
390.0,0.81,44.10274308987988,21813.913913100383
390.0,0.82,44.374147147465656,25561.560893461898
390.0,0.83,44.64390128649065,29606.17549497642
390.0,0.84,44.912035236570034,33947.75820058171
390.0,0.85,45.17857784507936,38586.309507020705
390.0,0.86,45.443557113378375,43521.8299252834
390.0,0.87,45.70700023114478,48754.31998106482
390.0,0.88,45.96893360893699,54283.780215239654
390.0,0.89,46.22938290909629,60110.21118435423
390.0,0.9,46.488373075090834,66233.61346113651
390.0,0.91,46.74592835939637,72653.98763502509
390.0,0.92,47.00207235000181,79371.33431271742
390.0,0.93,47.25682799562188,86385.65411873888
390.0,0.94,47.51021762969286,93696.94769603272
390.0,0.95,47.76226299322265,101305.21570657271
390.0,0.96,48.01298525656109,109210.45883199802
390.0,0.97,48.26240504015252,117412.67777427306
390.0,0.98,48.51054243432789,125911.87325637204
390.0,0.99,48.75741701819031,134708.04602298973
390.0,1.0,49.00304787764431,143801.19684127948
400.0,0.0,0.0,641456.5003866205
400.0,0.01,4.900304787764432,622433.9931765649
400.0,0.02,6.930077490618269,603697.8055896905
400.0,0.03,8.487576864981019,585247.9376856828
400.0,0.04,9.800609575528863,567084.3895256977
400.0,0.05,10.957414615908949,549207.161172398
400.0,0.06,12.003246314140272,531616.2526899911
400.0,0.07,12.964987816843836,514311.66414426867
400.0,0.08,13.860154981236539,497293.3956026451
400.0,0.09,14.700914363293293,480561.4471341994
400.0,0.1,15.496124358363613,464115.818809717
400.0,0.11,16.252472339396768,447956.51070173323
400.0,0.12,16.975153729962038,432083.52288457716
400.0,0.13,17.66830017768634,416496.85543441767
400.0,0.14,18.335261606582495,401196.50842931063
400.0,0.15,18.978798834352112,386182.48194924695
400.0,0.16,19.601219151057727,371454.77607620164
400.0,0.17,20.204474237672684,357013.39089418575
400.0,0.18,20.79023247185481,342858.32648929855
400.0,0.19,21.359933362413685,328989.582949781
400.0,0.2,21.914829231817897,315407.1603660718
400.0,0.21,22.456017618285017,302111.0588308642
400.0,0.22,22.984466804468497,289101.278439165
400.0,0.23,23.501036175000905,276377.8192883542
400.0,0.24,24.006492628280544,263940.6814782482
400.0,0.25,24.501523938822157,251789.86511116286
400.0,0.26,24.986749735362988,239925.37029197963
400.0,0.27,25.46273059494306,228347.19712821324
400.0,0.28,25.929975633687672,217055.34573008126
400.0,0.29,26.38894888730173,206049.81621057595
400.0,0.3,26.840074709091443,195330.60868553794
400.0,0.31,27.283742364320137,184897.7232737322
400.0,0.32,27.720309962473078,174751.16009692653
400.0,0.33,28.150107840443013,164890.91927997165
400.0,0.34,28.57344148753451,155317.00095088466
400.0,0.35,28.990594085919405,146029.405240934
400.0,0.36,29.401828726586587,137028.13228472776
400.0,0.37,29.80739035005445,128313.18222030408
400.0,0.38,30.207507452510978,119884.5551892247
400.0,0.39,30.602393591130962,111742.25133667096
400.0,0.4,30.992248716727225,103886.27081154299
400.0,0.41,31.377260357342664,96316.61376656182
400.0,0.42,31.75760467266784,89033.28035837454
400.0,0.43,32.13344739610802,82036.27074766281
400.0,0.44,32.504944678793535,75325.58509925472
400.0,0.45,32.87224384772684,68901.22358223991
400.0,0.46,33.23548408850701,62763.18637008848
400.0,0.47,33.59479706160449,56911.473640773474
400.0,0.48,33.950307459924076,51346.08557689715
400.0,0.49,34.30213351435102,46067.02236582142
400.0,0.5,34.650387453091355,41074.28419980209
400.0,0.51,34.995175919865545,36367.87127612755
400.0,0.52,35.33660035537268,31947.78379726181
400.0,0.53,35.67475734589251,27814.021970991984
400.0,0.54,36.00973894242082,23966.586010580624
400.0,0.55,36.34163295332621,20405.476134922792
400.0,0.56,36.67052321316499,17130.692568708266
400.0,0.57,36.996489829986025,14142.235542589004
400.0,0.58,37.3196094131925,11440.105293351795
400.0,0.59,37.639955283796944,9024.302064096935
400.0,0.6,37.957597668704224,6894.826104422335
400.0,0.61,38.27260388048098,5051.677670613855
400.0,0.62,38.58503848391491,3494.857025841829
400.0,0.63,38.894963450531506,2224.3644403641065
400.0,0.64,39.20243830211545,1240.200191735794
400.0,0.65,39.50752024417827,542.3645650259745
400.0,0.66,39.810264290219706,130.85785304165526
400.0,0.67,40.11072337754743,5.680356559222481
400.0,0.68,40.40894847534537,166.83238456367943
400.0,0.69,40.70498868561572,614.314254495954
400.0,0.7,40.998891337560465,1348.12629250862
400.0,0.71,41.290702075916286,2368.268833730274
400.0,0.72,41.58046494370962,3674.7422225389887
400.0,0.73,41.86822245985673,5267.546812845136
400.0,0.74,42.15401569199592,7146.68296838394
400.0,0.75,42.43788432490509,9312.151063018191
400.0,0.76,42.71986672482737,11763.951481051425
400.0,0.77,43.0,14502.084617552066
400.0,0.78,43.27832005765689,17526.550878688915
400.0,0.79,43.554861657752674,20837.35068207842
400.0,0.8,43.829658463635795,24434.48445714424
400.0,0.81,44.10274308987988,28317.952645489575
400.0,0.82,44.374147147465656,32487.755701282636
400.0,0.83,44.64390128649065,36943.89409165628
400.0,0.84,44.912035236570034,41686.3682971214
400.0,0.85,45.17857784507936,46715.17881199579
400.0,0.86,45.443557113378375,52030.32614484828
400.0,0.87,45.70700023114478,57631.810818959144
400.0,0.88,45.96893360893699,63519.63337279723
400.0,0.89,46.22938290909629,69693.7943605148
400.0,0.9,46.488373075090834,76154.29435246045
400.0,0.91,46.74592835939637,82901.13393571111
400.0,0.92,47.00207235000181,89934.31371462398
400.0,0.93,47.25682799562188,97253.83431140875
400.0,0.94,47.51021762969286,104859.69636672176
400.0,0.95,47.76226299322265,112751.90054028263
400.0,0.96,48.01298525656109,120930.44751151335
400.0,0.97,48.26240504015252,129395.33798020302
400.0,0.98,48.51054243432789,138146.5726671972
400.0,0.99,48.75741701819031,147184.152315114
400.0,1.0,49.00304787764431,156508.07768908792
410.0,0.0,0.0,584187.4264595673
410.0,0.01,4.900304787764432,566358.2329311986
410.0,0.02,6.930077490618269,548805.3439808103
410.0,0.03,8.487576864981019,531528.7596672088
410.0,0.04,9.800609575528863,514528.48005065805
410.0,0.05,10.957414615908949,497804.5051929163
410.0,0.06,12.003246314140272,481356.8351572731
410.0,0.07,12.964987816843836,465185.47000858875
410.0,0.08,13.860154981236539,449290.4098133333
410.0,0.09,14.700914363293293,433671.65463962767
410.0,0.1,15.496124358363613,418329.20455728547
410.0,0.11,16.252472339396768,403263.059637856
410.0,0.12,16.975153729962038,388473.2199546685
410.0,0.13,17.66830017768634,373959.68558287795
410.0,0.14,18.335261606582495,359722.45659951173
410.0,0.15,18.978798834352112,345761.53308351734
410.0,0.16,19.601219151057727,332076.9151158124
410.0,0.17,20.204474237672684,318668.6027793352
410.0,0.18,20.79023247185481,305536.5961590974
410.0,0.19,21.359933362413685,292680.8953422368
410.0,0.2,21.914829231817897,280101.5004180742
410.0,0.21,22.456017618285017,267798.41147816903
410.0,0.22,22.984466804468497,255771.6286163785
410.0,0.23,23.501036175000905,244021.1519289178
410.0,0.24,24.006492628280544,232546.981514422
410.0,0.25,24.501523938822157,221349.11747400963
410.0,0.26,24.986749735362988,210427.5599113489
410.0,0.27,25.46273059494306,199782.30893272455
410.0,0.28,25.929975633687672,189413.36464710793
410.0,0.29,26.38894888730173,179320.72716622832
410.0,0.3,26.840074709091443,169504.39660464658
410.0,0.31,27.283742364320137,159964.37307983113
410.0,0.32,27.720309962473078,150700.65671223606
410.0,0.33,28.150107840443013,141713.24762538157
410.0,0.34,28.57344148753451,133002.14594593665
410.0,0.35,28.990594085919405,124567.35180380476
410.0,0.36,29.401828726586587,116408.86533221125
410.0,0.37,29.80739035005445,108526.68666779429
410.0,0.38,30.207507452510978,100920.81595069796
410.0,0.39,30.602393591130962,93591.25332466849
410.0,0.4,30.992248716727225,86537.99893715313
410.0,0.41,31.377260357342664,79761.05293940239
410.0,0.42,31.75760467266784,73260.41548657509
410.0,0.43,32.13344739610802,67036.08673784693
410.0,0.44,32.504944678793535,61088.06685652222
410.0,0.45,32.87224384772684,55416.356010149175
410.0,0.46,33.23548408850701,50020.95437063873
410.0,0.47,33.59479706160449,44901.86211438704
410.0,0.48,33.950307459924076,40059.07942240194
410.0,0.49,34.30213351435102,35492.606480433344
410.0,0.5,34.650387453091355,31202.443479107653
410.0,0.51,34.995175919865545,27188.590614066525
410.0,0.52,35.33660035537268,23451.048086110026
410.0,0.53,35.67475734589251,19989.81610134436
410.0,0.54,36.00973894242082,16804.894871334276
410.0,0.55,36.34163295332621,13896.284613260463
410.0,0.56,36.67052321316499,11263.985550081941
410.0,0.57,36.996489829986025,8907.997910703787
410.0,0.58,37.3196094131925,6828.321930150146
410.0,0.59,37.639955283796944,5024.957849743177
410.0,0.6,37.957597668704224,3497.905917287575
410.0,0.61,38.27260388048098,2247.166387261313
410.0,0.62,38.58503848391491,1272.7395210126172
410.0,0.63,38.894963450531506,574.6255869635035
410.0,0.64,39.20243830211545,152.8248608200563
410.0,0.65,39.50752024417827,7.337625789746418
410.0,0.66,39.810264290219706,138.16417280601465
410.0,0.67,40.11072337754743,545.3048007604235
410.0,0.68,40.40894847534537,1228.7598167426486
410.0,0.69,40.70498868561572,2188.529536288593
410.0,0.7,40.998891337560465,3424.6142836370213
410.0,0.71,41.290702075916286,4937.014391994829
410.0,0.72,41.58046494370962,6725.73020381156
410.0,0.73,41.86822245985673,8790.762071063313
410.0,0.74,42.15401569199592,11132.110355546482
410.0,0.75,42.43788432490509,13749.775429181718
410.0,0.76,42.71986672482737,16643.75767432848
410.0,0.77,43.0,19814.057484110646
410.0,0.78,43.27832005765689,23260.67526275351
410.0,0.79,43.554861657752674,26983.61142593279
410.0,0.8,43.829658463635795,30982.86640113592
410.0,0.81,44.10274308987988,35258.4406280363
410.0,0.82,44.374147147465656,39810.33455888079
410.0,0.83,44.64390128649065,44638.54865889154
410.0,0.84,44.912035236570034,49743.08340668167
410.0,0.85,45.17857784507936,55123.93929468661
410.0,0.86,45.443557113378375,60781.11682961091
410.0,0.87,45.70700023114478,66714.61653289133
410.0,0.88,45.96893360893699,72924.43894117714
410.0,0.89,46.22938290909629,79410.58460682794
410.0,0.9,46.488373075090834,86173.05409843015
410.0,0.91,46.74592835939637,93211.84800133246
410.0,0.92,47.00207235000181,100526.96691820167
410.0,0.93,47.25682799562188,108118.41146959904
410.0,0.94,47.51021762969286,115986.18229457868
410.0,0.95,47.76226299322265,124130.28005130871
410.0,0.96,48.01298525656109,132550.70541771557
410.0,0.97,48.26240504015252,141247.45909215364
410.0,0.98,48.51054243432789,150220.54179410014
410.0,0.99,48.75741701819031,159469.95426487736
410.0,1.0,49.00304787764431,168995.69726840244
420.0,0.0,0.0,532085.3498522313
420.0,0.01,4.900304787764432,515366.94331087964
420.0,0.02,6.930077490618269,498915.39971625304
420.0,0.03,8.487576864981019,482730.71912634245
420.0,0.04,9.800609575528863,466812.9016005852
420.0,0.05,10.957414615908949,451161.94719990157
420.0,0.06,12.003246314140272,435777.8559867323
420.0,0.07,12.964987816843836,420660.6280250766
420.0,0.08,13.860154981236539,405810.2633805323
420.0,0.09,14.700914363293293,391226.76212033664
420.0,0.1,15.496124358363613,376910.12431340694
420.0,0.11,16.252472339396768,362860.35003038525
420.0,0.12,16.975153729962038,349077.4393436808
420.0,0.13,17.66830017768634,335561.39232751675
420.0,0.14,18.335261606582495,322312.20905797597
420.0,0.15,18.978798834352112,309329.8896130495
420.0,0.16,19.601219151057727,296614.4340726857
420.0,0.17,20.204474237672684,284165.8425188414
420.0,0.18,20.79023247185481,271984.11503553315
420.0,0.19,21.359933362413685,260069.25170889214
420.0,0.2,21.914829231817897,248421.25262721858
420.0,0.21,22.456017618285017,237040.11788103884
420.0,0.22,22.984466804468497,225925.8475631638
420.0,0.23,23.501036175000905,215078.44176874915
420.0,0.24,24.006492628280544,204497.90059535715
420.0,0.25,24.501523938822157,194184.2241430204
420.0,0.26,24.986749735362988,184137.41251430733
420.0,0.27,25.46273059494306,174357.4658143899
420.0,0.28,25.929975633687672,164844.3841511127
420.0,0.29,26.38894888730173,155598.16763506486
420.0,0.3,26.840074709091443,146618.81637965346
420.0,0.31,27.283742364320137,137906.3305011792
420.0,0.32,27.720309962473078,129460.71011891507
420.0,0.33,28.150107840443013,121281.95535518604
420.0,0.34,28.57344148753451,113370.06633545233
420.0,0.35,28.990594085919405,105725.04318839463
420.0,0.36,29.401828726586587,98346.88604600189
420.0,0.37,29.80739035005445,91235.59504366195
420.0,0.38,30.207507452510978,84391.17032025493
420.0,0.39,30.602393591130962,77813.61201824919
420.0,0.4,30.992248716727225,71502.9202838005
420.0,0.41,31.377260357342664,65459.09526685426
420.0,0.42,31.75760467266784,59682.137121250584
420.0,0.43,32.13344739610802,54172.04600483302
420.0,0.44,32.504944678793535,48928.82207956031
420.0,0.45,32.87224384772684,43952.46551162185
420.0,0.46,33.23548408850701,39242.97647155658
420.0,0.47,33.59479706160449,34800.35513437586
420.0,0.48,33.950307459924076,30624.601679689786
420.0,0.49,34.30213351435102,26715.716291838016
420.0,0.5,34.650387453091355,23073.6991600243
420.0,0.51,34.995175919865545,19698.550478455574
420.0,0.52,35.33660035537268,16590.270446485316
420.0,0.53,35.67475734589251,13748.859268761564
420.0,0.54,36.00973894242082,11174.317155379746
420.0,0.55,36.34163295332621,8866.644322040322
420.0,0.56,36.67052321316499,6825.840990211649
420.0,0.57,36.996489829986025,5051.907387298088
420.0,0.58,37.3196094131925,3544.8437468134994
420.0,0.59,37.639955283796944,2304.6503085606773
420.0,0.6,37.957597668704224,1331.3273188164185
420.0,0.61,38.27260388048098,624.8750305228418
420.0,0.62,38.58503848391491,185.29370348500817
420.0,0.63,38.894963450531506,12.58360457512132
420.0,0.64,39.20243830211545,106.7450079435441
420.0,0.65,39.50752024417827,467.7781952368944
420.0,0.66,39.810264290219706,1095.6834558234725
420.0,0.67,40.11072337754743,1990.4610870263136
420.0,0.68,40.40894847534537,3152.11139436414
420.0,0.69,40.70498868561572,4580.634691800508
420.0,0.7,40.998891337560465,6276.031302001558
420.0,0.71,41.290702075916286,8238.301556602442
420.0,0.72,41.58046494370962,10467.445796483113
420.0,0.73,41.86822245985673,12963.464372053564
420.0,0.74,42.15401569199592,15726.357643549014
420.0,0.75,42.43788432490509,18756.125981335386
420.0,0.76,42.71986672482737,22052.769766225494
420.0,0.77,43.0,25616.289389806352
420.0,0.78,43.27832005765689,29446.68525477808
420.0,0.79,43.554861657752674,33543.957775304785
420.0,0.8,43.829658463635795,37908.10737737802
420.0,0.81,44.10274308987988,42539.13449919319
420.0,0.82,44.374147147465656,47437.03959153946
420.0,0.83,44.64390128649065,52601.82311820402
420.0,0.84,44.912035236570034,58033.48555639044
420.0,0.85,45.17857784507936,63732.02739715294
420.0,0.86,45.443557113378375,69697.44914584597
420.0,0.87,45.70700023114478,75929.75132259073
420.0,0.88,45.96893360893699,82428.9344627587
420.0,0.89,46.22938290909629,89194.99911747308
420.0,0.9,46.488373075090834,96227.94585412904
420.0,0.91,46.74592835939637,103527.7752569333
420.0,0.92,47.00207235000181,111094.48792746408
420.0,0.93,47.25682799562188,118928.08448525224
420.0,0.94,47.51021762969286,127028.56556838412
420.0,0.95,47.76226299322265,135395.93183412822
420.0,0.96,48.01298525656109,144030.18395958445
420.0,0.97,48.26240504015252,152931.32264235985
420.0,0.98,48.51054243432789,162099.3486012695
420.0,0.99,48.75741701819031,171534.2625770649
420.0,1.0,49.00304787764431,181236.06533319084
430.0,0.0,0.0,484647.44008562656
430.0,0.01,4.900304787764432,468964.10678078176
430.0,0.02,6.930077490618269,453538.72796670726
430.0,0.03,8.487576864981019,438371.3037006352
430.0,0.04,9.800609575528863,423461.8340412344
430.0,0.05,10.957414615908949,408810.31904864695
430.0,0.06,12.003246314140272,394416.75878452556
430.0,0.07,12.964987816843836,380281.1533120718
430.0,0.08,13.860154981236539,366403.5026960761
430.0,0.09,14.700914363293293,352783.80700295756
430.0,0.1,15.496124358363613,339422.0663008061
430.0,0.11,16.252472339396768,326318.2806594258
430.0,0.12,16.975153729962038,313472.4501503778
430.0,0.13,17.66830017768634,300884.57484702684
430.0,0.14,18.335261606582495,288554.6548245871
430.0,0.15,18.978798834352112,276482.69016017043
430.0,0.16,19.601219151057727,264668.6809328357
430.0,0.17,20.204474237672684,253112.62722363908
430.0,0.18,20.79023247185481,241814.52911568692
430.0,0.19,21.359933362413685,230774.38669418875
430.0,0.2,21.914829231817897,219992.20004651265
430.0,0.21,22.456017618285017,209467.9692622423
430.0,0.22,22.984466804468497,199201.6944332348
430.0,0.23,23.501036175000905,189193.3756536816
430.0,0.24,24.006492628280544,179443.01302016978
430.0,0.25,24.501523938822157,169950.60663174576
430.0,0.26,24.986749735362988,160716.15658998117
430.0,0.27,25.46273059494306,151739.6629990402
430.0,0.28,25.929975633687672,143021.12596574894
430.0,0.29,26.38894888730173,134560.545599667
430.0,0.3,26.840074709091443,126357.92201316118
430.0,0.31,27.283742364320137,118413.25532148122
430.0,0.32,27.720309962473078,110726.54564283817
430.0,0.33,28.150107840443013,103297.7930984845
430.0,0.34,28.57344148753451,96126.99781279723
430.0,0.35,28.990594085919405,89214.15991336328
430.0,0.36,29.401828726586587,82559.27953106722
430.0,0.37,29.80739035005445,76162.35680018223
430.0,0.38,30.207507452510978,70023.39185846332
430.0,0.39,30.602393591130962,64142.38484724361
430.0,0.4,30.992248716727225,58519.33591153359
430.0,0.41,31.377260357342664,53154.24520012341
430.0,0.42,31.75760467266784,48047.1128656882
430.0,0.43,32.13344739610802,43197.939064896964
430.0,0.44,32.504944678793535,38606.72395852456
430.0,0.45,32.87224384772684,34273.46771156732
430.0,0.46,33.23548408850701,30198.170493362304
430.0,0.47,33.59479706160449,26380.832477710253
430.0,0.48,33.950307459924076,22821.45384300241
430.0,0.49,34.30213351435102,19520.034772351493
430.0,0.5,34.650387453091355,16476.57545372668
430.0,0.51,34.995175919865545,13691.076080092966
430.0,0.52,35.33660035537268,11163.536849554985
430.0,0.53,35.67475734589251,8893.957965505488
430.0,0.54,36.00973894242082,6882.339636778526
430.0,0.55,36.34163295332621,5128.68207780769
430.0,0.56,36.67052321316499,3632.9855087894434
430.0,0.57,36.996489829986025,2395.250155851818
430.0,0.58,37.3196094131925,1415.4762512285613
430.0,0.59,37.639955283796944,693.6640334391473
430.0,0.6,37.957597668704224,229.81374747459992
430.0,0.61,38.27260388048098,23.925644989540242
430.0,0.62,38.58503848391491,75.99998450060201
430.0,0.63,38.894963450531506,386.0370315914877
430.0,0.64,39.20243830211545,954.0370591248904
430.0,0.65,39.50752024417827,1780.000347461546
430.0,0.66,39.810264290219706,2863.927184686702
430.0,0.67,40.11072337754743,4205.817866844249
430.0,0.68,40.40894847534537,5805.672698178851
430.0,0.69,40.70498868561572,7663.491991386305
430.0,0.7,40.998891337560465,9779.276067872648
430.0,0.71,41.290702075916286,12153.02525802193
430.0,0.72,41.58046494370962,14784.73990147352
430.0,0.73,41.86822245985673,17674.420347408915
430.0,0.74,42.15401569199592,20822.06695484857
430.0,0.75,42.43788432490509,24227.68009295919
430.0,0.76,42.71986672482737,27891.260141371757
430.0,0.77,43.0,31812.807490510866
430.0,0.78,43.27832005765689,35992.322541935704
430.0,0.79,43.554861657752674,40429.8057086932
430.0,0.8,43.829658463635795,45125.25741568386
430.0,0.81,44.10274308987988,50078.67810004065
430.0,0.82,44.374147147465656,55290.06821152156
430.0,0.83,44.64390128649065,60759.4282129168
430.0,0.84,44.912035236570034,66486.75858047004
430.0,0.85,45.17857784507936,72472.05980431564
430.0,0.86,45.443557113378375,78715.33238893213
430.0,0.87,45.70700023114478,85216.5768536117
430.0,0.88,45.96893360893699,91975.79373294771
430.0,0.89,46.22938290909629,98992.98357734019
430.0,0.9,46.488373075090834,106268.1469535201
430.0,0.91,46.74592835939637,113801.28444509344
430.0,0.92,47.00207235000181,121592.39665310594
430.0,0.93,47.25682799562188,129641.48419662903
430.0,0.94,47.51021762969286,137948.5477133681
430.0,0.95,47.76226299322265,146513.58786029465
430.0,0.96,48.01298525656109,155336.60531430144
430.0,0.97,48.26240504015252,164417.60077288447
430.0,0.98,48.51054243432789,173756.57495485028
430.0,0.99,48.75741701819031,183353.5286010516
430.0,1.0,49.00304787764431,193208.4624751515
440.0,0.0,0.0,441424.90642542584
440.0,0.01,4.900304787764432,426707.10756920744
440.0,0.02,6.930077490618269,412238.85085353267
440.0,0.03,8.487576864981019,398020.1363349251
440.0,0.04,9.800609575528863,384050.9640713367
440.0,0.05,10.957414615908949,370331.3341221849
440.0,0.06,12.003246314140272,356861.24654838897
440.0,0.07,12.964987816843836,343640.70141240925
440.0,0.08,13.860154981236539,330669.6987782857
440.0,0.09,14.700914363293293,317948.2387116794
440.0,0.1,15.496124358363613,305476.3212799135
440.0,0.11,16.252472339396768,293253.94655201613
440.0,0.12,16.975153729962038,281281.11459876504
440.0,0.13,17.66830017768634,269557.8254927321
440.0,0.14,18.335261606582495,258084.07930833052
440.0,0.15,18.978798834352112,246859.8761218624
440.0,0.16,19.601219151057727,235885.21601156823
440.0,0.17,20.204474237672684,225160.09905767723
440.0,0.18,20.79023247185481,214684.52534246
440.0,0.19,21.359933362413685,204458.4949502817
440.0,0.2,21.914829231817897,194482.00796765747
440.0,0.21,22.456017618285017,184755.06448330928
440.0,0.22,22.984466804468497,175277.6645882241
440.0,0.23,23.501036175000905,166049.8083757144
440.0,0.24,24.006492628280544,157071.49594147975
440.0,0.25,24.501523938822157,148342.72738367072
440.0,0.26,24.986749735362988,139863.50280295438
440.0,0.27,25.46273059494306,131633.82230258198
440.0,0.28,25.929975633687672,123653.68598845822
440.0,0.29,26.38894888730173,115923.0939692132
440.0,0.3,26.840074709091443,108442.04635627578
440.0,0.31,27.283742364320137,101210.54326394976
440.0,0.32,27.720309962473078,94228.58480949208
440.0,0.33,28.150107840443013,87496.17111319337
440.0,0.34,28.57344148753451,81013.30229846081
440.0,0.35,28.990594085919405,74779.97849190395
440.0,0.36,29.401828726586587,68796.1998234225
440.0,0.37,29.80739035005445,63061.96642629736
440.0,0.38,30.207507452510978,57577.27843728419
440.0,0.39,30.602393591130962,52342.135996709796
440.0,0.4,30.992248716727225,47356.5392485716
440.0,0.41,31.377260357342664,42620.488340640215
440.0,0.42,31.75760467266784,38133.983424565005
440.0,0.43,32.13344739610802,33897.02465598321
440.0,0.44,32.504944678793535,29909.61219463227
440.0,0.45,32.87224384772684,26171.746204465766
440.0,0.46,33.23548408850701,22683.42685377298
440.0,0.47,33.59479706160449,19444.65431530224
440.0,0.48,33.950307459924076,16455.428766388126
440.0,0.49,34.30213351435102,13715.750389082892
440.0,0.5,34.650387453091355,11225.619370291832
440.0,0.51,34.995175919865545,8985.035901913194
440.0,0.52,35.33660035537268,6994.0001809824935
440.0,0.53,35.67475734589251,5252.512409821499
440.0,0.54,36.00973894242082,3760.572796192054
440.0,0.55,36.34163295332621,2518.181553454918
440.0,0.56,36.67052321316499,1525.3389007337462
440.0,0.57,36.996489829986025,782.0450630845099
440.0,0.58,37.3196094131925,288.30027167039043
440.0,0.59,37.639955283796944,44.104763942575204
440.0,0.6,37.957597668704224,49.458783826935516
440.0,0.61,38.27260388048098,304.36258191696453
440.0,0.62,38.58503848391491,808.8164156731555
440.0,0.63,38.894963450531506,1562.8205496290593
440.0,0.64,39.20243830211545,2566.375255604275
440.0,0.65,39.50752024417827,3819.4808129246508
440.0,0.66,39.810264290219706,5322.1375086499365
440.0,0.67,40.11072337754743,7074.345637809211
440.0,0.68,40.40894847534537,9076.105503644343
440.0,0.69,40.70498868561572,11327.417417861787
440.0,0.7,40.998891337560465,13828.281700893218
440.0,0.71,41.290702075916286,16578.698682164868
440.0,0.72,41.58046494370962,19578.668700376562
440.0,0.73,41.86822245985673,22828.19210379029
440.0,0.74,42.15401569199592,26327.269250528963
440.0,0.75,42.43788432490509,30075.900508885672
440.0,0.76,42.71986672482737,34074.08625764385
440.0,0.77,43.0,38321.82688640887
440.0,0.78,43.27832005765689,42819.12279595131
440.0,0.79,43.554861657752674,47565.97439856276
440.0,0.8,43.829658463635795,52562.382118424044
440.0,0.81,44.10274308987988,57808.3463919872
440.0,0.82,44.374147147465656,63303.86766837076
440.0,0.83,44.64390128649065,69048.94640977014
440.0,0.84,44.912035236570034,75043.5830918822
440.0,0.85,45.17857784507936,81287.77820434602
440.0,0.86,45.443557113378375,87781.53225119974
440.0,0.87,45.70700023114478,94524.84575135428
440.0,0.88,45.96893360893699,101517.71923908486
440.0,0.89,46.22938290909629,108760.1532645407
440.0,0.9,46.488373075090834,116252.14839427389
440.0,0.91,46.74592835939637,123993.70521178855
440.0,0.92,47.00207235000181,131984.82431811024
440.0,0.93,47.25682799562188,140225.5063323776
440.0,0.94,47.51021762969286,148715.75189245623
440.0,0.95,47.76226299322265,157455.56165557678
440.0,0.96,48.01298525656109,166444.93629899644
440.0,0.97,48.26240504015252,175683.87652068766
440.0,0.98,48.51054243432789,185172.38304005278
440.0,0.99,48.75741701819031,194910.45659866667
440.0,1.0,49.00304787764431,204898.097961049
450.0,0.0,0.0,402016.64228481014
450.0,0.01,4.900304787764432,388200.4414706264
450.0,0.02,6.930077490618269,374625.83239152987
450.0,0.03,8.487576864981019,361292.8151033806
450.0,0.04,9.800609575528863,348201.3896634603
450.0,0.05,10.957414615908949,335351.5561305086
450.0,0.06,12.003246314140272,322743.3145647606
450.0,0.07,12.964987816843836,310376.6650279849
450.0,0.08,13.860154981236539,298251.6075835231
450.0,0.09,14.700914363293293,286368.1422963309
450.0,0.1,15.496124358363613,274726.26923301845
450.0,0.11,16.252472339396768,263325.988461895
450.0,0.12,16.975153729962038,252167.30005301101
450.0,0.13,17.66830017768634,241250.2040782053
450.0,0.14,18.335261606582495,230574.70061115018
450.0,0.15,18.978798834352112,220140.7897274003
450.0,0.16,19.601219151057727,209948.47150444143
450.0,0.17,20.204474237672684,199997.74602174148
450.0,0.18,20.79023247185481,190288.61336080258
450.0,0.19,21.359933362413685,180821.0736052147
450.0,0.2,21.914829231817897,171595.12684071096
450.0,0.21,22.456017618285017,162610.7731552245
450.0,0.22,22.984466804468497,153868.01263894694
450.0,0.23,23.501036175000905,145366.8453843885
450.0,0.24,24.006492628280544,137107.27148644027
450.0,0.25,24.501523938822157,129089.29104243768
450.0,0.26,24.986749735362988,121312.90415222645
450.0,0.27,25.46273059494306,113778.11091823004
450.0,0.28,25.929975633687672,106484.91144551955
450.0,0.29,26.38894888730173,99433.3058418852
450.0,0.3,26.840074709091443,92623.29421791017
450.0,0.31,27.283742364320137,86054.87668704698
450.0,0.32,27.720309962473078,79728.05336569571
450.0,0.33,28.150107840443013,73642.82437328463
450.0,0.34,28.57344148753451,67799.18983235363
450.0,0.35,28.990594085919405,62197.14986863978
450.0,0.36,29.401828726586587,56836.70461116572
450.0,0.37,29.80739035005445,51717.85419233072
450.0,0.38,30.207507452510978,46840.598748004566
450.0,0.39,30.602393591130962,42204.93841762421
450.0,0.4,30.992248716727225,37810.873344293606
450.0,0.41,31.377260357342664,33658.40367488646
450.0,0.42,31.75760467266784,29747.529560152245
450.0,0.43,32.13344739610802,26078.25115482565
450.0,0.44,32.504944678793535,22650.568617739274
450.0,0.45,32.87224384772684,19464.482111939986
450.0,0.46,33.23548408850701,16519.991804808884
450.0,0.47,33.59479706160449,13817.097868185165
450.0,0.48,33.950307459924076,11355.80047849378
450.0,0.49,34.30213351435102,9136.099816877362
450.0,0.5,34.650387453091355,7157.9960693322
450.0,0.51,34.995175919865545,5421.48942684868
450.0,0.52,35.33660035537268,3926.5800855562443
450.0,0.53,35.67475734589251,2673.268246873047
450.0,0.54,36.00973894242082,1661.5541176604693
450.0,0.55,36.34163295332621,891.4379103826822
450.0,0.56,36.67052321316499,362.9198432714399
450.0,0.57,36.996489829986025,76.00014049629617
450.0,0.58,37.3196094131925,30.679032340419525
450.0,0.59,37.639955283796944,226.9567553822742
450.0,0.6,37.957597668704224,664.8335526833014
450.0,0.61,38.27260388048098,1344.3096739818982
450.0,0.62,38.58503848391491,2265.385375893883
450.0,0.63,38.894963450531506,3428.060922119719
450.0,0.64,39.20243830211545,4832.336583658737
450.0,0.65,39.50752024417827,6478.212639030608
450.0,0.66,39.810264290219706,8365.68937450439
450.0,0.67,40.11072337754743,10494.767084335377
450.0,0.68,40.40894847534537,12865.446071010098
450.0,0.69,40.70498868561572,15477.72664549971
450.0,0.7,40.998891337560465,18331.609127522344
450.0,0.71,41.290702075916286,21427.09384581421
450.0,0.72,41.58046494370962,24764.18113841056
450.0,0.73,41.86822245985673,28342.87135293621
450.0,0.74,42.15401569199592,32163.164846906435
450.0,0.75,42.43788432490509,36225.06198803842
450.0,0.76,42.71986672482737,40528.56315457379
450.0,0.77,43.0,45073.66873561267
450.0,0.78,43.27832005765689,49860.379131459544
450.0,0.79,43.554861657752674,54888.69475398176
450.0,0.8,43.829658463635795,60158.61602698081
450.0,0.81,44.10274308987988,65670.14338657714
450.0,0.82,44.374147147465656,71423.27728160883
450.0,0.83,44.64390128649065,77418.01817404531
450.0,0.84,44.912035236570034,83654.36653941545
450.0,0.85,45.17857784507936,90132.32286725221
450.0,0.86,45.443557113378375,96851.8876615535
450.0,0.87,45.70700023114478,103813.06144125987
450.0,0.88,45.96893360893699,111015.84474075063
450.0,0.89,46.22938290909629,118460.23811035827
450.0,0.9,46.488373075090834,126146.24211690218
450.0,0.91,46.74592835939637,134073.85734424283
450.0,0.92,47.00207235000181,142243.0843938571
450.0,0.93,47.25682799562188,150653.9238854352
450.0,0.94,47.51021762969286,159306.37645750088
450.0,0.95,47.76226299322265,168200.44276805597
450.0,0.96,48.01298525656109,177336.1234952487
450.0,0.97,48.26240504015252,186713.41933806942
450.0,0.98,48.51054243432789,196332.3310170726
450.0,0.99,48.75741701819031,206192.85927512796
450.0,1.0,49.00304787764431,216295.00487820077
460.0,0.0,0.0,366063.67736430536
460.0,0.01,4.900304787764432,353090.22626404953
460.0,0.02,6.930077490618269,340350.846945423
460.0,0.03,8.487576864981019,327845.53946366196
460.0,0.04,9.800609575528863,315574.30387541873
460.0,0.05,10.957414615908949,303537.14023879764
460.0,0.06,12.003246314140272,291734.0486133928
460.0,0.07,12.964987816843836,280165.0290603258
460.0,0.08,13.860154981236539,268830.08164228604
460.0,0.09,14.700914363293293,257729.2064235704
460.0,0.1,15.496124358363613,246862.40347012543
460.0,0.11,16.252472339396768,236229.67284959028
460.0,0.12,16.975153729962038,225831.01463134037
460.0,0.13,17.66830017768634,215666.42888653328
460.0,0.14,18.335261606582495,205735.915688155
460.0,0.15,18.978798834352112,196039.47511106805
460.0,0.16,19.601219151057727,186577.10723206084
460.0,0.17,20.204474237672684,177348.81212989843
460.0,0.18,20.79023247185481,168354.58988537485
460.0,0.19,21.359933362413685,159594.44058136677
460.0,0.2,21.914829231817897,151068.36430288883
460.0,0.21,22.456017618285017,142776.3611371508
460.0,0.22,22.984466804468497,134718.4311736158
460.0,0.23,23.501036175000905,126894.57450406102
460.0,0.24,24.006492628280544,119304.79122263957
460.0,0.25,24.501523938822157,111949.08142594456
460.0,0.26,24.986749735362988,104827.4452130749
460.0,0.27,25.46273059494306,97939.88268570305
460.0,0.28,25.929975633687672,91286.39394814496
460.0,0.29,26.38894888730173,84866.97910743188
460.0,0.3,26.840074709091443,78681.63827338435
460.0,0.31,27.283742364320137,72730.37155868871
460.0,0.32,27.720309962473078,67013.17907897558
460.0,0.33,28.150107840443013,61530.06095290079
460.0,0.34,28.57344148753451,56281.01730222899
460.0,0.35,28.990594085919405,51266.04825191953
460.0,0.36,29.401828726586587,46485.15393021504
460.0,0.37,29.80739035005445,41938.33446873292
460.0,0.38,30.207507452510978,37625.5900025595
460.0,0.39,30.602393591130962,33546.92067034701
460.0,0.4,30.992248716727225,29702.32661441378
460.0,0.41,31.377260357342664,26091.807980847425
460.0,0.42,31.75760467266784,22715.36491961125
460.0,0.43,32.13344739610802,19572.997584654102
460.0,0.44,32.504944678793535,16664.706134023574
460.0,0.45,32.87224384772684,13990.490729982805
460.0,0.46,33.23548408850701,11550.351539131028
460.0,0.47,33.59479706160449,9344.28873252791
460.0,0.48,33.950307459924076,7372.302485821841
460.0,0.49,34.30213351435102,5634.392979382427
460.0,0.5,34.650387453091355,4130.560398437166
460.0,0.51,34.995175919865545,2860.8049332125283
460.0,0.52,35.33660035537268,1825.1267790796603
460.0,0.53,35.67475734589251,1023.5261367047957
460.0,0.54,36.00973894242082,456.0032122045756
460.0,0.55,36.34163295332621,122.55821730646417
460.0,0.56,36.67052321316499,23.191369514435173
460.0,0.57,36.996489829986025,157.9028922801304
460.0,0.58,37.3196094131925,526.6930151796948
460.0,0.59,37.639955283796944,1129.561974096471
460.0,0.6,37.957597668704224,1966.5100114098263
460.0,0.61,38.27260388048098,3037.5373761902715
460.0,0.62,38.58503848391491,4342.644324401185
460.0,0.63,38.894963450531506,5881.831119107321
460.0,0.64,39.20243830211545,7655.098030690389
460.0,0.65,39.50752024417827,9662.445337072
460.0,0.66,39.810264290219706,11903.873323944204
460.0,0.67,40.11072337754743,14379.382285007956
460.0,0.68,40.40894847534537,17088.972522219785
460.0,0.69,40.70498868561572,20032.64434604698
460.0,0.7,40.998891337560465,23210.398075731802
460.0,0.71,41.290702075916286,26622.234039564555
460.0,0.72,41.58046494370962,30268.15257516661
460.0,0.73,41.86822245985673,34148.15402978312
460.0,0.74,42.15401569199592,38262.23876058625
460.0,0.75,42.43788432490509,42610.40713498899
460.0,0.76,42.71986672482737,47192.65953097029
460.0,0.77,43.0,52008.9963374117
460.0,0.78,43.27832005765689,57059.417954446224
460.0,0.79,43.554861657752674,62343.92479381967
460.0,0.8,43.829658463635795,67862.5172792651
460.0,0.81,44.10274308987988,73615.19584689094
460.0,0.82,44.374147147465656,79601.96094558315
460.0,0.83,44.64390128649065,85822.81303742257
460.0,0.84,44.912035236570034,92277.75259811689
460.0,0.85,45.17857784507936,98966.78011744935
460.0,0.86,45.443557113378375,105889.89609974375
460.0,0.87,45.70700023114478,113047.10106434693
460.0,0.88,45.96893360893699,120438.39554612937
460.0,0.89,46.22938290909629,128063.78009600463
460.0,0.9,46.488373075090834,135923.25528146842
460.0,0.91,46.74592835939637,144016.82168715828
460.0,0.92,47.00207235000181,152344.47991543464
460.0,0.93,47.25682799562188,160906.2305869841
460.0,0.94,47.51021762969286,169702.074341446
460.0,0.95,47.76226299322265,178732.01183806357
460.0,0.96,48.01298525656109,187996.04375635987
460.0,0.97,48.26240504015252,197494.17079684063
460.0,0.98,48.51054243432789,207226.3936817247
460.0,0.99,48.75741701819031,217192.7131557031
460.0,1.0,49.00304787764431,227393.12998672863
470.0,0.0,0.0,333244.32790798985
470.0,0.01,4.900304787764432,321059.40392395935
470.0,0.02,6.930077490618269,309101.43317412393
470.0,0.03,8.487576864981019,297370.41571313184
470.0,0.04,9.800609575528863,285866.3515970422
470.0,0.05,10.957414615908949,274589.2408833617
470.0,0.06,12.003246314140272,263539.08363108203
470.0,0.07,12.964987816843836,252715.87990071793
470.0,0.08,13.860154981236539,242119.62975434668
470.0,0.09,14.700914363293293,231750.33325564905
470.0,0.1,15.496124358363613,221607.9904699509
470.0,0.11,16.252472339396768,211692.60146426596
470.0,0.12,16.975153729962038,202004.16630734003
470.0,0.13,17.66830017768634,192542.68506969674
470.0,0.14,18.335261606582495,183308.15782368384
470.0,0.15,18.978798834352112,174300.58464352158
470.0,0.16,19.601219151057727,165519.9656053519
470.0,0.17,20.204474237672684,156966.30078728954
470.0,0.18,20.79023247185481,148639.59026947437
470.0,0.19,21.359933362413685,140539.83413412506
470.0,0.2,21.914829231817897,132667.03246559485
470.0,0.21,22.456017618285017,125021.18535042851
470.0,0.22,22.984466804468497,117602.2928774209
470.0,0.23,23.501036175000905,110410.35513767778
470.0,0.24,24.006492628280544,103445.37222467789
470.0,0.25,24.501523938822157,96707.34423433714
470.0,0.26,24.986749735362988,90196.27126507458
470.0,0.27,25.46273059494306,83912.15341788046
470.0,0.28,25.929975633687672,77854.99079638631
470.0,0.29,26.38894888730173,72024.7835069369
470.0,0.3,26.840074709091443,66421.53165866472
470.0,0.31,27.283742364320137,61045.23536356648
470.0,0.32,27.720309962473078,55895.894736581984
470.0,0.33,28.150107840443013,50973.50989567543
470.0,0.34,28.57344148753451,46278.080961919106
470.0,0.35,28.990594085919405,41809.608059579834
470.0,0.36,29.401828726586587,37568.09131620777
470.0,0.37,29.80739035005445,33553.53086272828
470.0,0.38,30.207507452510978,29765.926833536436
470.0,0.39,30.602393591130962,26205.27936659451
470.0,0.4,30.992248716727225,22871.588603532524
470.0,0.41,31.377260357342664,19764.854689751875
470.0,0.42,31.75760467266784,16885.077774532285
470.0,0.43,32.13344739610802,14232.258011142116
470.0,0.44,32.504944678793535,11806.395556952117
470.0,0.45,32.87224384772684,9607.490573552797
470.0,0.46,33.23548408850701,7635.543226875553
470.0,0.47,33.59479706160449,5890.553687317661
470.0,0.48,33.950307459924076,4372.522129871198
470.0,0.49,34.30213351435102,3081.4487342562647
470.0,0.5,34.650387453091355,2017.333685058359
470.0,0.51,34.995175919865545,1180.1771718702673
470.0,0.52,35.33660035537268,569.9793894385551
470.0,0.53,35.67475734589251,186.74053781484753
470.0,0.54,36.00973894242082,30.4608225120532
470.0,0.55,36.34163295332621,101.14045466572853
470.0,0.56,36.67052321316499,398.7796512007662
470.0,0.57,36.996489829986025,923.3786350036023
470.0,0.58,37.3196094131925,1674.9376351001708
470.0,0.59,37.639955283796944,2653.4568868397537
470.0,0.6,37.957597668704224,3858.936632085031
470.0,0.61,38.27260388048098,5291.377119408509
470.0,0.62,38.58503848391491,6950.77860429558
470.0,0.63,38.894963450531506,8837.141349354468
470.0,0.64,39.20243830211545,10950.465624533315
470.0,0.65,39.50752024417827,13290.7517073447
470.0,0.66,39.810264290219706,15857.999883097835
470.0,0.67,40.11072337754743,18652.210445138775
470.0,0.68,40.40894847534537,21673.383695098943
470.0,0.69,40.70498868561572,24921.519943152216
470.0,0.7,40.998891337560465,28396.619508281194
470.0,0.71,41.290702075916286,32098.682718552405
470.0,0.72,41.58046494370962,36027.70991140152
470.0,0.73,41.86822245985673,40183.70143392853
470.0,0.74,42.15401569199592,44566.65764320337
470.0,0.75,42.43788432490509,49176.57890658236
470.0,0.76,42.71986672482737,54013.46560203611
470.0,0.77,43.0,59077.31811848903
470.0,0.78,43.27832005765689,64368.136856171215
470.0,0.79,43.554861657752674,69885.92222698298
470.0,0.8,43.829658463635795,75630.67465487268
470.0,0.81,44.10274308987988,81602.39457622834
470.0,0.82,44.374147147465656,87801.08244028356
470.0,0.83,44.64390128649065,94226.73870953865
470.0,0.84,44.912035236570034,100879.36386019691
470.0,0.85,45.17857784507936,107758.95838261743
470.0,0.86,45.443557113378375,114865.52278178484
470.0,0.87,45.70700023114478,122199.0575777964
470.0,0.88,45.96893360893699,129759.5633063677
470.0,0.89,46.22938290909629,137547.0405193574
470.0,0.9,46.488373075090834,145561.48978531186
470.0,0.91,46.74592835939637,153802.9116900307
470.0,0.92,47.00207235000181,162271.30683715403
470.0,0.93,47.25682799562188,170966.675848772
470.0,0.94,47.51021762969286,179889.01936605843
470.0,0.95,47.76226299322265,189038.33804992936
470.0,0.96,48.01298525656109,198414.63258172604
470.0,0.97,48.26240504015252,208017.90366392606
470.0,0.98,48.51054243432789,217848.1520208822
470.0,0.99,48.75741701819031,227905.37839959026
470.0,1.0,49.00304787764431,238189.58357048788
480.0,0.0,0.0,303269.9511732254
480.0,0.01,4.900304787764432,291823.5414309283
480.0,0.02,6.930077490618269,280597.3409787998
480.0,0.03,8.487576864981019,269591.3498709312
480.0,0.04,9.800609575528863,258805.56816282144
480.0,0.05,10.957414615908949,248239.9959114128
480.0,0.06,12.003246314140272,237894.63317512878
480.0,0.07,12.964987816843836,227769.48001391237
480.0,0.08,13.860154981236539,217864.53648926562
480.0,0.09,14.700914363293293,208179.80266429042
480.0,0.1,15.496124358363613,198715.27860373023
480.0,0.11,16.252472339396768,189470.96437401316
480.0,0.12,16.975153729962038,180446.86004329624
480.0,0.13,17.66830017768634,171642.96568151095
480.0,0.14,18.335261606582495,163059.2813604099
480.0,0.15,18.978798834352112,154695.80715361534
480.0,0.16,19.601219151057727,146552.54313666842
480.0,0.17,20.204474237672684,138629.48938708034
480.0,0.18,20.79023247185481,130926.645984385
480.0,0.19,21.359933362413685,123444.01301019274
480.0,0.2,21.914829231817897,116181.59054824615
480.0,0.21,22.456017618285017,109139.37868447747
480.0,0.22,22.984466804468497,102317.37750706702
480.0,0.23,23.501036175000905,95715.58710650449
480.0,0.24,24.006492628280544,89334.007575651
480.0,0.25,24.501523938822157,83172.63900980377
480.0,0.26,24.986749735362988,77231.48150676192
480.0,0.27,25.46273059494306,71510.53516689524
480.0,0.28,25.929975633687672,66009.80009321409
480.0,0.29,26.38894888730173,60729.27639144212
480.0,0.3,26.840074709091443,55668.96417009048
480.0,0.31,27.283742364320137,50828.86354053505
480.0,0.32,27.720309962473078,46208.97461709549
480.0,0.33,28.150107840443013,41809.297517116844
480.0,0.34,28.57344148753451,37629.8323610537
480.0,0.35,28.990594085919405,33670.57927255685
480.0,0.36,29.401828726586587,29931.53837856267
480.0,0.37,29.80739035005445,26412.709809385284
480.0,0.38,30.207507452510978,23114.093698811597
480.0,0.39,30.602393591130962,20035.690184199157
480.0,0.4,30.992248716727225,17177.49940657727
480.0,0.41,31.377260357342664,14539.521510751129
480.0,0.42,31.75760467266784,12121.756645409285
480.0,0.43,32.13344739610802,9924.20496323456
480.0,0.44,32.504944678793535,7946.866621018376
480.0,0.45,32.87224384772684,6189.741779778779
480.0,0.46,33.23548408850701,4652.830604882222
480.0,0.47,33.59479706160449,3336.133266169254
480.0,0.48,33.950307459924076,2239.649938084211
480.0,0.49,34.30213351435102,1363.3807998091734
480.0,0.5,34.650387453091355,707.3260354021659
480.0,0.51,34.995175919865545,271.4858339399197
480.0,0.52,35.33660035537268,55.86038966525412
480.0,0.53,35.67475734589251,60.4499021392975
480.0,0.54,36.00973894242082,285.25457639871263
480.0,0.55,36.34163295332621,730.2746231180998
480.0,0.56,36.67052321316499,1395.5102587777899
480.0,0.57,36.996489829986025,2280.9617058371864
480.0,0.58,37.3196094131925,3386.6291929139625
480.0,0.59,37.639955283796944,4712.512954969144
480.0,0.6,37.957597668704224,6258.613233498524
480.0,0.61,38.27260388048098,8024.9302767304725
480.0,0.62,38.58503848391491,10011.464339830485
480.0,0.63,38.894963450531506,12218.21568511267
480.0,0.64,39.20243830211545,14645.184582258453
480.0,0.65,39.50752024417827,17292.371308542803
480.0,0.66,39.810264290219706,20159.776149068246
480.0,0.67,40.11072337754743,23247.399397006895
480.0,0.68,40.40894847534537,26555.241353851026
480.0,0.69,40.70498868561572,30083.302329672173
480.0,0.7,40.998891337560465,33831.58264338962
480.0,0.71,41.290702075916286,37800.08262304787
480.0,0.72,41.58046494370962,41988.80260610429
480.0,0.73,41.86822245985673,46397.742939726755
480.0,0.74,42.15401569199592,51026.903981101976
480.0,0.75,42.43788432490509,55876.286097754724
480.0,0.76,42.71986672482737,60945.889667878604
480.0,0.77,43.0,66235.71508067874
480.0,0.78,43.27832005765689,71745.76273672673
480.0,0.79,43.554861657752674,77476.03304832871
480.0,0.8,43.829658463635795,83426.52643990674
480.0,0.81,44.10274308987988,89597.243348394
480.0,0.82,44.374147147465656,95988.18422364478
480.0,0.83,44.64390128649065,102599.34952885982
480.0,0.84,44.912035236570034,109430.73974102663
480.0,0.85,45.17857784507936,116482.3553513772
480.0,0.86,45.443557113378375,123754.1968658623
480.0,0.87,45.70700023114478,131246.26480564373
480.0,0.88,45.96893360893699,138958.5597076052
480.0,0.89,46.22938290909629,146891.08212488279
480.0,0.9,46.488373075090834,155043.83262741542
480.0,0.91,46.74592835939637,163416.81180251637
480.0,0.92,47.00207235000181,172010.02025546713
480.0,0.93,47.25682799562188,180823.45861013388
480.0,0.94,47.51021762969286,189857.12750960814
480.0,0.95,47.76226299322265,199111.02761687269
480.0,0.96,48.01298525656109,208585.15961549283
480.0,0.97,48.26240504015252,218279.52421033577
480.0,0.98,48.51054243432789,228194.12212831798
480.0,0.99,48.75741701819031,238328.95411918257
480.0,1.0,49.00304787764431,248684.02095630777
490.0,0.0,0.0,275881.2235707901
490.0,0.01,4.900304787764432,265127.1502695798
490.0,0.02,6.930077490618269,254586.89217201577
490.0,0.03,8.487576864981019,244260.449331661
490.0,0.04,9.800609575528863,234147.8218034823
490.0,0.05,10.957414615908949,224249.00964388752
490.0,0.06,12.003246314140272,214564.01291076245
490.0,0.07,12.964987816843836,205092.8316635097
490.0,0.08,13.860154981236539,195835.46596308847
490.0,0.09,14.700914363293293,186791.91587205496
490.0,0.1,15.496124358363613,177962.18145460458
490.0,0.11,16.252472339396768,169346.26277661519
490.0,0.12,16.975153729962038,160944.15990569102
490.0,0.13,17.66830017768634,152755.8729112089
490.0,0.14,18.335261606582495,144781.4018643648
490.0,0.15,18.978798834352112,137020.74683822243
490.0,0.16,19.601219151057727,129473.90790776274
490.0,0.17,20.204474237672684,122140.88514993538
490.0,0.18,20.79023247185481,115021.67864371114
490.0,0.19,21.359933362413685,108116.2884701363
490.0,0.2,21.914829231817897,101424.71471238836
490.0,0.21,22.456017618285017,94946.9574558336
490.0,0.22,22.984466804468497,88683.0167880862
490.0,0.23,23.501036175000905,82632.89279906903
490.0,0.24,24.006492628280544,76796.5855810766
490.0,0.25,24.501523938822157,71174.09522883945
490.0,0.26,24.986749735362988,65765.4218395908
490.0,0.27,25.46273059494306,60570.56551313501
490.0,0.28,25.929975633687672,55589.526351918255
490.0,0.29,26.38894888730173,50822.30446110115
490.0,0.3,26.840074709091443,46268.899948633676
490.0,0.31,27.283742364320137,41929.31292533254
490.0,0.32,27.720309962473078,37803.543504960544
490.0,0.33,28.150107840443013,33891.59180430874
490.0,0.34,28.57344148753451,30193.45794328088
490.0,0.35,28.990594085919405,26709.14204498054
490.0,0.36,29.401828726586587,23438.644235800963
490.0,0.37,29.80739035005445,20381.96464551766
490.0,0.38,30.207507452510978,17539.103407383926
490.0,0.39,30.602393591130962,14910.060658229298
490.0,0.4,30.992248716727225,12494.83653856112
490.0,0.41,31.377260357342664,10293.431192669326
490.0,0.42,31.75760467266784,8305.844768734465
490.0,0.43,32.13344739610802,6532.077418939256
490.0,0.44,32.504944678793535,4972.129299583589
490.0,0.45,32.87224384772684,3626.000571203253
490.0,0.46,33.23548408850701,2493.6913986924333
490.0,0.47,33.59479706160449,1575.2019514301826
490.0,0.48,33.950307459924076,870.5324034109184
490.0,0.49,34.30213351435102,379.68293337921074
490.0,0.5,34.650387453091355,102.65372496890026
490.0,0.51,34.995175919865545,39.44496684676307
490.0,0.52,35.33660035537268,190.05685286088723
490.0,0.53,35.67475734589251,554.48958219392
490.0,0.54,36.00973894242082,1132.7433595213613
490.0,0.55,36.34163295332621,1924.8183951751048
490.0,0.56,36.67052321316499,2930.7149053124144
490.0,0.57,36.996489829986025,4150.4331120905035
490.0,0.58,37.3196094131925,5583.973243847049
490.0,0.59,37.639955283796944,7231.335535286627
490.0,0.6,37.957597668704224,9092.520227673576
490.0,0.61,38.27260388048098,11167.527569031296
490.0,0.62,38.58503848391491,13456.357814348397
490.0,0.63,38.894963450531506,15959.011225791823
490.0,0.64,39.20243830211545,18675.48807292731
490.0,0.65,39.50752024417827,21605.788632947428
490.0,0.66,39.810264290219706,24749.913190907475
490.0,0.67,40.11072337754743,28107.86203996959
490.0,0.68,40.40894847534537,31679.63548165535
490.0,0.69,40.70498868561572,35465.23382610713
490.0,0.7,40.998891337560465,39464.65739235886
490.0,0.71,41.290702075916286,43677.90650861597
490.0,0.72,41.58046494370962,48104.98151254555
490.0,0.73,41.86822245985673,52745.88275157673
490.0,0.74,42.15401569199592,57600.610583211695
490.0,0.75,42.43788432490509,62669.16537534794
490.0,0.76,42.71986672482737,67951.5475066122
490.0,0.77,43.0,73447.75736670614
490.0,0.78,43.27832005765689,79157.79535676504
490.0,0.79,43.554861657752674,85081.66188972918
490.0,0.8,43.829658463635795,91219.35739072898
490.0,0.81,44.10274308987988,97570.88229748436
490.0,0.82,44.374147147465656,104136.23706071863
490.0,0.83,44.64390128649065,110915.42214458827
490.0,0.84,44.912035236570034,117908.43802712782
490.0,0.85,45.17857784507936,125115.28520071231
490.0,0.86,45.443557113378375,132535.9641725366
490.0,0.87,45.70700023114478,140170.47546511292
490.0,0.88,45.96893360893699,148018.81961678754
490.0,0.89,46.22938290909629,156080.9971822765
490.0,0.9,46.488373075090834,164357.00873322273
490.0,0.91,46.74592835939637,172846.85485877376
490.0,0.92,47.00207235000181,181550.5361661824
490.0,0.93,47.25682799562188,190468.05328143027
490.0,0.94,47.51021762969286,199599.40684987605
490.0,0.95,47.76226299322265,208944.59753692904
490.0,0.96,48.01298525656109,218503.62602874896
490.0,0.97,48.26240504015252,228276.49303297367
490.0,0.98,48.51054243432789,238263.19927947613
490.0,0.99,48.75741701819031,248463.745521151
490.0,1.0,49.00304787764431,258878.1325347334
500.0,0.0,0.0,250844.87330073395
500.0,0.01,4.900304787764432,240740.45599889665
500.0,0.02,6.930077490618269,230843.78681148254
500.0,0.03,8.487576864981019,221154.86579155043
500.0,0.04,9.800609575528863,211673.69299356095
500.0,0.05,10.957414615908949,202400.26847341328
500.0,0.06,12.003246314140272,193334.59228848288
500.0,0.07,12.964987816843836,184476.6644976599
500.0,0.08,13.860154981236539,175826.4851613892
500.0,0.09,14.700914363293293,167384.05434171093
500.0,0.1,15.496124358363613,159149.37210230308
500.0,0.11,16.252472339396768,151122.43850852424
500.0,0.12,16.975153729962038,143303.25362745853
500.0,0.13,17.66830017768634,135691.81752796116
500.0,0.14,18.335261606582495,128288.13028070559
500.0,0.15,18.978798834352112,121092.19195823232
500.0,0.16,19.601219151057727,114104.00263499832
500.0,0.17,20.204474237672684,107323.56238742884
500.0,0.18,20.79023247185481,100750.87129397006
500.0,0.19,21.359933362413685,94385.92943514357
500.0,0.2,21.914829231817897,88228.7368936024
500.0,0.21,22.456017618285017,82279.29375418874
500.0,0.22,22.984466804468497,76537.60010399333
500.0,0.23,23.501036175000905,71003.65603241663
500.0,0.24,24.006492628280544,65677.46163123181
500.0,0.25,24.501523938822157,60559.01699464964
500.0,0.26,24.986749735362988,55648.322219385285
500.0,0.27,25.46273059494306,50945.37740472726
500.0,0.28,25.929975633687672,46450.1826526082
500.0,0.29,26.38894888730173,42162.73806767808
500.0,0.3,26.840074709091443,38083.04375737934
500.0,0.31,27.283742364320137,34211.09983202466
500.0,0.32,27.720309962473078,30546.906404876863
500.0,0.33,28.150107840443013,27090.4635922313
500.0,0.34,28.57344148753451,23841.771513500888
500.0,0.35,28.990594085919405,20800.83029130366
500.0,0.36,29.401828726586587,17967.640051553055
500.0,0.37,29.80739035005445,15342.200923551163
500.0,0.38,30.207507452510978,12924.513040084632
500.0,0.39,30.602393591130962,10714.576537523777
500.0,0.4,30.992248716727225,8712.391555924753
500.0,0.41,31.377260357342664,6917.958239134906
500.0,0.42,31.75760467266784,5331.276734901509
500.0,0.43,32.13344739610802,3952.34719498398
500.0,0.44,32.504944678793535,2781.1697752695973
500.0,0.45,32.87224384772684,1817.744635892994
500.0,0.46,33.23548408850701,1062.0719413594531
500.0,0.47,33.59479706160449,514.1518606721904
500.0,0.48,33.950307459924076,173.98456746374592
500.0,0.49,34.30213351435102,41.57024013166421
500.0,0.5,34.650387453091355,116.909061978575
500.0,0.51,34.995175919865545,400.0012213568637
500.0,0.52,35.33660035537268,890.8469118180954
500.0,0.53,35.67475734589251,1589.4463322673582
500.0,0.54,36.00973894242082,2495.799687122717
500.0,0.55,36.34163295332621,3609.907186479963
500.0,0.56,36.67052321316499,4931.76904628284
500.0,0.57,36.996489829986025,6461.385488498973
500.0,0.58,37.3196094131925,8198.75674130177
500.0,0.59,37.639955283796944,10143.883039258288
500.0,0.6,37.957597668704224,12296.764623523652
500.0,0.61,38.27260388048098,14657.401742041953
500.0,0.62,38.58503848391491,17225.794649754036
500.0,0.63,38.894963450531506,20001.94360881245
500.0,0.64,39.20243830211545,22985.84888880366
500.0,0.65,39.50752024417827,26177.510766978085
500.0,0.66,39.810264290219706,29576.929528488003
500.0,0.67,40.11072337754743,33184.10546663379
500.0,0.68,40.40894847534537,36999.038883118636
500.0,0.69,40.70498868561572,41021.73008831241
500.0,0.7,40.998891337560465,45252.17940152477
500.0,0.71,41.290702075916286,49690.3871512876
500.0,0.72,41.58046494370962,54336.353675647966
500.0,0.73,41.86822245985673,59190.07932247123
500.0,0.74,42.15401569199592,64251.56444975506
500.0,0.75,42.43788432490509,69520.8094259548
500.0,0.76,42.71986672482737,74997.8146303205
500.0,0.77,43.0,80682.58045324628
500.0,0.78,43.27832005765689,86575.10729663225
500.0,0.79,43.554861657752674,92675.39557425986
500.0,0.8,43.829658463635795,98983.44571218097
500.0,0.81,44.10274308987988,105499.25814912119
500.0,0.82,44.374147147465656,112222.83333689818
500.0,0.83,44.64390128649065,119154.17174085598
500.0,0.84,44.912035236570034,126293.27384031459
500.0,0.85,45.17857784507936,133640.14012903746
500.0,0.86,45.443557113378375,141194.77111571605
500.0,0.87,45.70700023114478,148957.16732447295
500.0,0.88,45.96893360893699,156927.32929538394
500.0,0.89,46.22938290909629,165105.2575850206
500.0,0.9,46.488373075090834,173490.9527670128
500.0,0.91,46.74592835939637,182084.41543263383
500.0,0.92,47.00207235000181,190885.6461914079
500.0,0.93,47.25682799562188,199894.6456717411
500.0,0.94,47.51021762969286,209111.41452157704
500.0,0.95,47.76226299322265,218535.95340907926
500.0,0.96,48.01298525656109,228168.2630233389
500.0,0.97,48.26240504015252,238008.34407511182
500.0,0.98,48.51054243432789,248056.19729758514
500.0,0.99,48.75741701819031,258311.82344717337
500.0,1.0,49.00304787764431,268775.22330434795
510.0,0.0,0.0,227950.80799463618
510.0,0.01,4.900304787764432,218456.5589016944
510.0,0.02,6.930077490618269,209164.2967002061
510.0,0.03,8.487576864981019,200074.02144274776
510.0,0.04,9.800609575528863,191185.73318329646
510.0,0.05,10.957414615908949,182499.43197726618
510.0,0.06,12.003246314140272,174015.1178815458
510.0,0.07,12.964987816843836,165732.79095453778
510.0,0.08,13.860154981236539,157652.45125619817
510.0,0.09,14.700914363293293,149774.09884807735
510.0,0.1,15.496124358363613,142097.73379336268
510.0,0.11,16.252472339396768,134623.35615692168
510.0,0.12,16.975153729962038,127350.96600534674
510.0,0.13,17.66830017768634,120280.56340700107
510.0,0.14,18.335261606582495,113412.14843206618
510.0,0.15,18.978798834352112,106745.72115259049
510.0,0.16,19.601219151057727,100281.28164253931
510.0,0.17,20.204474237672684,94018.82997784666
510.0,0.18,20.79023247185481,87958.36623646825
510.0,0.19,21.359933362413685,82099.89049843614
510.0,0.2,21.914829231817897,76443.40284591506
510.0,0.21,22.456017618285017,70988.90336326035
510.0,0.22,22.984466804468497,65736.39213707767
510.0,0.23,23.501036175000905,60685.869256284364
510.0,0.24,24.006492628280544,55837.334812172914
510.0,0.25,24.501523938822157,51190.788898475956
510.0,0.26,24.986749735362988,46746.231611433606
510.0,0.27,25.46273059494306,42503.66304986255
510.0,0.28,25.929975633687672,38463.08331522738
510.0,0.29,26.38894888730173,34624.49251171404
510.0,0.3,26.840074709091443,30987.890746305493
510.0,0.31,27.283742364320137,27553.278128859805
510.0,0.32,27.720309962473078,24320.654772190537
510.0,0.33,28.150107840443013,21290.020792149586
510.0,0.34,28.57344148753451,18461.376307712726
510.0,0.35,28.990594085919405,15834.721441067632
510.0,0.36,29.401828726586587,13410.056317704773
510.0,0.37,29.80739035005445,11187.381066511101
510.0,0.38,30.207507452510978,9166.695819866658
510.0,0.39,30.602393591130962,7348.000713744237
510.0,0.4,30.992248716727225,5731.295887812204
510.0,0.41,31.377260357342664,4316.581485540535
510.0,0.42,31.75760467266784,3103.8576543102567
510.0,0.43,32.13344739610802,2093.1245455263784
510.0,0.44,32.504944678793535,1284.3823147344144
510.0,0.45,32.87224384772684,677.6311217406569
510.0,0.46,33.23548408850701,272.8711307363343
510.0,0.47,33.59479706160449,70.10251042577772
510.0,0.48,33.950307459924076,69.32543415874517
510.0,0.49,34.30213351435102,270.54008006706243
510.0,0.5,34.650387453091355,673.7466312057313
510.0,0.51,34.995175919865545,1278.9452756986607
510.0,0.52,35.33660035537268,2086.1362068892076
510.0,0.53,35.67475734589251,3095.319623495695
510.0,0.54,36.00973894242082,4306.4957297720675
510.0,0.55,36.34163295332621,5719.6647356739495
510.0,0.56,36.67052321316499,7334.826857030186
510.0,0.57,36.996489829986025,9151.982315720186
510.0,0.58,37.3196094131925,11171.131339857302
510.0,0.59,37.639955283796944,13392.274163978214
510.0,0.6,37.957597668704224,15815.41102923897
510.0,0.61,38.27260388048098,18440.542183617574
510.0,0.62,38.58503848391491,21267.667882123533
510.0,0.63,38.894963450531506,24296.78838701464
510.0,0.64,39.20243830211545,27527.903968021168
510.0,0.65,39.50752024417827,30961.014902577903
510.0,0.66,39.810264290219706,34596.12147606415
510.0,0.67,40.11072337754743,38433.22398205222
510.0,0.68,40.40894847534537,42472.32272256456
510.0,0.69,40.70498868561572,46713.41800833986
510.0,0.7,40.998891337560465,51156.51015910891
510.0,0.71,41.290702075916286,55801.599503879595
510.0,0.72,41.58046494370962,60648.68638123276
510.0,0.73,41.86822245985673,65697.77113962815
510.0,0.74,42.15401569199592,70948.8541377216
510.0,0.75,42.43788432490509,76401.93574469353
510.0,0.76,42.71986672482737,82057.01634058953
510.0,0.77,43.0,87914.09631667299
510.0,0.78,43.27832005765689,93973.1760757911
510.0,0.79,43.554861657752674,100234.25603275378
510.0,0.8,43.829658463635795,106697.33661472697
510.0,0.81,44.10274308987988,113362.41826164031
510.0,0.82,44.374147147465656,120229.50142660979
510.0,0.83,44.64390128649065,127298.58657637694
510.0,0.84,44.912035236570034,134569.67419176325
510.0,0.85,45.17857784507936,142042.76476814286
510.0,0.86,45.443557113378375,149717.85881593265
510.0,0.87,45.70700023114478,157594.9568611009
510.0,0.88,45.96893360893699,165674.0594456956
510.0,0.89,46.22938290909629,173955.16712839296
510.0,0.9,46.488373075090834,182438.280485067
510.0,0.91,46.74592835939637,191123.40010938118
510.0,0.92,47.00207235000181,200010.52661340323
510.0,0.93,47.25682799562188,209099.660628244
510.0,0.94,47.51021762969286,218390.8028047211
510.0,0.95,47.76226299322265,227883.9538140493
510.0,0.96,48.01298525656109,237579.11434855772
510.0,0.97,48.26240504015252,247476.2851224357
510.0,0.98,48.51054243432789,257575.4668725092
510.0,0.99,48.75741701819031,267876.66035904776
510.0,1.0,49.00304787764431,278379.866366604
520.0,0.0,0.0,207009.58613624919
520.0,0.01,4.900304787764432,198088.93492473703
520.0,0.02,6.930077490618269,189364.79570290216
520.0,0.03,8.487576864981019,180837.16852285832
520.0,0.04,9.800609575528863,172506.05343811875
520.0,0.05,10.957414615908949,164371.45050363283
520.0,0.06,12.003246314140272,156433.3597758243
520.0,0.07,12.964987816843836,148691.78131262958
520.0,0.08,13.860154981236539,141146.7151735385
520.0,0.09,14.700914363293293,133798.16141963503
520.0,0.1,15.496124358363613,126646.1201136399
520.0,0.11,16.252472339396768,119690.59131995407
520.0,0.12,16.975153729962038,112931.57510470376
520.0,0.13,17.66830017768634,106369.07153578651
520.0,0.14,18.335261606582495,100003.0806829187
520.0,0.15,18.978798834352112,93833.60261768459
520.0,0.16,19.601219151057727,87860.63741358646
520.0,0.17,20.204474237672684,82084.18514609658
520.0,0.18,20.79023247185481,76504.24589271063
520.0,0.19,21.359933362413685,71120.81973300238
520.0,0.2,21.914829231817897,65933.90674868044
520.0,0.21,22.456017618285017,60943.50702364649
520.0,0.22,22.984466804468497,56149.62064405514
520.0,0.23,23.501036175000905,51552.24769837583
520.0,0.24,24.006492628280544,47151.388277456426
520.0,0.25,24.501523938822157,42947.04247458865
520.0,0.26,24.986749735362988,38939.21038557577
520.0,0.27,25.46273059494306,35127.89210880208
520.0,0.28,25.929975633687672,31513.08774530459
520.0,0.29,26.38894888730173,28094.79739884693
520.0,0.3,26.840074709091443,24873.02117599541
520.0,0.31,27.283742364320137,21847.7591861976
520.0,0.32,27.720309962473078,19019.011541863147
520.0,0.33,28.150107840443013,16386.778358447176
520.0,0.34,28.57344148753451,13951.059754536274
520.0,0.35,28.990594085919405,11711.855851937162
520.0,0.36,29.401828726586587,9669.166775768039
520.0,0.37,29.80739035005445,7822.99265455297
520.0,0.38,30.207507452510978,6173.333620319064
520.0,0.39,30.602393591130962,4720.189808696798
520.0,0.4,30.992248716727225,3463.5613590235203
520.0,0.41,31.377260357342664,2403.4484144502258
520.0,0.42,31.75760467266784,1539.8511220517125
520.0,0.43,32.13344739610802,872.769632940319
520.0,0.44,32.504944678793535,402.2041023832537
520.0,0.45,32.87224384772684,128.15468992373508
520.0,0.46,33.23548408850701,50.621559506042765
520.0,0.47,33.59479706160449,169.60487960461364
520.0,0.48,33.950307459924076,485.10482335736145
520.0,0.49,34.30213351435102,997.1215687033377
520.0,0.5,34.650387453091355,1705.655298524904
520.0,0.51,34.995175919865545,2610.7062007946056
520.0,0.52,35.33660035537268,3712.2744687268705
520.0,0.53,35.67475734589251,5010.360300934758
520.0,0.54,36.00973894242082,6504.963901591923
520.0,0.55,36.34163295332621,8196.085480599979
520.0,0.56,36.67052321316499,10083.725253761486
520.0,0.57,36.996489829986025,12167.883442958735
520.0,0.58,37.3196094131925,14448.560276338698
520.0,0.59,37.639955283796944,16925.755988504
520.0,0.6,37.957597668704224,19599.470820710645
520.0,0.61,38.27260388048098,22469.705021072383
520.0,0.62,38.58503848391491,25536.458844772114
520.0,0.63,38.894963450531506,28799.732554280563
520.0,0.64,39.20243830211545,32259.526419582544
520.0,0.65,39.50752024417827,35915.84071841107
520.0,0.66,39.810264290219706,39768.675736489604
520.0,0.67,40.11072337754743,43818.03176778286
520.0,0.68,40.40894847534537,48063.909114756316
520.0,0.69,40.70498868561572,52506.30808864495
520.0,0.7,40.998891337560465,57145.229009731695
520.0,0.71,41.290702075916286,61980.67220763525
520.0,0.72,41.58046494370962,67012.6380216088
520.0,0.73,41.86822245985673,72241.12680084913
520.0,0.74,42.15401569199592,77666.13890481686
520.0,0.75,42.43788432490509,83287.6747035685
520.0,0.76,42.71986672482737,89105.73457810032
520.0,0.77,43.0,95120.31892070481
520.0,0.78,43.27832005765689,101331.42813534052
520.0,0.79,43.554861657752674,107739.06263801495
520.0,0.8,43.829658463635795,114343.22285718216
520.0,0.81,44.10274308987988,121143.90923415478
520.0,0.82,44.374147147465656,128141.1222235315
520.0,0.83,44.64390128649065,135334.86229364094
520.0,0.84,44.912035236570034,142725.12992700134
520.0,0.85,45.17857784507936,150311.92562079846
520.0,0.86,45.443557113378375,158095.24988738133
520.0,0.87,45.70700023114478,166075.1032547769
520.0,0.88,45.96893360893699,174251.48626722462
520.0,0.89,46.22938290909629,182624.39948573097
520.0,0.9,46.488373075090834,191193.8434886465
520.0,0.91,46.74592835939637,199959.8188722641
520.0,0.92,47.00207235000181,208922.32625144167
520.0,0.93,47.25682799562188,218081.3662602486
520.0,0.94,47.51021762969286,227436.93955263772
520.0,0.95,47.76226299322265,236989.0468031447
520.0,0.96,48.01298525656109,246737.6887076137
520.0,0.97,48.26240504015252,256682.8659839537
520.0,0.98,48.51054243432789,266824.5793729241
520.0,0.99,48.75741701819031,277162.8296389526
520.0,1.0,49.00304787764431,287697.6175709864
530.0,0.0,0.0,187850.18808780052
530.0,0.01,4.900304787764432,179469.23312591008
530.0,0.02,6.930077490618269,171279.58348316167
530.0,0.03,8.487576864981019,163281.23921122347
530.0,0.04,9.800609575528863,155474.20036316238
530.0,0.05,10.957414615908949,147858.46699348153
530.0,0.06,12.003246314140272,140434.03915815798
530.0,0.07,12.964987816843836,133200.9169146818
530.0,0.08,13.860154981236539,126159.10032209638
530.0,0.09,14.700914363293293,119308.58944103986
530.0,0.1,15.496124358363613,112649.38433378757
530.0,0.11,16.252472339396768,106181.4850642959
530.0,0.12,16.975153729962038,99904.89169824739
530.0,0.13,17.66830017768634,93819.60430309708
530.0,0.14,18.335261606582495,87925.62294812023
530.0,0.15,18.978798834352112,82222.94770446165
530.0,0.16,19.601219151057727,76711.57864518596
530.0,0.17,20.204474237672684,71391.51584533
530.0,0.18,20.79023247185481,66262.75938195622
530.0,0.19,21.359933362413685,61325.309334207945
530.0,0.2,21.914829231817897,56579.16578336635
530.0,0.21,22.456017618285017,52024.328812908825
530.0,0.22,22.984466804468497,47660.79850856936
530.0,0.23,23.501036175000905,43488.57495840065
530.0,0.24,24.006492628280544,39507.65825283811
530.0,0.25,24.501523938822157,35718.04848476567
530.0,0.26,24.986749735362988,32119.74574958382
530.0,0.27,25.46273059494306,28712.750145279493
530.0,0.28,25.929975633687672,25497.061772498222
530.0,0.29,26.38894888730173,22472.680734618436
530.0,0.3,26.840074709091443,19639.607137828018
530.0,0.31,27.283742364320137,16997.841091203347
530.0,0.32,27.720309962473078,14547.382706790608
530.0,0.33,28.150107840443013,12288.232099689785
530.0,0.34,28.57344148753451,10220.389388141104
530.0,0.35,28.990594085919405,8343.85469361435
530.0,0.36,29.401828726586587,6658.628140900808
530.0,0.37,29.80739035005445,5164.709858208247
530.0,0.38,30.207507452510978,3862.0999772587907
530.0,0.39,30.602393591130962,2750.798633389925
530.0,0.4,30.992248716727225,1830.8059656587186
530.0,0.41,31.377260357342664,1102.1221169493494
530.0,0.42,31.75760467266784,564.7472340840617
530.0,0.43,32.13344739610802,218.6814679377119
530.0,0.44,32.504944678793535,63.92497355597356
530.0,0.45,32.87224384772684,100.47791027737385
530.0,0.46,33.23548408850701,328.3404418592774
530.0,0.47,33.59479706160449,747.5127366079791
530.0,0.48,33.950307459924076,1357.994967513054
530.0,0.49,34.30213351435102,2159.7873123860727
530.0,0.5,34.650387453091355,3152.889954003931
530.0,0.51,34.995175919865545,4337.303080256866
530.0,0.52,35.33660035537268,5713.026884301406
530.0,0.53,35.67475734589251,7280.0615647184
530.0,0.54,36.00973894242082,9038.407325676311
530.0,0.55,36.34163295332621,10988.06437710001
530.0,0.56,36.67052321316499,13129.032934845201
530.0,0.57,36.996489829986025,15461.313220878776
530.0,0.58,37.3196094131925,17984.905463465326
530.0,0.59,37.639955283796944,20699.80989735985
530.0,0.6,37.957597668704224,23606.02676400717
530.0,0.61,38.27260388048098,26703.5563117482
530.0,0.62,38.58503848391491,29992.39879603321
530.0,0.63,38.894963450531506,33472.55447964256
530.0,0.64,39.20243830211545,37144.02363291505
530.0,0.65,39.50752024417827,41006.80653398418
530.0,0.66,39.810264290219706,45060.9034690228
530.0,0.67,40.11072337754743,49306.31473249623
530.0,0.68,40.40894847534537,53743.04062742432
530.0,0.69,40.70498868561572,58371.081465652846
530.0,0.7,40.998891337560465,63190.43756813465
530.0,0.71,41.290702075916286,68201.10926522044
530.0,0.72,41.58046494370962,73403.09689696044
530.0,0.73,41.86822245985673,78796.4008134167
530.0,0.74,42.15401569199592,84381.0213749867
530.0,0.75,42.43788432490509,90156.95895273871
530.0,0.76,42.71986672482737,96124.21392875946
530.0,0.77,43.0,102282.78669651438
530.0,0.78,43.27832005765689,108632.67766122123
530.0,0.79,43.554861657752674,115173.88724023743
530.0,0.8,43.829658463635795,121906.41586346184
530.0,0.81,44.10274308987988,128830.26397375151
530.0,0.82,44.374147147465656,135945.4320273538
530.0,0.83,44.64390128649065,143251.92049435526
530.0,0.84,44.912035236570034,150749.72985914684
530.0,0.85,45.17857784507936,158438.8606209071
530.0,0.86,45.443557113378375,166319.31329410372
530.0,0.87,45.70700023114478,174391.0884090144
530.0,0.88,45.96893360893699,182654.18651226748
530.0,0.89,46.22938290909629,191108.6081674037
530.0,0.9,46.488373075090834,199754.35395545958
530.0,0.91,46.74592835939637,208591.42447557356
530.0,0.92,47.00207235000181,217619.82034561614
530.0,0.93,47.25682799562188,226839.54220284437
530.0,0.94,47.51021762969286,236250.59070458263
530.0,0.95,47.76226299322265,245852.9665289304
530.0,0.96,48.01298525656109,255646.67037549795
530.0,0.97,48.26240504015252,265631.7029661718
530.0,0.98,48.51054243432789,275808.065045911
530.0,0.99,48.75741701819031,286175.7573835764
530.0,1.0,49.00304787764431,296734.7807727916
540.0,0.0,0.0,170318.04858195173
540.0,0.01,4.900304787764432,162445.33183290358
540.0,0.02,6.930077490618269,154758.9652092669
540.0,0.03,8.487576864981019,147258.94876227895
540.0,0.04,9.800609575528863,139945.28254457633
540.0,0.05,10.957414615908949,132817.9666102317
540.0,0.06,12.003246314140272,125877.00101479208
540.0,0.07,12.964987816843836,119122.38581531824
540.0,0.08,13.860154981236539,112554.12107042487
540.0,0.09,14.700914363293293,106172.20684032237
540.0,0.1,15.496124358363613,99976.6431868595
540.0,0.11,16.252472339396768,93967.43017356737
540.0,0.12,16.975153729962038,88144.56786570481
540.0,0.13,17.66830017768634,82508.05633030496
540.0,0.14,18.335261606582495,77057.8956362232
540.0,0.15,18.978798834352112,71794.08585418666
540.0,0.16,19.601219151057727,66716.62705684494
540.0,0.17,20.204474237672684,61825.519318822546
540.0,0.18,20.79023247185481,57120.762716772704
540.0,0.19,21.359933362413685,52602.357329433
540.0,0.2,21.914829231817897,48270.30323768239
540.0,0.21,22.456017618285017,44124.60052460028
540.0,0.22,22.984466804468497,40165.24927552688
540.0,0.23,23.501036175000905,36392.24957812594
540.0,0.24,24.006492628280544,32805.601522448946
540.0,0.25,24.501523938822157,29405.305201001447
540.0,0.26,24.986749735362988,26191.360708811426
540.0,0.27,25.46273059494306,23163.768143499656
540.0,0.28,25.929975633687672,20322.52760535226
540.0,0.29,26.38894888730173,17667.6391973955
540.0,0.3,26.840074709091443,15199.103025472838
540.0,0.31,27.283742364320137,12916.919198324433
540.0,0.32,27.720309962473078,10821.087827669058
540.0,0.33,28.150107840443013,8911.609028288556
540.0,0.34,28.57344148753451,7188.482918114982
540.0,0.35,28.990594085919405,5651.7096183203985
540.0,0.36,29.401828726586587,4301.289253409556
540.0,0.37,29.80739035005445,3137.2219513154796
540.0,0.38,30.207507452510978,2159.5078434980474
540.0,0.39,30.602393591130962,1368.1470650457336
540.0,0.4,30.992248716727225,763.1397547805649
540.0,0.41,31.377260357342664,344.4860553664491
540.0,0.42,31.75760467266784,112.18611342095497
540.0,0.43,32.13344739610802,66.24007963071831
540.0,0.44,32.504944678793535,206.6481088705429
540.0,0.45,32.87224384772684,533.4103603263804
540.0,0.46,33.23548408850701,1046.5269976223008
540.0,0.47,33.59479706160449,1745.9981889516034
540.0,0.48,33.950307459924076,2631.824107212244
540.0,0.49,34.30213351435102,3704.004930146671
540.0,0.5,34.650387453091355,4962.540840486319
540.0,0.51,34.995175919865545,6407.432026100859
540.0,0.52,35.33660035537268,8038.6786801524095
540.0,0.53,35.67475734589251,9856.281001254916
540.0,0.54,36.00973894242082,11860.239193638845
540.0,0.55,36.34163295332621,14050.5534673214
540.0,0.56,36.67052321316499,16427.224038282533
540.0,0.57,36.996489829986025,18990.251128646796
540.0,0.58,37.3196094131925,21739.63496687164
540.0,0.59,37.639955283796944,24675.375787941754
540.0,0.6,37.957597668704224,27797.473833570366
540.0,0.61,38.27260388048098,31105.92935240737
540.0,0.62,38.58503848391491,34600.74260025462
540.0,0.63,38.894963450531506,38281.913840288704
540.0,0.64,39.20243830211545,42149.44334329147
540.0,0.65,39.50752024417827,46203.331387888604
540.0,0.66,39.810264290219706,50443.578260796596
540.0,0.67,40.11072337754743,54870.18425707837
540.0,0.68,40.40894847534537,59483.14968040795
540.0,0.69,40.70498868561572,64282.47484334456
540.0,0.7,40.998891337560465,69268.16006761664
540.0,0.71,41.290702075916286,74440.20568441554
540.0,0.72,41.58046494370962,79798.61203470045
540.0,0.73,41.86822245985673,85343.37946951369
540.0,0.74,42.15401569199592,91074.50835030801
540.0,0.75,42.43788432490509,96991.99904928544
540.0,0.76,42.71986672482737,103095.85194974852
540.0,0.77,43.0,109386.06744646469
540.0,0.78,43.27832005765689,115862.64594604383
540.0,0.79,43.554861657752674,122525.58786733003
540.0,0.8,43.829658463635795,129374.89364180778
540.0,0.81,44.10274308987988,136410.5637140233
540.0,0.82,44.374147147465656,143632.59854202194
540.0,0.83,44.64390128649065,151040.99859780184
540.0,0.84,44.912035236570034,158635.76436778466
540.0,0.85,45.17857784507936,166416.89635330456
540.0,0.86,45.443557113378375,174384.39507111572
540.0,0.87,45.70700023114478,182538.2610539191
540.0,0.88,45.96893360893699,190878.49485090998
540.0,0.89,46.22938290909629,199405.09702834632
540.0,0.9,46.488373075090834,208118.06817013945
540.0,0.91,46.74592835939637,217017.40887846763
540.0,0.92,47.00207235000181,226103.11977441417
540.0,0.93,47.25682799562188,235375.2014986302
540.0,0.94,47.51021762969286,244833.65471202397
540.0,0.95,47.76226299322265,254478.48009647816
540.0,0.96,48.01298525656109,264309.67835559463
540.0,0.97,48.26240504015252,274327.25021547015
540.0,0.98,48.51054243432789,284531.1964255037
540.0,0.99,48.75741701819031,294921.51775923563
540.0,1.0,49.00304787764431,305498.21501522174
550.0,0.0,0.0,154280.02519567034
550.0,0.01,4.900304787764432,146886.10013357928
550.0,0.02,6.930077490618269,139673.80920693267
550.0,0.03,8.487576864981019,132643.15246654928
550.0,0.04,9.800609575528863,125794.1299646473
550.0,0.05,10.957414615908949,119126.74175488196
550.0,0.06,12.003246314140272,112640.98789238365
550.0,0.07,12.964987816843836,106336.86843379732
550.0,0.08,13.860154981236539,100214.38343732335
550.0,0.09,14.700914363293293,94273.53296275901
550.0,0.1,15.496124358363613,88514.31707154165
550.0,0.11,16.252472339396768,82936.73582679279
550.0,0.12,16.975153729962038,77540.78929336378
550.0,0.13,17.66830017768634,72326.47753788257
550.0,0.14,18.335261606582495,67293.80062880191
550.0,0.15,18.978798834352112,62442.75863644915
550.0,0.16,19.601219151057727,57773.35163307717
550.0,0.17,20.204474237672684,53285.57969291721
550.0,0.18,20.79023247185481,48979.44289223296
550.0,0.19,21.359933362413685,44854.94130937637
550.0,0.2,21.914829231817897,40912.07502484523
550.0,0.21,22.456017618285017,37150.84412134236
550.0,0.22,22.984466804468497,33571.24868383648
550.0,0.23,23.501036175000905,30173.288799625283
550.0,0.24,24.006492628280544,26956.96455839999
550.0,0.25,24.501523938822157,23922.276052312132
550.0,0.26,24.986749735362988,21069.223376042315
550.0,0.27,25.46273059494306,18397.80662687103
550.0,0.28,25.929975633687672,15908.025904751712
550.0,0.29,26.38894888730173,13599.881312385973
550.0,0.3,26.840074709091443,11473.3729553012
550.0,0.31,27.283742364320137,9528.50094193058
550.0,0.32,27.720309962473078,7765.2653836955615
550.0,0.33,28.150107840443013,6183.666395090925
550.0,0.34,28.57344148753451,4783.704093772466
550.0,0.35,28.990594085919405,3565.3786006475075
550.0,0.36,29.401828726586587,2528.6900399681726
550.0,0.37,29.80739035005445,1673.6385394276942
550.0,0.38,30.207507452510978,1000.2242302597181
550.0,0.39,30.602393591130962,508.44724734078136
550.0,0.4,30.992248716727225,198.30772929606007
550.0,0.41,31.377260357342664,69.80581860852496
550.0,0.42,31.75760467266784,122.94166173157812
550.0,0.43,32.13344739610802,357.71540920534176
550.0,0.44,32.504944678793535,774.1272157767102
550.0,0.45,32.87224384772684,1372.1772405232955
550.0,0.46,33.23548408850701,2151.865646981413
550.0,0.47,33.59479706160449,3113.192603278269
550.0,0.48,33.950307459924076,4256.158282268492
550.0,0.49,34.30213351435102,5580.762861675127
550.0,0.5,34.650387453091355,7087.00652423534
550.0,0.51,34.995175919865545,8774.88945785094
550.0,0.52,35.33660035537268,10644.411855743914
550.0,0.53,35.67475734589251,12695.573916617173
550.0,0.54,36.00973894242082,14928.3758448207
550.0,0.55,36.34163295332621,17342.817850523283
550.0,0.56,36.67052321316499,19938.90014989005
550.0,0.57,36.996489829986025,22716.622965266066
550.0,0.58,37.3196094131925,25675.98652536622
550.0,0.59,37.639955283796944,28816.99106547146
550.0,0.6,37.957597668704224,32139.636827631934
550.0,0.61,38.27260388048098,35643.92406087706
550.0,0.62,38.58503848391491,39329.853021432915
550.0,0.63,38.894963450531506,43197.42397294709
550.0,0.64,39.20243830211545,47246.63718672149
550.0,0.65,39.50752024417827,51477.49294195327
550.0,0.66,39.810264290219706,55889.99152598421
550.0,0.67,40.11072337754743,60484.13323455889
550.0,0.68,40.40894847534537,65259.91837209208
550.0,0.69,40.70498868561572,70217.34725194561
550.0,0.7,40.998891337560465,75356.42019671529
550.0,0.71,41.290702075916286,80677.1375385277
550.0,0.72,41.58046494370962,86179.49961934828
550.0,0.73,41.86822245985673,91863.50679130001
550.0,0.74,42.15401569199592,97729.15941699418
550.0,0.75,42.43788432490509,103776.45786987287
550.0,0.76,42.71986672482737,110005.40253456408
550.0,0.77,43.0,116415.99380725012
550.0,0.78,43.27832005765689,123008.23209604934
550.0,0.79,43.554861657752674,129782.11782141225
550.0,0.8,43.829658463635795,136737.65141653235
550.0,0.81,44.10274308987988,143874.8333277724
550.0,0.82,44.374147147465656,151193.66401510648
550.0,0.83,44.64390128649065,158694.1439525796
550.0,0.84,44.912035236570034,166376.2736287832
550.0,0.85,45.17857784507936,174240.05354735054
550.0,0.86,45.443557113378375,182285.48422746995
550.0,0.87,45.70700023114478,190512.56620441822
550.0,0.88,45.96893360893699,198921.30003011448
550.0,0.89,46.22938290909629,207511.68627369584
550.0,0.9,46.488373075090834,216283.7255221154
550.0,0.91,46.74592835939637,225237.41838076338
550.0,0.92,47.00207235000181,234372.7654741134
550.0,0.93,47.25682799562188,243689.76744639364
550.0,0.94,47.51021762969286,253188.4249622852
550.0,0.95,47.76226299322265,262868.7387076484
550.0,0.96,48.01298525656109,272730.7093902776
550.0,0.97,48.26240504015252,282774.3377406875
550.0,0.98,48.51054243432789,292999.62451293
550.0,0.99,48.75741701819031,303406.57048544625
550.0,1.0,49.00304787764431,313995.1764619517
560.0,0.0,0.0,139595.52321948152
560.0,0.01,4.900304787764432,132653.46611255896
560.0,0.02,6.930077490618269,125888.54531232239
560.0,0.03,8.487576864981019,119300.76086918468
560.0,0.04,9.800609575528863,112890.11283495935
560.0,0.05,10.957414615908949,106656.60126289778
560.0,0.06,12.003246314140272,100600.22620772784
560.0,0.07,12.964987816843836,94720.98772569356
560.0,0.08,13.860154981236539,89018.88587459589
560.0,0.09,14.700914363293293,83493.92071383464
560.0,0.1,15.496124358363613,78146.09230445174
560.0,0.11,16.252472339396768,72975.40070917572
560.0,0.12,16.975153729962038,67981.84599246741
560.0,0.13,17.66830017768634,63165.42822056714
560.0,0.14,18.335261606582495,58526.147461543114
560.0,0.15,18.978798834352112,54064.003785341505
560.0,0.16,19.601219151057727,49778.997263837664
560.0,0.17,20.204474237672684,45671.12797088931
560.0,0.18,20.79023247185481,41740.39598239086
560.0,0.19,21.359933362413685,37986.801376329626
560.0,0.2,21.914829231817897,34410.344232843694
560.0,0.21,22.456017618285017,31011.0246342815
560.0,0.22,22.984466804468497,27788.842665263142
560.0,0.23,23.501036175000905,24743.798412743672
560.0,0.24,24.006492628280544,21875.891966078252
560.0,0.25,24.501523938822157,19185.12341708924
560.0,0.26,24.986749735362988,16671.492860135448
560.0,0.27,25.46273059494306,14335.00039218343
560.0,0.28,25.929975633687672,12175.64611288099
560.0,0.29,26.38894888730173,10193.430124632956
560.0,0.3,26.840074709091443,8388.352532679302
560.0,0.31,27.283742364320137,6760.413445175715
560.0,0.32,27.720309962473078,5309.612973276643
560.0,0.33,28.150107840443013,4035.9512312209517
560.0,0.34,28.57344148753451,2939.4283364202893
560.0,0.35,28.990594085919405,2020.0444095501853
560.0,0.36,29.401828726586587,1277.7995746440624
560.0,0.37,29.80739035005445,712.6939591902395
560.0,0.38,30.207507452510978,324.7276942319776
560.0,0.39,30.602393591130962,113.90091447074772
560.0,0.4,30.992248716727225,80.2137583727977
560.0,0.41,31.377260357342664,223.6663682791364
560.0,0.42,31.75760467266784,544.2588905190784
560.0,0.43,32.13344739610802,1041.9914755274442
560.0,0.44,32.504944678793535,1716.8642779655781
560.0,0.45,32.87224384772684,2568.877456846306
560.0,0.46,33.23548408850701,3598.0311756629753
560.0,0.47,33.59479706160449,4804.325602522732
560.0,0.48,33.950307459924076,6187.7609102842
560.0,0.49,34.30213351435102,7748.33727669968
560.0,0.5,34.650387453091355,9486.054884562085
560.0,0.51,34.995175919865545,11400.913921856785
560.0,0.52,35.33660035537268,13492.914581918498
560.0,0.53,35.67475734589251,15762.057063593445
560.0,0.54,36.00973894242082,18208.341571406996
560.0,0.55,36.34163295332621,20831.768315736936
560.0,0.56,36.67052321316499,23632.337512992657
560.0,0.57,36.996489829986025,26610.04938580039
560.0,0.58,37.3196094131925,29764.904163194904
560.0,0.59,37.639955283796944,33096.90208081754
560.0,0.6,37.957597668704224,36606.04338112133
560.0,0.61,38.27260388048098,40292.32831358304
560.0,0.62,38.58503848391491,44155.75713492266
560.0,0.63,38.894963450531506,48196.33010933048
560.0,0.64,39.20243830211545,52414.04750870219
560.0,0.65,39.50752024417827,56808.909612882155
560.0,0.66,39.810264290219706,61380.916709915364
560.0,0.67,40.11072337754743,66130.06909630817
560.0,0.68,40.40894847534537,71056.36707729848
560.0,0.69,40.70498868561572,76159.81096713546
560.0,0.7,40.998891337560465,81440.40108936933
560.0,0.71,41.290702075916286,86898.13777715158
560.0,0.72,41.58046494370962,92533.02137354597
560.0,0.73,41.86822245985673,98345.05223185095
560.0,0.74,42.15401569199592,104334.2307159337
560.0,0.75,42.43788432490509,110500.55720057666
560.0,0.76,42.71986672482737,116844.0320718364
560.0,0.77,43.0,123364.65572741613
560.0,0.78,43.27832005765689,130062.4285770517
560.0,0.79,43.554861657752674,136937.35104291237
560.0,0.8,43.829658463635795,143989.4235600161
560.0,0.81,44.10274308987988,151218.64657666083
560.0,0.82,44.374147147465656,158625.0205548719
560.0,0.83,44.64390128649065,166208.54597086657
560.0,0.84,44.912035236570034,173969.2233155358
560.0,0.85,45.17857784507936,181907.05309494497
560.0,0.86,45.443557113378375,190022.03583085368
560.0,0.87,45.70700023114478,198314.1720612555
560.0,0.88,45.96893360893699,206783.46234093874
560.0,0.89,46.22938290909629,215429.9072420692
560.0,0.9,46.488373075090834,224253.50735479544
560.0,0.91,46.74592835939637,233254.26328787822
560.0,0.92,47.00207235000181,242432.1756693444
560.0,0.93,47.25682799562188,251787.24514716733
560.0,0.94,47.51021762969286,261319.4723899738
560.0,0.95,47.76226299322265,271028.85808777995
560.0,0.96,48.01298525656109,280915.40295275627
560.0,0.97,48.26240504015252,290979.1077200238
560.0,0.98,48.51054243432789,301219.9731484827
560.0,0.99,48.75741701819031,311638.00002167514
560.0,1.0,49.00304787764431,322233.18914868275
570.0,0.0,0.0,126156.93359713508
570.0,0.01,4.900304787764432,119641.46731803911
570.0,0.02,6.930077490618269,113298.84770555852
570.0,0.03,8.487576864981019,107129.07480971077
570.0,0.04,9.800609575528863,101132.14868191503
570.0,0.05,10.957414615908949,95308.06937502987
570.0,0.06,12.003246314140272,89656.83694339197
570.0,0.07,12.964987816843836,84178.45144285598
570.0,0.08,13.860154981236539,78872.91293083549
570.0,0.09,14.700914363293293,73740.22146634533
570.0,0.1,15.496124358363613,68780.37711004484
570.0,0.11,16.252472339396768,63993.37992428282
570.0,0.12,16.975153729962038,59379.22997314324
570.0,0.13,17.66830017768634,54937.92732249291
570.0,0.14,18.335261606582495,50669.47204003011
570.0,0.15,18.978798834352112,46573.864195334805
570.0,0.16,19.601219151057727,42651.10385992041
570.0,0.17,20.204474237672684,38901.19110728703
570.0,0.18,20.79023247185481,35324.12601297637
570.0,0.19,21.359933362413685,31919.908654628056
570.0,0.2,21.914829231817897,28688.53911203805
570.0,0.21,22.456017618285017,25630.017467218462
570.0,0.22,22.984466804468497,22744.343804459342
570.0,0.23,23.501036175000905,20031.51821039237
570.0,0.24,24.006492628280544,17491.54077405639
570.0,0.25,24.501523938822157,15124.411586964998
570.0,0.26,24.986749735362988,12930.130743176203
570.0,0.27,25.46273059494306,10908.698339364259
570.0,0.28,25.929975633687672,9060.114474893628
570.0,0.29,26.38894888730173,7384.379251895318
570.0,0.3,26.840074709091443,5881.492775345512
570.0,0.31,27.283742364320137,4551.455153146764
570.0,0.32,27.720309962473078,3394.2664962115928
570.0,0.33,28.150107840443013,2409.9269185487915
570.0,0.34,28.57344148753451,1598.4365373524156
570.0,0.35,28.990594085919405,959.7954730935948
570.0,0.36,29.401828726586587,494.00384961522843
570.0,0.37,29.80739035005445,201.06179422973088
570.0,0.38,30.207507452510978,80.96943781985183
570.0,0.39,30.602393591130962,133.72691494274136
570.0,0.4,30.992248716727225,359.33436393735866
570.0,0.41,31.377260357342664,757.7919270353268
570.0,0.42,31.75760467266784,1329.0997504753998
570.0,0.43,32.13344739610802,2073.257984621601
570.0,0.44,32.504944678793535,2990.266784085238
570.0,0.45,32.87224384772684,4080.1263078509037
570.0,0.46,33.23548408850701,5342.836719406583
570.0,0.47,33.59479706160449,6778.398186878065
570.0,0.48,33.950307459924076,8386.810883167816
570.0,0.49,34.30213351435102,10168.074986098365
570.0,0.5,34.650387453091355,12122.190678560573
570.0,0.51,34.995175919865545,14249.158148666771
570.0,0.52,35.33660035537268,16548.977589909064
570.0,0.53,35.67475734589251,19021.64920132295
570.0,0.54,36.00973894242082,21667.173187656488
570.0,0.55,36.34163295332621,24485.549759545134
570.0,0.56,36.67052321316499,27476.77913369261
570.0,0.57,36.996489829986025,30640.861533057843
570.0,0.58,37.3196094131925,33977.79718704851
570.0,0.59,37.639955283796944,37487.586331720944
570.0,0.6,37.957597668704224,41170.22920998716
570.0,0.61,38.27260388048098,45025.7260718291
570.0,0.62,38.58503848391491,49054.077174520105
570.0,0.63,38.894963450531506,53255.282782854374
570.0,0.64,39.20243830211545,57629.343169384316
570.0,0.65,39.50752024417827,62176.258614666345
570.0,0.66,39.810264290219706,66896.02940751532
570.0,0.67,40.11072337754743,71788.65584526805
570.0,0.68,40.40894847534537,76854.1382340562
570.0,0.69,40.70498868561572,82092.47688908892
570.0,0.7,40.998891337560465,87503.67213494584
570.0,0.71,41.290702075916286,93087.72430588023
570.0,0.72,41.58046494370962,98844.63374613348
570.0,0.73,41.86822245985673,104774.40081026107
570.0,0.74,42.15401569199592,110877.02586347026
570.0,0.75,42.43788432490509,117152.50928197024
570.0,0.76,42.71986672482737,123600.85145333517
570.0,0.77,43.0,130222.05277688087
570.0,0.78,43.27832005765689,137016.1136640551
570.0,0.79,43.554861657752674,143983.034538843
570.0,0.8,43.829658463635795,151122.81583818706
570.0,0.81,44.10274308987988,158435.45801242354
570.0,0.82,44.374147147465656,165920.96152573507
570.0,0.83,44.64390128649065,173579.32685662064
570.0,0.84,44.912035236570034,181410.55449838308
570.0,0.85,45.17857784507936,189414.644959636
570.0,0.86,45.443557113378375,197591.59876482966
570.0,0.87,45.70700023114478,205941.41645479752
570.0,0.88,45.96893360893699,214464.09858732388
570.0,0.89,46.22938290909629,223159.64573773366
570.0,0.9,46.488373075090834,232028.0584995058
570.0,0.91,46.74592835939637,241069.33748491004
570.0,0.92,47.00207235000181,250283.4833256697
570.0,0.93,47.25682799562188,259670.4966736504
570.0,0.94,47.51021762969286,269230.37820157653
570.0,0.95,47.76226299322265,278963.1286037767
570.0,0.96,48.01298525656109,288868.74859695876
570.0,0.97,48.26240504015252,298947.2389210168
570.0,0.98,48.51054243432789,309198.60033987067
570.0,0.99,48.75741701819031,319622.8336423406
570.0,1.0,49.00304787764431,330219.93964305695
580.0,0.0,0.0,113859.99383670845
580.0,0.01,4.900304787764432,107747.57606496399
580.0,0.02,6.930077490618269,101803.91109348177
580.0,0.03,8.487576864981019,96028.99897189265
580.0,0.04,9.800609575528863,90422.83975123083
580.0,0.05,10.957414615908949,84985.43348397156
580.0,0.06,12.003246314140272,79716.78022407027
580.0,0.07,12.964987816843836,74616.88002700241
580.0,0.08,13.860154981236539,69685.73294980486
580.0,0.09,14.700914363293293,64923.33905111829
580.0,0.1,15.496124358363613,60329.698391230806
580.0,0.11,16.252472339396768,55904.811032122954
580.0,0.12,16.975153729962038,51648.67703751405
580.0,0.13,17.66830017768634,47561.29647290973
580.0,0.14,18.335261606582495,43642.6694056511
580.0,0.15,18.978798834352112,39892.7959049652
580.0,0.16,19.601219151057727,36311.67604201709
580.0,0.17,20.204474237672684,32899.3098899634
580.0,0.18,20.79023247185481,29655.69752400751
580.0,0.19,21.359933362413685,26580.839021456428
580.0,0.2,21.914829231817897,23674.73446177936
580.0,0.21,22.456017618285017,20937.38392666804
580.0,0.22,22.984466804468497,18368.787500098864
580.0,0.23,23.501036175000905,15968.94526839701
580.0,0.24,24.006492628280544,13737.857320302466
580.0,0.25,24.501523938822157,11675.52374703798
580.0,0.26,24.986749735362988,9781.944642379307
580.0,0.27,25.46273059494306,8057.120102727429
580.0,0.28,25.929975633687672,6501.050227183128
580.0,0.29,26.38894888730173,5113.7351176238135
580.0,0.3,26.840074709091443,3895.174878782752
580.0,0.31,27.283742364320137,2845.369618330808
580.0,0.32,27.720309962473078,1964.31944696069
580.0,0.33,28.150107840443013,1252.0244784738913
580.0,0.34,28.57344148753451,708.4848298703372
580.0,0.35,28.990594085919405,333.70062144090133
580.0,0.36,29.401828726586587,127.67197686282785
580.0,0.37,29.80739035005445,90.39902329822984
580.0,0.38,30.207507452510978,221.88189149570292
580.0,0.39,30.602393591130962,522.1207158952168
580.0,0.4,30.992248716727225,991.1156347363769
580.0,0.41,31.377260357342664,1628.8667901701867
580.0,0.42,31.75760467266784,2435.374328374433
580.0,0.43,32.13344739610802,3410.638399672819
580.0,0.44,32.504944678793535,4554.659158657982
580.0,0.45,32.87224384772684,5867.436764318555
580.0,0.46,33.23548408850701,7348.971380170396
580.0,0.47,33.59479706160449,8999.26317439214
580.0,0.48,33.950307459924076,10818.312319965271
580.0,0.49,34.30213351435102,12806.11899481879
580.0,0.5,34.650387453091355,14962.68338197876
580.0,0.51,34.995175919865545,17288.005669722847
580.0,0.52,35.33660035537268,19782.08605174003
580.0,0.53,35.67475734589251,22444.924727295715
580.0,0.54,36.00973894242082,25276.521901402433
580.0,0.55,36.34163295332621,28276.87778499637
580.0,0.56,36.67052321316499,31445.99259511984
580.0,0.57,36.996489829986025,34783.86655511004
580.0,0.58,37.3196094131925,38290.49989479448
580.0,0.59,37.639955283796944,41965.89285069266
580.0,0.6,37.957597668704224,45810.04566622536
580.0,0.61,38.27260388048098,49822.95859193069
580.0,0.62,38.58503848391491,54004.63188568802
580.0,0.63,38.894963450531506,58355.06581294955
580.0,0.64,39.20243830211545,62874.26064698016
580.0,0.65,39.50752024417827,67562.2166691056
580.0,0.66,39.810264290219706,72418.93416896966
580.0,0.67,40.11072337754743,77444.41344480033
580.0,0.68,40.40894847534537,82638.65480368554
580.0,0.69,40.70498868561572,88001.65856185879
580.0,0.7,40.998891337560465,93533.42504499528
580.0,0.71,41.290702075916286,99233.95458851827
580.0,0.72,41.58046494370962,105103.24753791708
580.0,0.73,41.86822245985673,111141.3042490764
580.0,0.74,42.15401569199592,117348.12508861789
580.0,0.75,42.43788432490509,123723.71043425406
580.0,0.76,42.71986672482737,130268.06067515559
580.0,0.77,43.0,136981.176212332
580.0,0.78,43.27832005765689,143863.05745902663
580.0,0.79,43.554861657752674,150913.70484112645
580.0,0.8,43.829658463635795,158133.11879758726
580.0,0.81,44.10274308987988,165521.29978087486
580.0,0.82,44.374147147465656,173078.2482574231
580.0,0.83,44.64390128649065,180803.96470810947
580.0,0.84,44.912035236570034,188698.44962874858
580.0,0.85,45.17857784507936,196761.70353060492
580.0,0.86,45.443557113378375,204993.7269409253
580.0,0.87,45.70700023114478,213394.520403492
580.0,0.88,45.96893360893699,221964.0844791977
580.0,0.89,46.22938290909629,230702.41974664232
580.0,0.9,46.488373075090834,239609.52680275415
580.0,0.91,46.74592835939637,248685.40626343508
580.0,0.92,47.00207235000181,257930.05876423148
580.0,0.93,47.25682799562188,267343.4849610319
580.0,0.94,47.51021762969286,276925.6855307929
580.0,0.95,47.76226299322265,286676.6611722944
580.0,0.96,48.01298525656109,296596.4126069247
580.0,0.97,48.26240504015252,306684.9405794985
580.0,0.98,48.51054243432789,316942.24585910735
580.0,0.99,48.75741701819031,327368.32924000657
580.0,1.0,49.00304787764431,337963.1915425371
590.0,0.0,0.0,102609.96892234588
590.0,0.01,4.900304787764432,96878.65358473749
590.0,0.02,6.930077490618269,91312.18141583054
590.0,0.03,8.487576864981019,85910.55246487723
590.0,0.04,9.800609575528863,80673.76678253476
590.0,0.05,10.957414615908949,75601.82442090358
590.0,0.06,12.003246314140272,70694.72543356633
590.0,0.07,12.964987816843836,65952.46987562838
590.0,0.08,13.860154981236539,61375.05780375904
590.0,0.09,14.700914363293293,56962.48927623439
590.0,0.1,15.496124358363613,52714.764352981176
590.0,0.11,16.252472339396768,48631.883095622
590.0,0.12,16.975153729962038,44713.845567521894
590.0,0.13,17.66830017768634,40960.65183383627
590.0,0.14,18.335261606582495,37372.30196156029
590.0,0.15,18.978798834352112,33948.79601957968
590.0,0.16,19.601219151057727,30690.13407872303
590.0,0.17,20.204474237672684,27596.316211815843
590.0,0.18,20.79023247185481,24667.342493735985
590.0,0.19,21.359933362413685,21903.213001470896
590.0,0.2,21.914829231817897,19303.92781417658
590.0,0.21,22.456017618285017,16869.487013238366
590.0,0.22,22.984466804468497,14599.89068233339
590.0,0.23,23.501036175000905,12495.1389074952
590.0,0.24,24.006492628280544,10555.23177718018
590.0,0.25,24.501523938822157,8780.169382336046
590.0,0.26,24.986749735362988,7169.951816472515
590.0,0.27,25.46273059494306,5724.579175734079
590.0,0.28,25.929975633687672,4444.051558975089
590.0,0.29,26.38894888730173,3328.3690678371427
590.0,0.3,26.840074709091443,2377.5318068288975
590.0,0.31,27.283742364320137,1591.5398834084144
590.0,0.32,27.720309962473078,970.3934080680334
590.0,0.33,28.150107840443013,514.0924944219641
590.0,0.34,28.57344148753451,222.63725929662874
590.0,0.35,28.990594085919405,96.027822823879
590.0,0.36,29.401828726586587,134.26430853717682
590.0,0.37,29.80739035005445,337.34684347085164
590.0,0.38,30.207507452510978,705.2755582625341
590.0,0.39,30.602393591130962,1238.050587258885
590.0,0.4,30.992248716727225,1935.6720686247395
590.0,0.41,31.377260357342664,2798.1401444557773
590.0,0.42,31.75760467266784,3825.4549608948796
590.0,0.43,32.13344739610802,5017.616668252232
590.0,0.44,32.504944678793535,6374.625421129413
590.0,0.45,32.87224384772684,7896.481378547508
590.0,0.46,33.23548408850701,9583.184704079493
590.0,0.47,33.59479706160449,11434.73556598694
590.0,0.48,33.950307459924076,13451.134137361352
590.0,0.49,34.30213351435102,15632.38059627008
590.0,0.5,34.650387453091355,17978.47512590721
590.0,0.51,34.995175919865545,20489.41791474952
590.0,0.52,35.33660035537268,23165.209156717614
590.0,0.53,35.67475734589251,26005.84905134259
590.0,0.54,36.00973894242082,29011.3378039383
590.0,0.55,36.34163295332621,32181.675625779502
590.0,0.56,36.67052321316499,35516.862734286144
590.0,0.57,36.996489829986025,39016.8993532138
590.0,0.58,37.3196094131925,42681.78571285109
590.0,0.59,37.639955283796944,46511.52205022328
590.0,0.6,37.957597668704224,50506.10860930353
590.0,0.61,38.27260388048098,54665.54564123127
590.0,0.62,38.58503848391491,58989.833404538156
590.0,0.63,38.894963450531506,63478.97216538212
590.0,0.64,39.20243830211545,68132.96219778953
590.0,0.65,39.50752024417827,72951.80378390607
590.0,0.66,39.810264290219706,77935.49721425641
590.0,0.67,40.11072337754743,83084.04278801322
590.0,0.68,40.40894847534537,88397.4408132758
590.0,0.69,40.70498868561572,93875.69160735868
590.0,0.7,40.998891337560465,99518.79549709104
590.0,0.71,41.290702075916286,105326.7528191262
590.0,0.72,41.58046494370962,111299.56392026317
590.0,0.73,41.86822245985673,117437.22915777961
590.0,0.74,42.15401569199592,123739.74889977707
590.0,0.75,42.43788432490509,130207.12352553892
590.0,0.76,42.71986672482737,136839.35342590182
590.0,0.77,43.0,143636.43900364052
590.0,0.78,43.27832005765689,150598.38067386753
590.0,0.79,43.554861657752674,157725.1788644477
590.0,0.8,43.829658463635795,165016.8340164281
590.0,0.81,44.10274308987988,172473.34658448453
590.0,0.82,44.374147147465656,180094.71703738492
590.0,0.83,44.64390128649065,187880.94585847083
590.0,0.84,44.912035236570034,195832.03354615628
590.0,0.85,45.17857784507936,203947.98061444724
590.0,0.86,45.443557113378375,212228.78759348037
590.0,0.87,45.70700023114478,220674.45503008302
590.0,0.88,45.96893360893699,229284.983488355
590.0,0.89,46.22938290909629,238060.37355027354
590.0,0.9,46.488373075090834,247000.62581632135
590.0,0.91,46.74592835939637,256105.7409061409
590.0,0.92,47.00207235000181,265375.71945921314
590.0,0.93,47.25682799562188,274810.5621355648
590.0,0.94,47.51021762969286,284410.26961650356
590.0,0.95,47.76226299322265,294174.84260538267
590.0,0.96,48.01298525656109,304104.2818283972
590.0,0.97,48.26240504015252,314198.5880354122
590.0,0.98,48.51054243432789,324457.76200082566
590.0,0.99,48.75741701819031,334881.80452446616
590.0,1.0,49.00304787764431,345470.71643252793
600.0,0.0,0.0,92320.69493901481
600.0,0.01,4.900304787764432,86950.00610163323
600.0,0.02,6.930077490618269,81740.42430377536
600.0,0.03,8.487576864981019,76691.94959432143
600.0,0.04,9.800609575528863,71804.58202355873
600.0,0.05,10.957414615908949,67078.32164322013
600.0,0.06,12.003246314140272,62513.16850652321
600.0,0.07,12.964987816843836,58109.122668210905
600.0,0.08,13.860154981236539,53866.184184593105
600.0,0.09,14.700914363293293,49784.353113589685
600.0,0.1,15.496124358363613,45863.629514774584
600.0,0.11,16.252472339396768,42104.01344942138
600.0,0.12,16.975153729962038,38505.50498055007
600.0,0.13,17.66830017768634,35068.10417297532
600.0,0.14,18.335261606582495,31791.81109335616
600.0,0.15,18.978798834352112,28676.625810247104
600.0,0.16,19.601219151057727,25722.548394150803
600.0,0.17,20.204474237672684,22929.57891757239
600.0,0.18,20.79023247185481,20297.717455075326
600.0,0.19,21.359933362413685,17826.964083339
600.0,0.2,21.914829231817897,15517.318881218074
600.0,0.21,22.456017618285017,13368.781929803648
600.0,0.22,22.984466804468497,11381.353312486235
600.0,0.23,23.501036175000905,9555.033115020724
600.0,0.24,24.006492628280544,7889.821425593313
600.0,0.25,24.501523938822157,6385.71833489048
600.0,0.26,24.986749735362988,5042.723936170143
600.0,0.27,25.46273059494306,3860.8383253349684
600.0,0.28,25.929975633687672,2840.061601007985
600.0,0.29,26.38894888730173,1980.3938646105662
600.0,0.3,26.840074709091443,1281.8352204428036
600.0,0.31,27.283742364320137,744.385775766485
600.0,0.32,27.720309962473078,368.0456408906126
600.0,0.33,28.150107840443013,152.8149292596545
600.0,0.34,28.57344148753451,98.69375754459546
600.0,0.35,28.990594085919405,205.68224573687715
600.0,0.36,29.401828726586587,473.7805172453369
600.0,0.37,29.80739035005445,902.9886989962589
600.0,0.38,30.207507452510978,1493.3069215366236
600.0,0.39,30.602393591130962,2244.7353191407083
600.0,0.4,30.992248716727225,3157.2740299201173
600.0,0.41,31.377260357342664,4230.923195937385
600.0,0.42,31.75760467266784,5465.682963323311
600.0,0.43,32.13344739610802,6861.553482398076
600.0,0.44,32.504944678793535,8418.53490779639
600.0,0.45,32.87224384772684,10136.627398596695
600.0,0.46,33.23548408850701,12015.831118454716
600.0,0.47,33.59479706160449,14056.146235741366
600.0,0.48,33.950307459924076,16257.572923685304
600.0,0.49,34.30213351435102,18620.111360520186
600.0,0.5,34.650387453091355,21143.76172963692
600.0,0.51,34.995175919865545,23828.524219740968
600.0,0.52,35.33660035537268,26674.399025015067
600.0,0.53,35.67475734589251,29681.386345287356
600.0,0.54,36.00973894242082,32849.48638620527
600.0,0.55,36.34163295332621,36178.69935941539
600.0,0.56,36.67052321316499,39669.02548274945
600.0,0.57,36.996489829986025,43320.46498041663
600.0,0.58,37.3196094131925,47133.018083202856
600.0,0.59,37.639955283796944,51106.68502867638
600.0,0.6,37.957597668704224,55241.46606140118
600.0,0.61,38.27260388048098,59537.3614331574
600.0,0.62,38.58503848391491,63994.37140316963
600.0,0.63,38.894963450531506,68612.49623834333
600.0,0.64,39.20243830211545,73391.73621350946
600.0,0.65,39.50752024417827,78332.09161167781
600.0,0.66,39.810264290219706,83433.56272429958
600.0,0.67,40.11072337754743,88696.149851539
600.0,0.68,40.40894847534537,94119.85330255504
600.0,0.69,40.70498868561572,99704.67339579304
600.0,0.7,40.998891337560465,105450.6104592872
600.0,0.71,41.290702075916286,111357.66483097362
600.0,0.72,41.58046494370962,117425.83685901522
600.0,0.73,41.86822245985673,123655.12690213844
600.0,0.74,42.15401569199592,130045.53532998214
600.0,0.75,42.43788432490509,136597.0625234598
600.0,0.76,42.71986672482737,143309.7088751348
600.0,0.77,43.0,150183.47478961002
600.0,0.78,43.27832005765689,157218.36068393165
600.0,0.79,43.554861657752674,164414.3669880088
600.0,0.8,43.829658463635795,171771.49414504832
600.0,0.81,44.10274308987988,179289.74261200658
600.0,0.82,44.374147147465656,186969.11286005835
600.0,0.83,44.64390128649065,194809.60537508363
600.0,0.84,44.912035236570034,202811.2206581733
600.0,0.85,45.17857784507936,210973.95922615405
600.0,0.86,45.443557113378375,219297.8216121341
600.0,0.87,45.70700023114478,227782.80836607015
600.0,0.88,45.96893360893699,236428.92005535605
600.0,0.89,46.22938290909629,245236.15726543544
600.0,0.9,46.488373075090834,254204.520600438
600.0,0.91,46.74592835939637,263334.0106838413
600.0,0.92,47.00207235000181,272624.62815915927
600.0,0.93,47.25682799562188,282076.3736906575
600.0,0.94,47.51021762969286,291689.24796409835
600.0,0.95,47.76226299322265,301463.25168751617
600.0,0.96,48.01298525656109,311398.38559202314
600.0,0.97,48.26240504015252,321494.65043264907
600.0,0.98,48.51054243432789,331752.0469892153
600.0,0.99,48.75741701819031,342170.5760672453
600.0,1.0,49.00304787764431,352750.23849891155
