#Model of the surface of Bennu. File consists of vertices and facets. Facets are triangular and 
#connected by the right hand rule. The x, y, and z components of the vertices precede the 
#letter ‘v’ in the first part of the file. The number of each vertex is defined by the position
#of the vertex in the list defined by the letter ’v’, where the first line in this list is the first vertex.
#In the second half of the file, the three numbers following the letter ‘f’ are the vertex numbers 
#that make up each facet. 
#MAP_VER = 0.1.4 \ Product version number.
#MISSION = OSIRIS-REx \ Name of mission
#TARGET = 101955 BENNU \ Target object
#ORIGIN = OREXSPOC
#MPHASE = Preliminary Survey \ Mission phase.
#DATASRC = SPC \ Shape model data source, i.e. 'SPC' or 'OLA'
#DATASRCV = ALTWG-SPC-v20181227 \ Name and version of shape model
#SOFTWARE = SPC, ALT-pipeline \ Software used to create map data
#SOFT_VER = 3.1A34, 70573 \ Version of software used to create map data
#DATEPRD = 2018-12-27T13:40:21 \ Date this product was produced in UTC
#PRODNAME = g_12560mm_spc_obj_0000n00000_v014.fits \ Product filename
#DATASRCV = ALTWG-SPC-v20181227 \ Name and version of shape model
#CLON = 0.0 \ [deg] longitude at center of image
#CLAT = 0.0 \ [deg] latitude at center of image
#LLCLNG = -180.0 \ [deg]
#LLCLAT = -90.0 \ [deg]
#URCLNG = 180.0 \ [deg]
#URCLAT = 90.0 \ [deg]
#LRCLNG = 180.0 \ [deg]
#LRCLAT = -90.0 \ [deg]
#ULCLNG = -180.0 \ [deg]
#ULCLAT = 90.0 \ [deg]
#Number of Plates           = 12288
#Number of Vertices         = 6534
#Number of Edges            = 18432
#Euler Polyhedron Formula   = 390
#Surface Area               = 0.7790716911716560    km^2
#Plate Area Mean            = 6.340101653415185e-05 km^2
#Plate Area Min             = 3.561155894095061e-05 km^2
#Plate Area Standard Dev    = 9.840029757371664e-06 km^2
#Edge Length Mean           = 0.01255700368667460   km
#Edge Length Max            = 0.02012925462435350   km
#Edge Length Variance       = 4.847133338552600e-06 km^2
#Surface Closed?            = Yes
#Volume                     = 0.06174365313964190   km^3
#Centroid:
#  [0.001133822474698836, -3.329216151543202E-4, 7.687805898977679E-4] km
#Moment of Inertia Tensor Relative To Origin:
#  [0.0014193012510251583, 3.7181144003896082E-6, -3.084563798354846E-6]
#  [3.7181144003896082E-6, 0.0014657571060026986, 1.2076287649958075E-7]
#  [-3.084563798354846E-6, 1.2076287649958075E-7, 0.0016449476220233609]
#Moment of Inertia Tensor Relative To Centroid:
#  [0.0014192579156002386, 3.6948077760731794E-6, -3.030744281763217E-6]
#  [3.6948077760731794E-6, 0.0014656412392833494, 1.0495997896461243E-7]
#  [-3.030744281763217E-6, 1.0495997896461243E-7, 0.001644861403790836]
#Principal Axis 0
#  [0.013659639943776116, -3.903500646679778E-4, -0.999906626572418]
#Principal Axis 1
#  [-0.07923357013292238, -0.9968558375094698, -6.932440294105452E-4]
#Principal Axis 2
#  [0.9967624870552654, -0.07923564128673445, 0.013647620645456]
#Extent:
#  X: [-0.2761000096797943, 0.28240999579429626] km
#  Y: [-0.2614400088787079, 0.27101999521255493] km
#  Z: [-0.24466000497341156, 0.2546600103378296] km
#Warning: The polyhedron is closed, but the Euler polyhedron formula, V-E+F, 
#(see https://en.wikipedia.org/wiki/Euler_characteristic) 
#does not equal 2, as would be expected. This is usually caused by duplicate 
#vertices in the shape model. Please contact the creator of 
#the shape model to see if this can be corrected.
v  -0.1089299991726875   0.1588699966669083   0.1313599944114685
v  -0.1024200022220612   0.1612499952316284   0.1354800015687943
v  -0.0905900001525879   0.1642400026321411   0.1404699981212616
v  -0.0829999968409538   0.1651699990034103   0.1425399929285049
v  -0.0718899965286255   0.1683200001716614   0.1475600004196167
v  -0.0653799995779991   0.1706400066614151   0.1511799991130829
v  -0.0541599988937378   0.1730100065469742   0.1554699987173080
v  -0.0476300008594990   0.1732800006866455   0.1568399965763092
v  -0.0376700013875961   0.1733600050210953   0.1589200049638748
v  -0.0302300006151199   0.1736499965190888   0.1600300073623657
v  -0.0201799999922514   0.1725099980831146   0.1604000031948090
v  -0.0129300002008677   0.1707600057125092   0.1602299958467484
v  -0.0039300001226366   0.1684399992227554   0.1597899943590164
v   0.0032599999103695   0.1662199944257736   0.1589100062847138
v   0.0114799998700619   0.1636099964380264   0.1576199978590012
v   0.0197999998927116   0.1617899984121323   0.1574299931526184
v   0.0280499998480082   0.1593099981546402   0.1562000066041946
v   0.0361500009894371   0.1566099971532822   0.1551699936389923
v   0.0439600013196468   0.1542800068855286   0.1542800068855286
v   0.0521200001239777   0.1510699987411499   0.1527100056409836
v   0.0593799985945225   0.1490900069475174   0.1524499952793121
v   0.0687400028109551   0.1472900062799454   0.1521700024604797
v   0.0760700032114983   0.1452299952507019   0.1510899960994721
v   0.0848999992012978   0.1419599950313568   0.1494300067424774
v   0.0910099968314171   0.1394699960947037   0.1477600038051605
v   0.1006700024008751   0.1354099959135056   0.1462900042533875
v   0.1073200032114983   0.1327199935913086   0.1452499926090241
v   0.1171699985861778   0.1273699998855591   0.1422200053930283
v   0.1239600032567978   0.1242799982428551   0.1410800069570541
v   0.1354800015687943   0.1201800033450127   0.1397199928760529
v   0.1423400044441223   0.1169300004839897   0.1384299993515015
v   0.1540399938821793   0.1114000007510185   0.1343500018119812
v   0.1613299995660782   0.1082900017499924   0.1321099996566773
v  -0.1125700026750565   0.1516699939966202   0.1335099935531616
v  -0.1051300019025803   0.1528400033712387   0.1401699930429459
v  -0.0957700014114380   0.1551499962806702   0.1448599994182587
v  -0.0857499986886978   0.1562699973583221   0.1478800028562546
v  -0.0766599997878075   0.1583700031042099   0.1518999934196472
v  -0.0680200010538101   0.1612599939107895   0.1565500050783157
v  -0.0595600008964539   0.1639699935913086   0.1610199958086014
v  -0.0506500005722046   0.1647000014781952   0.1633999943733215
v  -0.0418500006198883   0.1648200005292893   0.1651300042867661
v  -0.0329999998211861   0.1651300042867661   0.1670199930667877
v  -0.0240599997341633   0.1642999947071075   0.1677699983119965
v  -0.0153599996119738   0.1628299951553345   0.1681099981069565
v  -0.0069400002248585   0.1606300026178360   0.1676400005817413
v   0.0011500000255182   0.1579799950122833   0.1664499938488007
v   0.0094900000840426   0.1556600034236908   0.1655700057744980
v   0.0180900003761053   0.1534000039100647   0.1647800058126450
v   0.0264999996870756   0.1507399976253510   0.1635099947452545
v   0.0348000004887581   0.1481399983167648   0.1623899936676025
v   0.0427599996328354   0.1451099961996079   0.1607500016689301
v   0.0509600006043911   0.1425600051879883   0.1598400026559830
v   0.0594400018453598   0.1406300067901611   0.1596799939870834
v   0.0674299970269203   0.1376300007104874   0.1577900052070618
v   0.0755399987101555   0.1349299997091293   0.1561799943447113
v   0.0834299996495247   0.1320299953222275   0.1546200066804886
v   0.0910099968314171   0.1284399926662445   0.1520899981260300
v   0.0994499996304512   0.1251900047063828   0.1506099998950958
v   0.1088000014424324   0.1229000017046928   0.1508699953556061
v   0.1177700012922287   0.1196099966764450   0.1494700014591217
v   0.1266199946403503   0.1157499998807907   0.1474599987268448
v   0.1357699930667877   0.1119699999690056   0.1456599980592728
v   0.1448699980974197   0.1077200025320053   0.1429899930953980
v   0.1534699946641922   0.1026199981570244   0.1388700008392334
v   0.1624000072479248   0.1002200022339821   0.1346199959516525
v  -0.1191700026392937   0.1410199999809265   0.1378100067377091
v  -0.1097600013017654   0.1437799930572510   0.1433800011873245
v  -0.1006100028753281   0.1460600048303604   0.1492999941110611
v  -0.0917199999094009   0.1485899984836578   0.1537200063467026
v  -0.0827400013804436   0.1499900072813034   0.1580799967050552
v  -0.0730199962854385   0.1521899998188019   0.1616699993610382
v  -0.0638799965381622   0.1544699966907501   0.1658599972724915
v  -0.0551399998366833   0.1556400060653687   0.1688899993896484
v  -0.0461600013077259   0.1564600020647049   0.1715999990701675
v  -0.0371199995279312   0.1570200026035309   0.1741299927234650
v  -0.0277600008994341   0.1564300060272217   0.1752600073814392
v  -0.0187599994242191   0.1546999961137772   0.1756000071763992
v  -0.0098999999463558   0.1526399999856949   0.1755200028419495
v  -0.0011899999808520   0.1503099948167801   0.1746799945831299
v   0.0075599998235703   0.1481699943542481   0.1740400046110153
v   0.0164500009268522   0.1454000025987625   0.1727299988269806
v   0.0253299996256828   0.1425800025463104   0.1713600009679794
v   0.0336799994111061   0.1396899968385696   0.1697800010442734
v   0.0419799983501434   0.1366200000047684   0.1680500060319901
v   0.0505100004374981   0.1340100020170212   0.1669999957084656
v   0.0588300004601479   0.1308400034904480   0.1655299961566925
v   0.0670000016689301   0.1279599964618683   0.1634099930524826
v   0.0754899978637695   0.1253000050783157   0.1619600057601929
v   0.0835300013422966   0.1220199987292290   0.1600099951028824
v   0.0910200029611588   0.1181600019335747   0.1575700044631958
v   0.1005199998617172   0.1156300008296967   0.1565800011157990
v   0.1103700026869774   0.1136099994182587   0.1570699959993362
v   0.1197900027036667   0.1110699996352196   0.1562100052833557
v   0.1290100067853928   0.1071199998259544   0.1539400070905685
v   0.1377699971199036   0.1029099971055985   0.1506599932909012
v   0.1465100049972534   0.0982099995017052   0.1473100036382675
v   0.1553100049495697   0.0930999964475632   0.1427900046110153
v   0.1642300039529800   0.0874800011515617   0.1386000066995621
v  -0.1224000006914139   0.1347700059413910   0.1399700045585632
v  -0.1146000027656555   0.1356900036334992   0.1467999964952469
v  -0.1061099991202354   0.1388899981975555   0.1530700027942658
v  -0.0975999981164932   0.1416500061750412   0.1589799970388413
v  -0.0879599973559380   0.1429799944162369   0.1631799936294556
v  -0.0782300010323525   0.1440600007772446   0.1670500040054321
v  -0.0687299966812134   0.1453099995851517   0.1706600040197372
v  -0.0597099997103214   0.1467200070619583   0.1745100021362305
v  -0.0508200004696846   0.1483500003814697   0.1786500066518784
v  -0.0412900000810623   0.1487800031900406   0.1812600046396256
v  -0.0315699987113476   0.1480800062417984   0.1826400011777878
v  -0.0220699999481440   0.1466899961233139   0.1832599937915802
v  -0.0126599995419383   0.1450300067663193   0.1835500001907349
v  -0.0032200000714511   0.1431699991226196   0.1835300028324127
v   0.0060299998149276   0.1406099945306778   0.1824499964714050
v   0.0149699999019504   0.1374599933624268   0.1808000057935715
v   0.0236000008881092   0.1340299993753433   0.1786299943923950
v   0.0323100015521050   0.1309500038623810   0.1766999959945679
v   0.0408600009977818   0.1276800036430359   0.1745900064706802
v   0.0494799986481667   0.1247100010514259   0.1728899925947189
v   0.0582400001585484   0.1219699978828430   0.1714800000190735
v   0.0668200030922890   0.1189000010490418   0.1695999950170517
v   0.0753000006079674   0.1156700029969215   0.1676300019025803
v   0.0837600007653236   0.1125599965453148   0.1657499969005585
v   0.0923300012946129   0.1093000024557114   0.1637199968099594
v   0.1018999963998795   0.1069499999284744   0.1631900072097778
v   0.1118199974298477   0.1047900021076202   0.1628600060939789
v   0.1217800006270409   0.1022199988365173   0.1620099991559982
v   0.1314100027084351   0.0988499969244003   0.1598100066184998
v   0.1395100057125092   0.0939899981021881   0.1552599966526032
v   0.1473599970340729   0.0887800008058548   0.1501899957656860
v   0.1563799977302551   0.0837500020861626   0.1458999961614609
v   0.1655099987983704   0.0809699967503548   0.1413100063800812
v  -0.1275800019502640   0.1245699971914291   0.1433400064706802
v  -0.1197300031781197   0.1281699985265732   0.1503500044345856
v  -0.1110500022768974   0.1310800015926361   0.1569499969482422
v  -0.1024300009012222   0.1336500048637390   0.1629700064659119
v  -0.0936399996280670   0.1360500007867813   0.1690399944782257
v  -0.0840800032019615   0.1375800073146820   0.1738300025463104
v  -0.0738599970936775   0.1373099982738495   0.1767099946737289
v  -0.0643400028347969   0.1380899995565414   0.1802700012922287
v  -0.0551300011575222   0.1392199993133545   0.1845400035381317
v  -0.0454600006341934   0.1400599926710129   0.1877399981021881
v  -0.0352099984884262   0.1393900066614151   0.1895599961280823
v  -0.0254599992185831   0.1385300010442734   0.1908300071954727
v  -0.0154499998316169   0.1375499963760376   0.1918700039386749
v  -0.0057100001722574   0.1350100040435791   0.1913399994373322
v   0.0041999998502433   0.1323699951171875   0.1905300021171570
v   0.0136299999430776   0.1295000016689301   0.1889799982309341
v   0.0218700002878904   0.1253399997949600   0.1856099963188171
v   0.0308699999004602   0.1220699995756149   0.1835100054740906
v   0.0400599986314774   0.1191599965095520   0.1816100031137466
v   0.0488599985837936   0.1160800009965897   0.1796800047159195
v   0.0578700006008148   0.1134999990463257   0.1781000047922134
v   0.0667100027203560   0.1098999977111816   0.1757300049066544
v   0.0753400027751923   0.1064800024032593   0.1734299957752228
v   0.0841799974441528   0.1035099998116493   0.1718000024557114
v   0.0932400003075600   0.1005799993872643   0.1702399998903275
v   0.1030699983239174   0.0981300026178360   0.1691499948501587
v   0.1132400035858154   0.0957399979233742   0.1683800071477890
v   0.1232800036668778   0.0934299975633621   0.1676499992609024
v   0.1332799941301346   0.0898300036787987   0.1646600067615509
v   0.1408900022506714   0.0846299976110458   0.1589300036430359
v   0.1478600054979324   0.0796800032258034   0.1532299965620041
v   0.1569399982690811   0.0742200016975403   0.1481799930334091
v   0.1672800034284592   0.0699800029397011   0.1451199948787689
v  -0.1309400051832199   0.1185100004076958   0.1451900005340576
v  -0.1238000020384789   0.1198299974203110   0.1529700011014938
v  -0.1149199977517128   0.1221700012683868   0.1593600064516068
v  -0.1064800024032593   0.1249499991536140   0.1661099940538406
v  -0.0988100022077560   0.1282500028610230   0.1737799942493439
v  -0.0898699983954430   0.1305799931287766   0.1800300031900406
v  -0.0794499963521957   0.1307500004768372   0.1836500018835068
v  -0.0691300034523010   0.1301199942827225   0.1864500045776367
v  -0.0594400018453598   0.1307100057601929   0.1901900023221970
v  -0.0495200008153915   0.1311199963092804   0.1937800049781799
v  -0.0393900014460087   0.1312399953603745   0.1969099938869476
v  -0.0290500000119209   0.1302700042724609   0.1984499990940094
v  -0.0187100004404783   0.1289300024509430   0.1993899941444397
v  -0.0085800001397729   0.1262899935245514   0.1986699998378754
v   0.0014600000577047   0.1236499994993210   0.1977999955415726
v   0.0114399995654821   0.1209900006651878   0.1965799927711487
v   0.0206799991428852   0.1173999980092049   0.1938699930906296
v   0.0298100002110004   0.1136799976229668   0.1911700069904327
v   0.0391700007021427   0.1105000004172325   0.1889999955892563
v   0.0486800000071526   0.1078199967741966   0.1873199939727783
v   0.0579899996519089   0.1048500016331673   0.1852999925613403
v   0.0669400021433830   0.1013699993491173   0.1826400011777878
v   0.0759000033140183   0.0979999974370003   0.1801799982786179
v   0.0846399962902069   0.0944000035524368   0.1777099967002869
v   0.0938000008463860   0.0912000015377998   0.1755899935960770
v   0.1039400026202202   0.0888900011777878   0.1743000000715256
v   0.1145799979567528   0.0870999991893768   0.1736699938774109
v   0.1247999966144562   0.0842199996113777   0.1722500026226044
v   0.1338099986314774   0.0798600018024445   0.1683100014925003
v   0.1416999995708466   0.0750000029802322   0.1626300066709518
v   0.1497800052165985   0.0699800029397011   0.1570699959993362
v   0.1590200066566467   0.0653100013732910   0.1523900032043457
v   0.1688899993896484   0.0631399974226952   0.1480399966239929
v  -0.1357100009918213   0.1086599975824356   0.1478199958801270
v  -0.1270200014114380   0.1111299991607666   0.1545699983835220
v  -0.1187499985098839   0.1136600002646446   0.1616699993610382
v  -0.1106100007891655   0.1163600012660027   0.1689999997615814
v  -0.1024300009012222   0.1192200034856796   0.1768700033426285
v  -0.0939700007438660   0.1212600022554398   0.1835599988698959
v  -0.0839499980211258   0.1219599992036820   0.1890400052070618
v  -0.0739400014281273   0.1223900020122528   0.1928000003099442
v  -0.0642800033092499   0.1230000033974648   0.1968100070953369
v  -0.0538699999451637   0.1229799985885620   0.2007399946451187
v  -0.0433899983763695   0.1225199997425079   0.2039600014686585
v  -0.0327100008726120   0.1219099983572960   0.2062100023031235
v  -0.0220400001853704   0.1200599968433380   0.2065300047397614
v  -0.0114799998700619   0.1177299991250038   0.2064100056886673
v  -0.0010000000474975   0.1153099983930588   0.2059199959039688
v   0.0093999998643994   0.1123000010848045   0.2042900025844574
v   0.0192000009119511   0.1088500022888184   0.2016299962997437
v   0.0287999995052815   0.1051699966192246   0.1989800035953522
v   0.0384199991822243   0.1018299981951714   0.1963600069284439
v   0.0479299984872341   0.0986000001430512   0.1938900053501129
v   0.0577999986708164   0.0959199965000153   0.1918600052595139
v   0.0676399990916252   0.0933199971914291   0.1903399974107742
v   0.0769499987363815   0.0900100022554398   0.1877699941396713
v   0.0857900008559227   0.0861200019717217   0.1846199929714203
v   0.0943899974226952   0.0827500000596046   0.1822900027036667
v   0.1048099994659424   0.0799800008535385   0.1797900050878525
v   0.1161200031638145   0.0782399997115135   0.1788000017404556
v   0.1258600056171417   0.0748400017619133   0.1764799952507019
v   0.1342599987983704   0.0704199969768524   0.1720300018787384
v   0.1430300027132034   0.0656000003218651   0.1665399968624115
v   0.1521199941635132   0.0607599988579750   0.1622200012207031
v   0.1616699993610382   0.0570099987089634   0.1576000005006790
v   0.1715999990701675   0.0525499992072582   0.1528500020503998
v  -0.1386500000953674   0.1025400012731552   0.1492300033569336
v  -0.1308899968862534   0.1031399965286255   0.1567000001668930
v  -0.1225799992680550   0.1053799986839294   0.1640200018882752
v  -0.1147200018167496   0.1077700033783913   0.1719200015068054
v  -0.1063700020313263   0.1099399998784065   0.1794099956750870
v  -0.0970700010657311   0.1111399978399277   0.1857600063085556
v  -0.0876300036907196   0.1122099980711937   0.1917500048875809
v  -0.0784899964928627   0.1138399988412857   0.1982399970293045
v  -0.0684600025415421   0.1147200018167496   0.2034700065851212
v  -0.0579200014472008   0.1143999993801117   0.2076700031757355
v  -0.0471299998462200   0.1136500015854836   0.2107100039720535
v  -0.0363599993288517   0.1128399968147278   0.2133100032806397
v  -0.0254699997603893   0.1109199970960617   0.2138800024986267
v  -0.0144600002095103   0.1087699979543686   0.2139499932527542
v  -0.0033899999689311   0.1065500006079674   0.2138299942016602
v   0.0071899998001754   0.1032999977469444   0.2120400071144104
v   0.0173499993979931   0.0996899977326393   0.2093899995088577
v   0.0276500005275011   0.0965399965643883   0.2070499956607819
v   0.0377699993550777   0.0934199988842011   0.2043599933385849
v   0.0477299988269806   0.0901800021529198   0.2017399966716766
v   0.0576700009405613   0.0870700031518936   0.1991800069808960
v   0.0676599964499474   0.0839900001883507   0.1968200057744980
v   0.0776999965310097   0.0812600031495094   0.1946399956941605
v   0.0873000025749207   0.0783400014042854   0.1921399980783463
v   0.0966299995779991   0.0752900019288063   0.1890799999237061
v   0.1065099984407425   0.0719500035047531   0.1864099949598312
v   0.1171000003814697   0.0692699998617172   0.1842799931764603
v   0.1266900002956390   0.0653799995779991   0.1805700063705444
v   0.1351200044155121   0.0606999993324280   0.1753299981355667
v   0.1441500037908554   0.0565400011837482   0.1701200008392334
v   0.1537899971008301   0.0525900013744831   0.1655199974775314
v   0.1634099930524826   0.0483499988913536   0.1611000001430512
v   0.1725600063800812   0.0454499982297421   0.1553899943828583
v  -0.1425299942493439   0.0930700004100800   0.1508399993181229
v  -0.1343600004911423   0.0949200019240379   0.1584500074386597
v  -0.1262499988079071   0.0968500003218651   0.1662999987602234
v  -0.1180500015616417   0.0985699966549873   0.1738300025463104
v  -0.1099599972367287   0.1003800034523010   0.1817799955606461
v  -0.1008599996566773   0.1017400026321411   0.1887000054121018
v  -0.0913800001144409   0.1027799993753433   0.1945600062608719
v  -0.0827500000596046   0.1044500023126602   0.2025199979543686
v  -0.0723199993371964   0.1052099987864494   0.2094999998807907
v  -0.0613700002431870   0.1044699996709824   0.2128099948167801
v  -0.0507100000977516   0.1040000021457672   0.2171099931001663
v  -0.0397600010037422   0.1030099987983704   0.2193199992179871
v  -0.0291600003838539   0.1008799970149994   0.2197899967432022
v  -0.0175599996000528   0.0990400016307831   0.2205999940633774
v  -0.0059899999760091   0.0971100032329559   0.2210700064897537
v   0.0050800000317395   0.0939100012183189   0.2196599990129471
v   0.0157399997115135   0.0907600000500679   0.2181700021028519
v   0.0264400001615286   0.0875099971890450   0.2150000035762787
v   0.0370000004768372   0.0844300016760826   0.2119999974966049
v   0.0473500005900860   0.0812800005078316   0.2094500064849854
v   0.0578599981963635   0.0786200016736984   0.2070900052785873
v   0.0679399967193604   0.0748799964785576   0.2038699984550476
v   0.0783500000834465   0.0718099996447563   0.2011699974536896
v   0.0882200002670288   0.0693100020289421   0.1985599994659424
v   0.0976099967956543   0.0662000030279160   0.1948100030422211
v   0.1079000011086464   0.0632800012826920   0.1925700008869171
v   0.1179800033569336   0.0598700009286404   0.1891800016164780
v   0.1274500042200089   0.0556499995291233   0.1840399950742722
v   0.1357699930667877   0.0513899996876717   0.1787800043821335
v   0.1447300016880035   0.0473800003528595   0.1729300022125244
v   0.1547300070524216   0.0437900014221668   0.1676999926567078
v   0.1641699969768524   0.0395100004971027   0.1636199951171875
v   0.1730500012636185   0.0349600017070770   0.1578599959611893
v  -0.1441500037908554   0.0858599990606308   0.1514299958944321
v  -0.1374700069427490   0.0864600017666817   0.1600700020790100
v  -0.1295599937438965   0.0880300030112267   0.1680099964141846
v  -0.1206400021910667   0.0891000032424927   0.1749899983406067
v  -0.1123099997639656   0.0902900025248528   0.1826899945735931
v  -0.1033599972724915   0.0915900021791458   0.1897699981927872
v  -0.0947600007057190   0.0929000005126000   0.1975000053644180
v  -0.0863199979066849   0.0943399965763092   0.2059299945831299
v  -0.0763999968767166   0.0949399992823601   0.2129900008440018
v  -0.0649600028991699   0.0944299995899200   0.2170799970626831
v  -0.0538999997079372   0.0937300026416779   0.2209600061178207
v  -0.0430799983441830   0.0926700010895729   0.2237900048494339
v  -0.0320100001990795   0.0905300006270409   0.2246900051832199
v  -0.0204799994826317   0.0883499979972839   0.2257799953222275
v  -0.0087299998849630   0.0861499980092049   0.2266799956560135
v   0.0029500001110137   0.0841500014066696   0.2269300073385239
v   0.0144899999722838   0.0817599967122078   0.2260700017213821
v   0.0252700001001358   0.0781899988651276   0.2228700071573257
v   0.0355900004506111   0.0742700025439262   0.2188899964094162
v   0.0464299991726875   0.0712200030684471   0.2161200046539307
v   0.0575300008058548   0.0685700029134750   0.2140599936246872
v   0.0680600032210350   0.0653500035405159   0.2108300030231476
v   0.0785199999809265   0.0624600015580654   0.2078199982643127
v   0.0887800008058548   0.0597300007939339   0.2047100067138672
v   0.0984200015664101   0.0564699992537499   0.2005999982357025
v   0.1085299998521805   0.0533099994063377   0.1971199959516525
v   0.1177000030875206   0.0493099987506866   0.1919600069522858
v   0.1270499974489212   0.0456399992108345   0.1868599951267242
v   0.1363199949264526   0.0420200005173683   0.1815100014209747
v   0.1451299935579300   0.0379900000989437   0.1753900051116943
v   0.1547800004482269   0.0342399999499321   0.1703999936580658
v   0.1644199937582016   0.0305300001055002   0.1656599938869476
v   0.1722899973392487   0.0274999998509884   0.1580999940633774
v  -0.1467300057411194   0.0762000009417534   0.1523199975490570
v  -0.1393799930810928   0.0775600001215935   0.1605300009250641
v  -0.1319400072097778   0.0786499977111816   0.1687500029802322
v  -0.1232099980115891   0.0797099992632866   0.1762299984693527
v  -0.1145500019192696   0.0805599987506867   0.1832299977540970
v  -0.1056599989533424   0.0814799964427948   0.1905799955129623
v  -0.0974999964237213   0.0826399996876717   0.1993899941444397
v  -0.0888900011777878   0.0834800004959106   0.2071599960327148
v  -0.0790899991989136   0.0838200002908707   0.2141900062561035
v  -0.0679700002074242   0.0836400017142296   0.2197600007057190
v  -0.0563599988818169   0.0834800004959106   0.2238200008869171
v  -0.0462899990379810   0.0820199996232987   0.2279600054025650
v  -0.0355199985206127   0.0802799984812737   0.2299699932336807
v  -0.0230999998748302   0.0777999982237816   0.2315499931573868
v  -0.0112399999052286   0.0751900002360344   0.2320999950170517
v   0.0005099999834783   0.0731799975037575   0.2321400046348572
v   0.0123500004410744   0.0709900036454201   0.2314299941062927
v   0.0239300001412630   0.0678900033235550   0.2293899953365326
v   0.0343099981546402   0.0644899979233742   0.2261500060558319
v   0.0455100014805794   0.0611799992620945   0.2229799926280975
v   0.0569499991834164   0.0578199997544289   0.2200800031423569
v   0.0678900033235550   0.0553199984133244   0.2171400040388107
v   0.0787699967622757   0.0526000000536442   0.2142799943685532
v   0.0889599993824959   0.0496300011873245   0.2101099938154221
v   0.0988999977707863   0.0465199984610081   0.2059500068426132
v   0.1081800013780594   0.0428000018000603   0.2002699971199036
v   0.1178399994969368   0.0392300002276897   0.1954199969768524
v   0.1270699948072434   0.0357699990272522   0.1897400021553040
v   0.1360100060701370   0.0320600010454655   0.1837799996137619
v   0.1457799971103668   0.0287999995052815   0.1783500015735626
v   0.1548600047826767   0.0250700004398823   0.1723800003528595
v   0.1633200049400330   0.0214300006628037   0.1660400032997131
v   0.1714800000190735   0.0175899993628263   0.1590899974107742
v  -0.1487199962139130   0.0692199990153313   0.1529300063848496
v  -0.1412300020456314   0.0689899995923042   0.1609600037336350
v  -0.1336400061845779   0.0697500035166740   0.1691199988126755
v  -0.1252299994230270   0.0703300014138222   0.1764999926090241
v  -0.1166800037026405   0.0708499997854233   0.1837999969720841
v  -0.1083099991083145   0.0715700015425682   0.1916600018739700
v  -0.0999900028109551   0.0722400024533272   0.2000499963760376
v  -0.0915400013327599   0.0728399977087975   0.2085999995470047
v  -0.0819400027394295   0.0728600025177002   0.2160799950361252
v  -0.0710100010037422   0.0723299980163574   0.2215799987316132
v  -0.0596100017428398   0.0710999965667725   0.2254800051450729
v  -0.0488799996674061   0.0699499994516373   0.2302500009536743
v  -0.0376800000667572   0.0686199963092804   0.2342599928379059
v  -0.0256799999624491   0.0668099969625473   0.2370399981737137
v  -0.0134500004351139   0.0645800009369850   0.2377700060606003
v  -0.0015899999998510   0.0618899986147881   0.2372200042009354
v   0.0103299999609590   0.0597499981522560   0.2369900047779083
v   0.0221900008618832   0.0573600009083748   0.2357500046491623
v   0.0333999991416931   0.0542600005865097   0.2325000017881393
v   0.0447200015187264   0.0510100014507771   0.2294300049543381
v   0.0565200001001358   0.0484099984169006   0.2269899994134903
v   0.0678199976682663   0.0452499985694885   0.2231400012969971
v   0.0786999985575676   0.0421999990940094   0.2190099954605103
v   0.0888699963688850   0.0392200015485287   0.2145200073719025
v   0.0985900014638901   0.0360499992966652   0.2095299959182739
v   0.1079699993133545   0.0326800011098385   0.2036699950695038
v   0.1177799999713898   0.0294100008904934   0.1984400004148483
v   0.1269199997186661   0.0260400008410215   0.1924100071191788
v   0.1360400021076202   0.0226799994707108   0.1863799989223480
v   0.1459899991750717   0.0197100006043911   0.1811500042676926
v   0.1549499928951263   0.0165599994361401   0.1744700074195862
v   0.1626600027084351   0.0126499999314547   0.1667899936437607
v   0.1703200042247772   0.0101100001484156   0.1588300019502640
v  -0.1514499932527542   0.0604199990630150   0.1538500040769577
v  -0.1440600007772446   0.0608600005507469   0.1622599959373474
v  -0.1359300017356873   0.0610899999737740   0.1700800061225891
v  -0.1271400004625320   0.0610500015318394   0.1767700016498566
v  -0.1188500002026558   0.0612099990248680   0.1839700043201447
v  -0.1104300022125244   0.0615300014615059   0.1918900012969971
v  -0.1022299975156784   0.0619699992239475   0.2004899978637695
v  -0.0938899964094162   0.0620799995958805   0.2091400027275085
v  -0.0844800025224686   0.0620899982750416   0.2172500044107437
v  -0.0741299986839294   0.0609599985182285   0.2235700041055679
v  -0.0631700009107590   0.0592500008642674   0.2287099957466126
v  -0.0518199987709522   0.0583299994468689   0.2333299964666367
v  -0.0401999987661839   0.0566300004720688   0.2381999939680100
v  -0.0280099995434284   0.0552299991250038   0.2409600019454956
v  -0.0155699998140335   0.0529699996113777   0.2428099960088730
v  -0.0036599999293685   0.0510799996554852   0.2433799952268601
v   0.0083200000226498   0.0484800003468990   0.2431900054216385
v   0.0205700006335974   0.0461600013077259   0.2414000034332275
v   0.0321200005710125   0.0433799996972084   0.2383999973535538
v   0.0437600016593933   0.0405500009655952   0.2356999963521957
v   0.0553099997341633   0.0375999994575977   0.2321300059556961
v   0.0669799968600273   0.0343299992382526   0.2274000048637390
v   0.0788299962878227   0.0314799994230270   0.2230100035667419
v   0.0884499996900559   0.0285700000822544   0.2183099985122681
v   0.0976200029253960   0.0255500003695488   0.2124100029468536
v   0.1076399981975555   0.0224900003522635   0.2067500054836273
v   0.1172500029206276   0.0194700006395578   0.2005500048398972
v   0.1261499971151352   0.0161700006574392   0.1941500008106232
v   0.1357199996709824   0.0131799997761846   0.1887000054121018
v   0.1458700001239777   0.0105200000107288   0.1836799979209900
v   0.1551900058984757   0.0074800001457334   0.1768600046634674
v   0.1625500023365021   0.0040799998678267   0.1683499962091446
v   0.1696200072765350   0.0008500000112690   0.1597300022840500
v  -0.1534000039100647   0.0530400015413761   0.1546899974346161
v  -0.1468199938535690   0.0527400001883507   0.1634899973869324
v  -0.1387600004673004   0.0525300018489361   0.1709800064563751
v  -0.1297899931669235   0.0519799999892712   0.1775500029325485
v  -0.1212399974465370   0.0517200008034706   0.1848199963569641
v  -0.1130200028419495   0.0516199991106987   0.1928000003099442
v  -0.1042800024151802   0.0514600016176701   0.2006500065326691
v  -0.0953600034117699   0.0511900000274181   0.2088100016117096
v  -0.0860700011253357   0.0502300001680851   0.2165900021791458
v  -0.0761099979281426   0.0495700016617775   0.2234899997711182
v  -0.0660099983215332   0.0484599992632866   0.2304700016975403
v  -0.0549400001764298   0.0471699982881546   0.2363100051879883
v  -0.0432399995625019   0.0456600002944469   0.2411700040102005
v  -0.0307400003075600   0.0439000017940998   0.2438900023698807
v  -0.0183499995619059   0.0421499982476234   0.2467299997806549
v  -0.0060299998149276   0.0402199998497963   0.2494200021028519
v   0.0063700000755489   0.0374099984765053   0.2481900006532669
v   0.0183899998664856   0.0342000015079975   0.2454999983310700
v   0.0305199995636940   0.0316900014877319   0.2431199997663498
v   0.0425500012934208   0.0290200002491474   0.2404700070619583
v   0.0541899986565113   0.0260499995201826   0.2363100051879883
v   0.0657100006937981   0.0230899993330240   0.2315499931573868
v   0.0771000012755394   0.0203200001269579   0.2270299941301346
v   0.0878299996256828   0.0177200008183718   0.2223699986934662
v   0.0976999998092651   0.0150600001215935   0.2163899987936020
v   0.1072399988770485   0.0120799997821450   0.2097900062799454
v   0.1164700016379356   0.0091599998995662   0.2028699964284897
v   0.1258099973201752   0.0063299997709692   0.1964900046586990
v   0.1356800049543381   0.0037799999117851   0.1909099966287613
v   0.1452499926090241   0.0010000000474975   0.1848800033330917
v   0.1542199999094009  -0.0019399999873713   0.1780200004577637
v   0.1622100025415421  -0.0046299998648465   0.1699900031089783
v   0.1698500066995621  -0.0068700001575053   0.1616899967193604
v  -0.1554200053215027   0.0444299988448620   0.1556500047445297
v  -0.1487700045108795   0.0443000011146069   0.1638000011444092
v  -0.1411100029945374   0.0437600016593933   0.1711599975824356
v  -0.1327700018882752   0.0431299991905689   0.1788100004196167
v  -0.1245900020003319   0.0423300005495548   0.1864099949598312
v  -0.1160100027918816   0.0419399999082089   0.1941100060939789
v  -0.1072399988770485   0.0411799997091293   0.2015099972486496
v  -0.0969899967312813   0.0403800010681152   0.2084300071001053
v  -0.0869299992918968   0.0397000014781952   0.2152500003576279
v  -0.0776000022888184   0.0383099988102913   0.2221000045537949
v  -0.0673900023102760   0.0371799990534782   0.2294500023126602
v  -0.0569499991834164   0.0355499982833862   0.2357999980449677
v  -0.0453899987041950   0.0343700014054775   0.2406300008296967
v  -0.0331399999558926   0.0321099981665611   0.2444799989461899
v  -0.0208400003612041   0.0305899996310473   0.2489999979734421
v  -0.0088600004091859   0.0282799992710352   0.2528400123119354
v   0.0039699999615550   0.0251299999654293   0.2519800066947937
v   0.0163899995386601   0.0223099999129772   0.2493200004100800
v   0.0288299992680550   0.0195499993860722   0.2480600029230118
v   0.0410199984908104   0.0169699992984533   0.2438299953937531
v   0.0524899996817112   0.0143200000748038   0.2394600063562393
v   0.0642300024628639   0.0115400003269315   0.2351700067520142
v   0.0757400020956993   0.0086700003594160   0.2307000011205673
v   0.0872899964451790   0.0067300000227988   0.2271299958229065
v   0.0973299965262413   0.0041499999351799   0.2201599925756455
v   0.1062999963760376   0.0014199999859557   0.2118799984455109
v   0.1159999966621399  -0.0012199999764562   0.2053000032901764
v   0.1256300061941147  -0.0035300001036376   0.1991000026464462
v   0.1348599940538406  -0.0060700001195073   0.1922000050544739
v   0.1436800062656403  -0.0084800003096461   0.1850599944591522
v   0.1520899981260300  -0.0108200004324317   0.1775400042533875
v   0.1610399931669235  -0.0133499996736646   0.1705799996852875
v   0.1689600050449371  -0.0158399995416403   0.1626099944114685
v  -0.1578900068998337   0.0368000008165836   0.1557900011539459
v  -0.1508200019598007   0.0359800010919571   0.1641300022602081
v  -0.1433999985456467   0.0352399982511997   0.1721500009298325
v  -0.1359400004148483   0.0345400013029575   0.1804600059986115
v  -0.1278800070285797   0.0337399989366531   0.1884399950504303
v  -0.1188300028443337   0.0323899984359741   0.1954399943351746
v  -0.1098999977111816   0.0313399992883205   0.2029799968004227
v  -0.0999099984765053   0.0297100003808737   0.2092500030994415
v  -0.0893300026655197   0.0280900001525879   0.2146099954843521
v  -0.0791599974036217   0.0266800001263618   0.2208299934864044
v  -0.0692100003361702   0.0253699999302626   0.2277700006961823
v  -0.0583299994468689   0.0237000007182360   0.2335900068283081
v  -0.0467099994421005   0.0216300003230572   0.2379399985074997
v  -0.0348500013351440   0.0198500007390976   0.2427400052547455
v  -0.0232800003141165   0.0175999999046326   0.2483299970626831
v  -0.0116600003093481   0.0155899999663234   0.2540499866008759
v   0.0013099999632686   0.0132600003853440   0.2546600103378296
v   0.0141500001773238   0.0103000001981854   0.2518300116062164
v   0.0270600002259016   0.0074900002218783   0.2500799894332886
v   0.0392699986696243   0.0048199999146163   0.2460599988698959
v   0.0510899983346462   0.0022400000598282   0.2418899983167648
v   0.0626399964094162  -0.0001599999959581   0.2381999939680100
v   0.0734400004148483  -0.0025700000114739   0.2330700010061264
v   0.0849500000476837  -0.0047499998472631   0.2283599972724915
v   0.0956699997186661  -0.0070500001311302   0.2216700017452240
v   0.1049399971961975  -0.0091399997472763   0.2133100032806397
v   0.1150799989700317  -0.0112500004470348   0.2069700062274933
v   0.1250399947166443  -0.0134800001978874   0.2009100019931793
v   0.1341799944639206  -0.0158900003880262   0.1939599961042404
v   0.1424099951982498  -0.0179099999368191   0.1859000027179718
v   0.1501999944448471  -0.0198899991810322   0.1774599999189377
v   0.1585099995136261  -0.0218400005251169   0.1695100069046021
v   0.1674900054931641  -0.0236499998718500   0.1622799932956696
v  -0.1608600020408630   0.0289399996399879   0.1566900014877319
v  -0.1534200012683868   0.0280000008642674   0.1649000048637390
v  -0.1459999978542328   0.0269099995493889   0.1732199937105179
v  -0.1389800012111664   0.0259700007736683   0.1818699985742569
v  -0.1308699995279312   0.0245399996638298   0.1898699998855591
v  -0.1216999962925911   0.0229100007563829   0.1967999935150147
v  -0.1125100031495094   0.0211999993771315   0.2038599997758865
v  -0.1030900031328201   0.0192200001329184   0.2108200043439865
v  -0.0931800007820129   0.0163300000131130   0.2160899937152863
v  -0.0822999998927116   0.0153999999165535   0.2214899957180023
v  -0.0716399997472763   0.0138299996033311   0.2270099967718124
v  -0.0595300011336803   0.0119200004264712   0.2310300022363663
v  -0.0479700006544590   0.0099999997764826   0.2346799969673157
v  -0.0365099981427193   0.0075599998235703   0.2402999997138977
v  -0.0247099995613098   0.0049600000493228   0.2467599958181381
v  -0.0143900001421571   0.0026400000788271   0.2524200081825256
v  -0.0018799999961630   0.0008399999933317   0.2545300126075745
v   0.0119000002741814  -0.0021100000012666   0.2518799901008606
v   0.0250000003725290  -0.0044200001284480   0.2502599954605103
v   0.0373900011181831  -0.0074000000022352   0.2478100061416626
v   0.0502200014889240  -0.0104599995538592   0.2448199987411499
v   0.0612899996340275  -0.0120799997821450   0.2402900010347366
v   0.0698499977588654  -0.0135300001129508   0.2335399985313416
v   0.0818300023674965  -0.0159600004553795   0.2275899946689606
v   0.0940200015902519  -0.0183499995619059   0.2227499932050705
v   0.1041299998760223  -0.0197999998927116   0.2151300013065338
v   0.1141799986362457  -0.0209899991750717   0.2080799937248230
v   0.1239600032567978  -0.0234799999743700   0.2021400034427643
v   0.1330199986696243  -0.0255699995905161   0.1948799937963486
v   0.1406500041484833  -0.0272599998861551   0.1860300004482269
v   0.1483100056648254  -0.0289999991655350   0.1775400042533875
v   0.1571100056171417  -0.0304799992591143   0.1696899980306625
v   0.1665100008249283  -0.0318199992179871   0.1624999940395355
v  -0.1634799987077713   0.0216700006276369   0.1575500071048737
v  -0.1566299945116043   0.0204799994826317   0.1663700044155121
v  -0.1494700014591217   0.0192499998956919   0.1750700026750565
v  -0.1410100013017654   0.0171199999749661   0.1824299991130829
v  -0.1319800019264221   0.0149299995973706   0.1890899986028671
v  -0.1237599998712540   0.0131799997761846   0.1969999969005585
v  -0.1146700009703636   0.0111100003123283   0.2039899975061417
v  -0.1059499979019165   0.0089999996125698   0.2117899954319000
v  -0.0956299975514412   0.0068399999290705   0.2172600030899048
v  -0.0846600010991097   0.0045199999585748   0.2215600013732910
v  -0.0732700005173683   0.0023900000378489   0.2256300002336502
v  -0.0611199997365475   0.0003800000122283   0.2287400066852570
v  -0.0492100007832050  -0.0019399999873713   0.2326499968767166
v  -0.0382900014519692  -0.0047699999995530   0.2387800067663193
v  -0.0271799992769957  -0.0076500000432134   0.2445500046014786
v  -0.0157699994742870  -0.0104299997910857   0.2493499964475632
v  -0.0034000000450760  -0.0129399998113513   0.2506200075149536
v   0.0093900002539158  -0.0149400001391768   0.2512300014495850
v   0.0223200004547834  -0.0170600004494190   0.2501100003719330
v   0.0348800010979176  -0.0196700002998114   0.2473399937152863
v   0.0472900010645390  -0.0221800003200769   0.2445600032806397
v   0.0586399994790554  -0.0238600000739098   0.2399500012397766
v   0.0691900029778481  -0.0252899993211031   0.2339199930429459
v   0.0805400013923645  -0.0273199994117022   0.2286500036716461
v   0.0926100015640259  -0.0293899998068810   0.2241600006818771
v   0.1035199984908104  -0.0308899991214275   0.2177899926900864
v   0.1129999980330467  -0.0319299995899200   0.2098399996757507
v   0.1217600032687187  -0.0336700007319450   0.2017699927091599
v   0.1304800063371658  -0.0352899990975857   0.1940799951553345
v   0.1387500017881393  -0.0365700013935566   0.1859000027179718
v   0.1469800025224686  -0.0379500016570091   0.1776400059461594
v   0.1560799926519394  -0.0393100008368492   0.1703400015830994
v   0.1655299961566925  -0.0408199988305569   0.1634099930524826
v  -0.1665599942207336   0.0147599996998906   0.1589999943971634
v  -0.1597300022840500   0.0127699999138713   0.1676799952983856
v  -0.1521899998188019   0.0105900000780821   0.1757600009441376
v  -0.1422100067138672   0.0080899996683002   0.1816799938678742
v  -0.1329199969768524   0.0057999999262393   0.1880999952554703
v  -0.1247600018978119   0.0034600000362843   0.1954700052738190
v  -0.1155899986624718   0.0012100000167266   0.2024500072002411
v  -0.1067999973893166  -0.0012600000482053   0.2095600068569183
v  -0.0966000035405159  -0.0032399999909103   0.2150000035762787
v  -0.0858099982142448  -0.0062000001780689   0.2194299995899200
v  -0.0749199986457825  -0.0085000004619360   0.2228199988603592
v  -0.0623899996280670  -0.0110700000077486   0.2259700000286102
v  -0.0505999997258186  -0.0137999998405576   0.2309399992227554
v  -0.0405399985611439  -0.0168900005519390   0.2370799928903580
v  -0.0291000008583069  -0.0203499998897314   0.2424599975347519
v  -0.0174899995326996  -0.0230599995702505   0.2461799979209900
v  -0.0052999998442829  -0.0258900001645088   0.2476799935102463
v   0.0068100001662970  -0.0276599992066622   0.2491700053215027
v   0.0195300001651049  -0.0296400003135204   0.2486899942159653
v   0.0319899991154671  -0.0317599996924400   0.2453200072050095
v   0.0441199988126755  -0.0336700007319450   0.2419900000095367
v   0.0559299997985363  -0.0355000011622906   0.2380200028419495
v   0.0674600005149841  -0.0369299985468388   0.2332800030708313
v   0.0787499994039536  -0.0388000011444092   0.2283899933099747
v   0.0904200002551079  -0.0406400002539158   0.2236199975013733
v   0.1010999977588654  -0.0420899987220764   0.2176499962806702
v   0.1105500012636185  -0.0432099997997284   0.2096599936485291
v   0.1196700036525726  -0.0439600013196468   0.2013799995183945
v   0.1278499960899353  -0.0448100008070469   0.1929599940776825
v   0.1366100013256073  -0.0457900017499924   0.1853100061416626
v   0.1455200016498566  -0.0468799993395805   0.1777399927377701
v   0.1546200066804886  -0.0480000004172325   0.1703999936580658
v   0.1643799990415573  -0.0494300015270710   0.1639699935913086
v  -0.1695500016212463   0.0065100002102554   0.1602399945259094
v  -0.1622599959373474   0.0045500001870096   0.1685699969530106
v  -0.1537899971008301   0.0018700000364333   0.1757300049066544
v  -0.1438899934291840  -0.0009200000204146   0.1810699999332428
v  -0.1341799944639206  -0.0035999999381602   0.1866800040006638
v  -0.1253100037574768  -0.0062899999320507   0.1934300065040588
v  -0.1167299970984459  -0.0090199997648597   0.2006800025701523
v  -0.1074300035834312  -0.0116900000721216   0.2071000039577484
v  -0.0975899994373322  -0.0145199997350574   0.2127899974584580
v  -0.0865700021386147  -0.0170600004494190   0.2161899954080582
v  -0.0755600035190582  -0.0198800005018711   0.2198700010776520
v  -0.0642800033092499  -0.0226499997079372   0.2240999937057495
v  -0.0530899986624718  -0.0254900008440018   0.2289900034666061
v  -0.0421199984848499  -0.0286800004541874   0.2340999990701675
v  -0.0308699999004602  -0.0318499989807606   0.2385700047016144
v  -0.0193700008094311  -0.0347400009632111   0.2424100041389465
v  -0.0075300000607967  -0.0373400002717972   0.2449100017547607
v   0.0046299998648465  -0.0397999994456768   0.2459100037813187
v   0.0168699994683266  -0.0418700017035008   0.2449299991130829
v   0.0292000006884336  -0.0439100004732609   0.2432499974966049
v   0.0414300002157688  -0.0457799993455410   0.2401800006628037
v   0.0530299991369247  -0.0470900014042854   0.2355599999427795
v   0.0645100027322769  -0.0484800003468990   0.2309300005435944
v   0.0754799991846085  -0.0497400015592575   0.2252600044012070
v   0.0867400020360947  -0.0513699986040592   0.2204599976539612
v   0.0974500030279160  -0.0525700002908707   0.2148900032043457
v   0.1071700006723404  -0.0533500015735626   0.2077399939298630
v   0.1165800020098686  -0.0537500008940697   0.2001699954271317
v   0.1251900047063828  -0.0541500002145767   0.1917500048875809
v   0.1345099955797195  -0.0548800006508827   0.1846799999475479
v   0.1437799930572510  -0.0556400008499622   0.1775700002908707
v   0.1531600058078766  -0.0564900003373623   0.1703999936580658
v   0.1627299934625626  -0.0579800009727478   0.1636900007724762
v  -0.1706099957227707  -0.0012300000526011   0.1598699986934662
v  -0.1635300070047379  -0.0040699997916818   0.1679899990558624
v  -0.1550900042057037  -0.0069200000725687   0.1748300045728684
v  -0.1451299935579300  -0.0101800002157688   0.1801099926233292
v  -0.1355700045824051  -0.0131099997088313   0.1853999942541122
v  -0.1266900002956390  -0.0162499994039536   0.1921100020408630
v  -0.1178200021386147  -0.0192000009119511   0.1988999992609024
v  -0.1081900000572205  -0.0222500003874302   0.2046699970960617
v  -0.0984499976038933  -0.0252500008791685   0.2103199958801270
v  -0.0877199992537499  -0.0283199995756149   0.2142899930477142
v  -0.0768999978899956  -0.0312200002372265   0.2173400074243546
v  -0.0661400035023689  -0.0341700017452240   0.2219299972057343
v  -0.0555500015616417  -0.0373000018298626   0.2270900011062622
v  -0.0442800000309944  -0.0403300002217293   0.2314800024032593
v  -0.0329300016164780  -0.0434300005435944   0.2358900010585785
v  -0.0216300003230572  -0.0462899990379810   0.2394099980592728
v  -0.0095300003886223  -0.0487499982118607   0.2412499934434891
v   0.0021399999968708  -0.0516199991106987   0.2426300048828125
v   0.0140800001099706  -0.0541500002145767   0.2424300014972687
v   0.0265800002962351  -0.0559000000357628   0.2403700053691864
v   0.0384199991822243  -0.0572400018572807   0.2367099970579147
v   0.0499200001358986  -0.0584799982607365   0.2324399948120117
v   0.0615400001406670  -0.0598799996078014   0.2284100055694580
v   0.0727199986577034  -0.0609200000762939   0.2232600003480911
v   0.0837099999189377  -0.0619300007820129   0.2179899960756302
v   0.0938400030136108  -0.0626600012183189   0.2119700014591217
v   0.1037100031971932  -0.0631299987435341   0.2056200057268143
v   0.1138499975204468  -0.0635500028729439   0.1990299969911575
v   0.1233500018715859  -0.0635199993848801   0.1913200020790100
v   0.1320900022983551  -0.0639000013470650   0.1837400048971176
v   0.1411699950695038  -0.0641300007700920   0.1764300018548966
v   0.1510500013828278  -0.0648500025272369   0.1697700023651123
v   0.1612900048494339  -0.0656699985265732   0.1630399972200394
v  -0.1713799983263016  -0.0102599998936057   0.1590400040149689
v  -0.1641599982976914  -0.0127699999138713   0.1670400053262711
v  -0.1551499962806702  -0.0161899998784065   0.1728300005197525
v  -0.1457400023937225  -0.0196400005370379   0.1782499998807907
v  -0.1361200064420700  -0.0231400001794100   0.1834200024604797
v  -0.1271599978208542  -0.0262800008058548   0.1897300034761429
v  -0.1182800009846687  -0.0294899996370077   0.1963600069284439
v  -0.1087500005960465  -0.0327199995517731   0.2020000070333481
v  -0.0988100022077560  -0.0360199995338917   0.2068199962377548
v  -0.0888599976897240  -0.0392999984323978   0.2117899954319000
v  -0.0782900005578995  -0.0424100011587143   0.2155600041151047
v  -0.0678400024771690  -0.0456600002944469   0.2197799980640411
v  -0.0574500001966953  -0.0488799996674061   0.2246399968862534
v  -0.0466599985957146  -0.0520499981939793   0.2292400002479553
v  -0.0356599986553192  -0.0551399998366833   0.2337899953126907
v  -0.0241199992597103  -0.0581200011074543   0.2368700057268143
v  -0.0122499996796250  -0.0608099997043610   0.2388000041246414
v  -0.0001900000061141  -0.0632700026035309   0.2388300001621246
v   0.0117800002917647  -0.0657500028610230   0.2388100028038025
v   0.0238700006157160  -0.0675700008869171   0.2370499968528748
v   0.0355199985206127  -0.0685900002717972   0.2331400066614151
v   0.0472900010645390  -0.0702499970793724   0.2305299937725067
v   0.0583099983632565  -0.0709900036454201   0.2254800051450729
v   0.0695800036191940  -0.0719000026583672   0.2207500040531158
v   0.0804300010204315  -0.0725300014019013   0.2152699977159500
v   0.0903099998831749  -0.0724899992346764   0.2087000012397766
v   0.1005199998617172  -0.0730800032615662   0.2029999941587448
v   0.1107200011610985  -0.0732399970293045   0.1969799995422363
v   0.1207299977540970  -0.0735599994659424   0.1905200034379959
v   0.1296299993991852  -0.0732299983501434   0.1827699989080429
v   0.1385100036859512  -0.0729300007224083   0.1751900017261505
v   0.1483100056648254  -0.0730099976062775   0.1686999946832657
v   0.1574299931526184  -0.0739099979400635   0.1617700010538101
v  -0.1719399988651276  -0.0174800008535385   0.1584700047969818
v  -0.1644999980926514  -0.0215300004929304   0.1656199991703033
v  -0.1559499949216843  -0.0252899993211031   0.1714199930429459
v  -0.1460700035095215  -0.0291200000792742   0.1764400005340576
v  -0.1357900053262711  -0.0329499989748001   0.1801600009202957
v  -0.1266999989748001  -0.0359699986875057   0.1861499994993210
v  -0.1183699965476990  -0.0394899994134903   0.1934999972581863
v  -0.1090999990701675  -0.0430300012230873   0.1991100013256073
v  -0.0995000004768372  -0.0464599989354610   0.2039099931716919
v  -0.0901300013065338  -0.0501499995589256   0.2095299959182739
v  -0.0800300016999245  -0.0538699999451637   0.2141200006008148
v  -0.0700500011444092  -0.0571199990808964   0.2184800058603287
v  -0.0595000013709068  -0.0606199987232685   0.2220000028610230
v  -0.0488299988210201  -0.0636100023984909   0.2264399975538254
v  -0.0380299985408783  -0.0669199973344803   0.2306800037622452
v  -0.0264299996197224  -0.0696899965405464   0.2329699993133545
v  -0.0143900001421571  -0.0722099989652634   0.2342399954795837
v  -0.0026400000788271  -0.0747300013899803   0.2346799969673157
v   0.0093299997970462  -0.0769300013780594   0.2341900020837784
v   0.0211299993097782  -0.0786800011992455   0.2324900031089783
v   0.0329900011420250  -0.0803899988532066   0.2304999977350235
v   0.0443900004029274  -0.0817399993538857   0.2276799976825714
v   0.0549100004136562  -0.0821100026369095   0.2225099951028824
v   0.0655800029635429  -0.0819199979305267   0.2161999940872192
v   0.0764800012111664  -0.0822699964046478   0.2110700011253357
v   0.0868500024080277  -0.0822699964046478   0.2054000049829483
v   0.0966100022196770  -0.0816899985074997   0.1990399956703186
v   0.1067700013518333  -0.0823599994182587   0.1937299966812134
v   0.1174999997019768  -0.0831800028681755   0.1886599957942963
v   0.1270000040531158  -0.0827199965715408   0.1816799938678742
v   0.1361999958753586  -0.0821800008416176   0.1744900047779083
v   0.1450400054454804  -0.0810699984431267   0.1671700030565262
v   0.1539900004863739  -0.0796900019049645   0.1600199937820435
v  -0.1720599979162216  -0.0275999996811152   0.1564899981021881
v  -0.1644500046968460  -0.0304099991917610   0.1636900007724762
v  -0.1563699990510941  -0.0345799997448921   0.1701399981975555
v  -0.1467899978160858  -0.0384900011122227   0.1747899949550629
v  -0.1368100047111511  -0.0421800017356873   0.1790300011634827
v  -0.1271300017833710  -0.0456500016152859   0.1838299930095673
v  -0.1186600029468536  -0.0494900010526180   0.1904599964618683
v  -0.1098600029945374  -0.0533099994063377   0.1964399963617325
v  -0.1009799987077713  -0.0570200011134148   0.2024399936199188
v  -0.0913800001144409  -0.0608900003135204   0.2072899937629700
v  -0.0814599990844727  -0.0644700005650520   0.2118200063705444
v  -0.0718299970030785  -0.0683799982070923   0.2165399938821793
v  -0.0612300001084805  -0.0715800002217293   0.2196500003337860
v  -0.0502800010144711  -0.0746200010180473   0.2221000045537949
v  -0.0394800007343292  -0.0777499973773956   0.2254700064659119
v  -0.0281199999153614  -0.0805800035595894   0.2274000048637390
v  -0.0165599994361401  -0.0830599963665009   0.2283000051975250
v  -0.0050699999555945  -0.0855500027537346   0.2291599959135056
v   0.0065600001253188  -0.0872699990868568   0.2280700057744980
v   0.0181399993598461  -0.0890500023961067   0.2268300056457520
v   0.0298900008201599  -0.0915599986910820   0.2263599932193756
v   0.0412099994719029  -0.0925199985504150   0.2233500033617020
v   0.0519899986684322  -0.0927599966526032   0.2185599952936173
v   0.0623699985444546  -0.0924799963831902   0.2129500061273575
v   0.0725300014019013  -0.0921100005507469   0.2070900052785873
v   0.0829100012779236  -0.0919800028204918   0.2017800062894821
v   0.0930299982428551  -0.0916600003838539   0.1961600035429001
v   0.1033599972724915  -0.0918999984860420   0.1910600066184998
v   0.1135800033807755  -0.0920599997043610   0.1856700032949448
v   0.1233199983835220  -0.0914800018072128   0.1794199943542481
v   0.1329900026321411  -0.0907699987292290   0.1731200069189072
v   0.1418599933385849  -0.0895500034093857   0.1658699959516525
v   0.1496499925851822  -0.0892499983310700   0.1576199978590012
v  -0.1719399988651276  -0.0347299985587597   0.1549299955368042
v  -0.1647499948740006  -0.0394599996507168   0.1621399968862534
v  -0.1571799963712692  -0.0439999997615814   0.1689800024032593
v  -0.1480000019073486  -0.0480699986219406   0.1744499951601028
v  -0.1380700021982193  -0.0516699999570847   0.1782400012016296
v  -0.1276199966669083  -0.0551900006830692   0.1815599948167801
v  -0.1185100004076958  -0.0591900013387203   0.1869200021028519
v  -0.1102200001478195  -0.0634500011801720   0.1930399984121323
v  -0.1019899994134903  -0.0676599964499474   0.1995999962091446
v  -0.0924599990248680  -0.0715800002217293   0.2042700052261353
v  -0.0822900012135506  -0.0753600001335144   0.2083899974822998
v  -0.0727099999785423  -0.0790999978780747   0.2122499942779541
v  -0.0626699998974800  -0.0827099978923798   0.2159000039100647
v  -0.0518300011754036  -0.0856200009584427   0.2180600017309189
v  -0.0411299988627434  -0.0885400027036667   0.2202299982309341
v  -0.0296500008553267  -0.0910499989986420   0.2214100062847138
v  -0.0183400008827448  -0.0929000005126000   0.2214300036430359
v  -0.0072900000959635  -0.0952799990773201   0.2219900041818619
v   0.0037599999923259  -0.0972499996423721   0.2218399941921234
v   0.0152200004085898  -0.0990300029516220   0.2206600010395050
v   0.0265599992126226  -0.1010100021958351   0.2199500054121018
v   0.0376299992203712  -0.1020900011062622   0.2172400057315826
v   0.0485000014305115  -0.1025499999523163   0.2134400010108948
v   0.0592000000178814  -0.1029499992728233   0.2094900012016296
v   0.0693899989128113  -0.1028600037097931   0.2045599967241287
v   0.0791499987244606  -0.1018100008368492   0.1981099992990494
v   0.0894699990749359  -0.1016300022602081   0.1932100057601929
v   0.0996500030159950  -0.1013600006699562   0.1880500018596649
v   0.1094399988651276  -0.1007200032472611   0.1823000013828278
v   0.1194700002670288  -0.1001499965786934   0.1768700033426285
v   0.1292899996042252  -0.0991000011563301   0.1710699945688248
v   0.1386699974536896  -0.0982299968600273   0.1644899994134903
v   0.1468600034713745  -0.0965299978852272   0.1565899997949600
v  -0.1719699949026108  -0.0454999990761280   0.1530199944972992
v  -0.1644800007343292  -0.0485399998724461   0.1600899994373322
v  -0.1568499952554703  -0.0533200018107891   0.1667400002479553
v  -0.1481299996376038  -0.0577600002288818   0.1724500060081482
v  -0.1378999948501587  -0.0614399984478951   0.1757899969816208
v  -0.1272500008344650  -0.0646200031042099   0.1781799942255020
v  -0.1179199963808060  -0.0687400028109551   0.1826300024986267
v  -0.1098200008273125  -0.0732199996709824   0.1885699927806854
v  -0.1015599966049194  -0.0776000022888184   0.1944999992847443
v  -0.0925799980759621  -0.0818900018930435   0.1995999962091446
v  -0.0831900015473366  -0.0860000029206276   0.2039099931716919
v  -0.0731199979782105  -0.0894299969077110   0.2068900018930435
v  -0.0634900033473969  -0.0934000015258789   0.2106900066137314
v  -0.0529399998486042  -0.0962499976158142   0.2128800004720688
v  -0.0420500002801418  -0.0986699983477593   0.2138800024986267
v  -0.0310100000351667  -0.1007699966430664   0.2146400064229965
v  -0.0199999995529652  -0.1028399989008904   0.2147500067949295
v  -0.0092399995774031  -0.1049500033259392   0.2150200009346008
v   0.0015500000445172  -0.1066799983382225   0.2143799960613251
v   0.0123699996620417  -0.1086599975824356   0.2140199989080429
v   0.0232800003141165  -0.1105000004172325   0.2132299989461899
v   0.0341899991035461  -0.1118300035595894   0.2114800065755844
v   0.0449899993836880  -0.1124399974942207   0.2085500061511993
v   0.0555099993944168  -0.1124999970197678   0.2045100033283234
v   0.0660300031304359  -0.1125999987125397   0.2005099952220917
v   0.0760300010442734  -0.1120299994945526   0.1953600049018860
v   0.0858400017023087  -0.1113900020718575   0.1899199932813644
v   0.0959499999880791  -0.1109300032258034   0.1850599944591522
v   0.1059900000691414  -0.1102299988269806   0.1799899935722351
v   0.1158600002527237  -0.1092699989676476   0.1745900064706802
v   0.1255100071430206  -0.1080299988389015   0.1687500029802322
v   0.1351000070571899  -0.1067800000309944   0.1626500040292740
v   0.1434500068426132  -0.1066000014543533   0.1553899943828583
v  -0.1712500005960465  -0.0525799989700317   0.1510300040245056
v  -0.1638199985027313  -0.0575699992477894   0.1575299948453903
v  -0.1562300026416779  -0.0625300034880638   0.1641699969768524
v  -0.1472399979829788  -0.0671600028872490   0.1692499965429306
v  -0.1371800005435944  -0.0708499997854233   0.1722799986600876
v  -0.1265600025653839  -0.0740799978375435   0.1744599938392639
v  -0.1169999986886978  -0.0781499966979027   0.1781100034713745
v  -0.1087300032377243  -0.0823300033807755   0.1831000000238419
v  -0.1002100035548210  -0.0867900028824806   0.1885199993848801
v  -0.0917999967932701  -0.0913200005888939   0.1934199929237366
v  -0.0827199965715408  -0.0954699963331223   0.1975499987602234
v  -0.0734300017356873  -0.0994400009512901   0.2010100036859512
v  -0.0635700002312660  -0.1029300019145012   0.2036399990320206
v  -0.0530200004577637  -0.1051800027489662   0.2050399929285049
v  -0.0425500012934208  -0.1068399995565414   0.2058600038290024
v  -0.0318799987435341  -0.1091499999165535   0.2061000019311905
v  -0.0211599990725517  -0.1116600036621094   0.2069199979305267
v  -0.0112100001424551  -0.1141699999570847   0.2075500041246414
v  -0.0007399999885820  -0.1161400005221367   0.2074899971485138
v   0.0096100000664592  -0.1177399978041649   0.2066400051116943
v   0.0200699996203184  -0.1197400018572807   0.2062900066375732
v   0.0307000000029802  -0.1214300021529198   0.2055599987506867
v   0.0411400012671948  -0.1217200011014938   0.2026299983263016
v   0.0517299994826317  -0.1217499971389771   0.1990700066089630
v   0.0621300004422665  -0.1212600022554398   0.1950400024652481
v   0.0724399983882904  -0.1218400001525879   0.1918199956417084
v   0.0827400013804436  -0.1218999996781349   0.1877000033855438
v   0.0924699977040291  -0.1206799969077110   0.1823599934577942
v   0.1020400002598763  -0.1194600015878677   0.1768900007009506
v   0.1122300028800964  -0.1186100021004677   0.1722799986600876
v   0.1217600032687187  -0.1170200034976006   0.1666200011968613
v   0.1309799998998642  -0.1150500029325485   0.1599700003862381
v   0.1404400020837784  -0.1130599975585938   0.1537099927663803
v  -0.1709800064563751  -0.0636499971151352   0.1486299932003021
v  -0.1636600047349930  -0.0669300034642220   0.1555799990892410
v  -0.1553400009870529  -0.0718600004911423   0.1611700057983398
v  -0.1458099931478500  -0.0760999992489815   0.1652400046586990
v  -0.1359799951314926  -0.0800400003790855   0.1683900058269501
v  -0.1262599974870682  -0.0836900025606155   0.1713300049304962
v  -0.1169999986886978  -0.0874999985098839   0.1747500002384186
v  -0.1079099997878075  -0.0915800034999847   0.1782699972391129
v  -0.0992200002074242  -0.0958200022578239   0.1824499964714050
v  -0.0910400003194809  -0.1004400029778481   0.1871799975633621
v  -0.0822599977254868  -0.1046499982476234   0.1910299956798554
v  -0.0731099992990494  -0.1086200028657913   0.1941899955272675
v  -0.0633400008082390  -0.1116999983787537   0.1958200037479401
v  -0.0533399991691113  -0.1138899996876717   0.1970500051975250
v  -0.0430199988186359  -0.1154500022530556   0.1969300061464310
v  -0.0329300016164780  -0.1177100017666817   0.1974499970674515
v  -0.0231500007212162  -0.1207100003957748   0.1989299952983856
v  -0.0134800001978874  -0.1233500018715859   0.1998600065708160
v  -0.0035699999425560  -0.1254400014877319   0.2000499963760376
v   0.0068799997679889  -0.1267199963331223   0.1992000043392181
v   0.0172899998724461  -0.1291500031948090   0.1996800005435944
v   0.0273499991744757  -0.1306899935007095   0.1992599964141846
v   0.0373600013554096  -0.1308799982070923   0.1965900063514710
v   0.0476000010967255  -0.1306699961423874   0.1931300014257431
v   0.0578700006008148  -0.1303800046443939   0.1894199997186661
v   0.0680999979376793  -0.1304399967193604   0.1863099932670593
v   0.0784099996089935  -0.1307400017976761   0.1833200007677078
v   0.0883599966764450  -0.1299200057983398   0.1790200024843216
v   0.0977099984884262  -0.1282700002193451   0.1733900010585785
v   0.1075199991464615  -0.1270499974489212   0.1683399975299835
v   0.1172399967908859  -0.1254799962043762   0.1629599928855896
v   0.1266199946403503  -0.1233699992299080   0.1569900065660477
v   0.1357000023126602  -0.1235499978065491   0.1512600034475327
v  -0.1706299930810928  -0.0710100010037422   0.1466400027275085
v  -0.1626700013875961  -0.0760900005698204   0.1527799963951111
v  -0.1538700014352799  -0.0805800035595894   0.1577900052070618
v  -0.1442299932241440  -0.0851199999451637   0.1612900048494339
v  -0.1347099989652634  -0.0893199965357781   0.1646700054407120
v  -0.1260299980640411  -0.0934500023722649   0.1681600064039230
v  -0.1171699985861778  -0.0972400009632111   0.1714899986982346
v  -0.1077399998903275  -0.1013400033116341   0.1742700040340424
v  -0.0989900007843971  -0.1055099964141846   0.1776999980211258
v  -0.0905800014734268  -0.1097600013017654   0.1813900023698807
v  -0.0819500014185906  -0.1138899996876717   0.1849800050258637
v  -0.0726699978113174  -0.1175799965858460   0.1874099969863892
v  -0.0633200034499168  -0.1206400021910667   0.1888999938964844
v  -0.0538400001823902  -0.1230200007557869   0.1897999942302704
v  -0.0443000011146069  -0.1255699992179871   0.1905599981546402
v  -0.0347599983215332  -0.1281599998474121   0.1917500048875809
v  -0.0252000000327826  -0.1308999955654144   0.1927199959754944
v  -0.0159600004553795  -0.1327999979257584   0.1928099989891052
v  -0.0069200000725687  -0.1349900066852570   0.1926600039005280
v   0.0041100000962615  -0.1366499960422516   0.1932699978351593
v   0.0150699997320771  -0.1378500014543533   0.1927700042724609
v   0.0236900001764298  -0.1391299962997437   0.1922499984502792
v   0.0329900011420250  -0.1397999972105026   0.1907200068235397
v   0.0433599986135960  -0.1391600072383881   0.1866399943828583
v   0.0538400001823902  -0.1395599991083145   0.1837700009346008
v   0.0636899992823601  -0.1391600072383881   0.1810200065374374
v   0.0734800025820732  -0.1384000033140183   0.1779599934816361
v   0.0833600014448166  -0.1379700005054474   0.1739500015974045
v   0.0931999981403351  -0.1371199935674667   0.1698299944400787
v   0.1028600037097931  -0.1355299949645996   0.1644400060176849
v   0.1127900034189224  -0.1341300010681152   0.1594900041818619
v   0.1226999983191490  -0.1323699951171875   0.1547400057315826
v   0.1324000060558319  -0.1301099956035614   0.1493699997663498
v  -0.1684599965810776  -0.0817900002002716   0.1426900029182434
v  -0.1610900014638901  -0.0852200016379356   0.1493999958038330
v  -0.1517599970102310  -0.0896899998188019   0.1533000022172928
v  -0.1425900012254715  -0.0942400023341179   0.1570599973201752
v  -0.1334300041198731  -0.0985300019383431   0.1601999998092651
v  -0.1244900003075600  -0.1026299968361855   0.1632200032472611
v  -0.1160300001502037  -0.1070500016212463   0.1667599976062775
v  -0.1077099964022636  -0.1115999966859818   0.1704999953508377
v  -0.0992000028491020  -0.1157699972391129   0.1740300059318543
v  -0.0901499986648560  -0.1194299980998039   0.1760600060224533
v  -0.0813900008797646  -0.1230600029230118   0.1784400045871735
v  -0.0725800022482872  -0.1264099925756455   0.1804900020360947
v  -0.0640600025653839  -0.1300500035285950   0.1832100003957748
v  -0.0549499988555908  -0.1331299990415573   0.1843200027942658
v  -0.0457400009036064  -0.1358000040054321   0.1852699965238571
v  -0.0366900004446507  -0.1385799944400787   0.1864300072193146
v  -0.0275400001555681  -0.1408700048923492   0.1870599985122681
v  -0.0183400008827448  -0.1423600018024445   0.1865800023078919
v  -0.0089600002393126  -0.1438799947500229   0.1863799989223480
v   0.0010300000431016  -0.1451500058174133   0.1860000044107437
v   0.0109400004148483  -0.1459500044584274   0.1851399987936020
v   0.0201900005340576  -0.1473300009965897   0.1847700029611588
v   0.0295599997043610  -0.1484400033950806   0.1838299930095673
v   0.0393299981951714  -0.1480299979448319   0.1806900054216385
v   0.0493000000715256  -0.1478500068187714   0.1778399944305420
v   0.0590800009667873  -0.1476300060749054   0.1752700060606003
v   0.0685999989509583  -0.1467300057411194   0.1719699949026108
v   0.0782800018787384  -0.1459199935197830   0.1683499962091446
v   0.0884400010108948  -0.1457100063562393   0.1651200056076050
v   0.0982799977064133  -0.1443500071763992   0.1608099937438965
v   0.1078799962997437  -0.1423700004816055   0.1558700054883957
v   0.1178999990224838  -0.1407299935817719   0.1513900011777878
v   0.1261699944734573  -0.1401900053024292   0.1452099978923798
v  -0.1668599992990494  -0.0882499963045120   0.1398600041866303
v  -0.1587200015783310  -0.0941200032830238   0.1450600028038025
v  -0.1495500057935715  -0.0986799970269203   0.1488499939441681
v  -0.1403400003910065  -0.1032399982213974   0.1520799994468689
v  -0.1313599944114685  -0.1073400005698204   0.1551499962806702
v  -0.1229500025510788  -0.1120000034570694   0.1581200063228607
v  -0.1146700009703636  -0.1167400032281876   0.1617999970912933
v  -0.1070400029420853  -0.1215299963951111   0.1653500050306320
v  -0.0984599962830544  -0.1256799995899200   0.1685200035572052
v  -0.0895600020885468  -0.1291400045156479   0.1704100072383881
v  -0.0806799978017807  -0.1320800036191940   0.1719499975442886
v  -0.0723899975419045  -0.1352999955415726   0.1735100001096726
v  -0.0642599985003471  -0.1389999985694885   0.1758899986743927
v  -0.0555999986827374  -0.1423400044441223   0.1775700002908707
v  -0.0465600006282330  -0.1450500041246414   0.1782899945974350
v  -0.0380799993872643  -0.1474899947643280   0.1792600005865097
v  -0.0294700004160404  -0.1498800069093704   0.1797399967908859
v  -0.0204900000244379  -0.1514900028705597   0.1800300031900406
v  -0.0115499999374151  -0.1525299996137619   0.1795900017023087
v  -0.0019900000188500  -0.1535300016403198   0.1786800026893616
v   0.0074599999934435  -0.1537799984216690   0.1771399974822998
v   0.0164299998432398  -0.1550499945878983   0.1767500042915344
v   0.0253199990838766  -0.1559599936008453   0.1761000007390976
v   0.0351900011301041  -0.1562799960374832   0.1738699972629547
v   0.0450100004673004  -0.1564200073480606   0.1718000024557114
v   0.0543599985539913  -0.1558800041675568   0.1690499931573868
v   0.0635399967432022  -0.1549600064754486   0.1662600040435791
v   0.0731799975037575  -0.1539800018072128   0.1625999957323074
v   0.0828600004315376  -0.1530999988317490   0.1592900007963181
v   0.0929099991917610  -0.1522600054740906   0.1558600068092346
v   0.1024999991059303  -0.1502200067043304   0.1516299992799759
v   0.1123400032520294  -0.1484400033950806   0.1470399945974350
v   0.1219599992036820  -0.1459500044584274   0.1420699954032898
v  -0.1642999947071075  -0.1002499982714653   0.1356800049543381
v  -0.1565400063991547  -0.1036399975419045   0.1410399973392487
v  -0.1473100036382675  -0.1083299964666367   0.1442900002002716
v  -0.1381099969148636  -0.1126400008797646   0.1470499932765961
v  -0.1295499950647354  -0.1171599999070168   0.1501899957656860
v  -0.1213399991393089  -0.1216999962925911   0.1530099958181381
v  -0.1135199964046478  -0.1264699995517731   0.1561200022697449
v  -0.1054899990558624  -0.1309300065040588   0.1590600013732910
v  -0.0966299995779991  -0.1341899931430817   0.1606000065803528
v  -0.0886299982666969  -0.1378500014543533   0.1630199998617172
v  -0.0799999982118607  -0.1404599994421005   0.1640599966049194
v  -0.0718000009655953  -0.1436499953269959   0.1657599955797195
v  -0.0637400001287460  -0.1469600051641464   0.1676100045442581
v  -0.0557599999010563  -0.1503500044345856   0.1694899946451187
v  -0.0475200004875660  -0.1531299948692322   0.1706999987363815
v  -0.0391499996185303  -0.1553000062704086   0.1712500005960465
v  -0.0308999996632338  -0.1576800048351288   0.1719699949026108
v  -0.0224600005894899  -0.1596399992704392   0.1722999960184097
v  -0.0137900002300739  -0.1610199958086014   0.1719900071620941
v  -0.0049399998970330  -0.1614499986171722   0.1706600040197372
v   0.0039400001987815  -0.1620900034904480   0.1695899963378906
v   0.0127900000661612  -0.1631200015544891   0.1690499931573868
v   0.0217000003904104  -0.1632000058889389   0.1674900054931641
v   0.0309200007468462  -0.1636900007724762   0.1659599989652634
v   0.0403399989008904  -0.1643099933862686   0.1644700020551682
v   0.0494300015270710  -0.1635500043630600   0.1619600057601929
v   0.0585200004279614  -0.1624699980020523   0.1591300070285797
v   0.0678900033235550  -0.1615799963474274   0.1562000066041946
v   0.0774699971079826  -0.1606899946928024   0.1531600058078766
v   0.0872799977660179  -0.1598300039768219   0.1502200067043304
v   0.0968699976801872  -0.1580899953842163   0.1464300006628037
v   0.1065500006079674  -0.1561200022697449   0.1423500031232834
v   0.1147700026631355  -0.1559599936008453   0.1369400024414063
v  -0.1621100008487701  -0.1072100028395653   0.1323300004005432
v  -0.1556999981403351  -0.1114500015974045   0.1353500038385391
v  -0.1448599994182587  -0.1181600019335747   0.1397999972105026
v  -0.1386100053787231  -0.1219900026917458   0.1425600051879883
v  -0.1277000010013580  -0.1275099962949753   0.1455699950456619
v  -0.1213800013065338  -0.1305299997329712   0.1472599953413010
v  -0.1120800003409386  -0.1361500024795532   0.1502500027418137
v  -0.1048400029540062  -0.1388600021600723   0.1517399996519089
v  -0.0944200009107590  -0.1423899978399277   0.1529999971389771
v  -0.0888300016522408  -0.1456999927759171   0.1553200036287308
v  -0.0798899978399277  -0.1496199965476990   0.1570499986410141
v  -0.0723899975419045  -0.1517599970102310   0.1580699980258942
v  -0.0631899982690811  -0.1549800038337708   0.1594099998474121
v  -0.0562300011515617  -0.1574500054121018   0.1607899963855743
v  -0.0478399991989136  -0.1600199937820435   0.1619700044393539
v  -0.0402799993753433  -0.1624500006437302   0.1626899987459183
v  -0.0323400013148785  -0.1653299927711487   0.1640100032091141
v  -0.0242100004106760  -0.1677100062370300   0.1643500030040741
v  -0.0161600001156330  -0.1689299941062927   0.1638299971818924
v  -0.0071600000374019  -0.1696899980306625   0.1628700047731400
v   0.0004499999922700  -0.1708099991083145   0.1621699929237366
v   0.0102500002831221  -0.1711300015449524   0.1611600071191788
v   0.0178800001740456  -0.1710299998521805   0.1597799956798554
v   0.0280799996107817  -0.1713600009679794   0.1580999940633774
v   0.0354700013995171  -0.1712200045585632   0.1561399996280670
v   0.0459700003266335  -0.1700700074434280   0.1536400020122528
v   0.0530599988996983  -0.1692900061607361   0.1516799926757813
v   0.0645399987697601  -0.1687600016593933   0.1490799933671951
v   0.0719200000166893  -0.1682900041341782   0.1469900012016296
v   0.0834399983286858  -0.1663700044155121   0.1431200057268143
v   0.0907299965620041  -0.1653800010681152   0.1407999992370606
v   0.1032299995422363  -0.1635300070047379   0.1367699950933456
v   0.1107200011610985  -0.1624899953603745   0.1343300044536591
v  -0.1621100008487701  -0.1072100028395653   0.1323300004005432
v  -0.1556999981403351  -0.1114500015974045   0.1353500038385391
v  -0.1448599994182587  -0.1181600019335747   0.1397999972105026
v  -0.1386100053787231  -0.1219900026917458   0.1425600051879883
v  -0.1277000010013580  -0.1275099962949753   0.1455699950456619
v  -0.1213800013065338  -0.1305299997329712   0.1472599953413010
v  -0.1120800003409386  -0.1361500024795532   0.1502500027418137
v  -0.1048400029540062  -0.1388600021600723   0.1517399996519089
v  -0.0944200009107590  -0.1423899978399277   0.1529999971389771
v  -0.0888300016522408  -0.1456999927759171   0.1553200036287308
v  -0.0798899978399277  -0.1496199965476990   0.1570499986410141
v  -0.0723899975419045  -0.1517599970102310   0.1580699980258942
v  -0.0631899982690811  -0.1549800038337708   0.1594099998474121
v  -0.0562300011515617  -0.1574500054121018   0.1607899963855743
v  -0.0478399991989136  -0.1600199937820435   0.1619700044393539
v  -0.0402799993753433  -0.1624500006437302   0.1626899987459183
v  -0.0323400013148785  -0.1653299927711487   0.1640100032091141
v  -0.0242100004106760  -0.1677100062370300   0.1643500030040741
v  -0.0161600001156330  -0.1689299941062927   0.1638299971818924
v  -0.0071600000374019  -0.1696899980306625   0.1628700047731400
v   0.0004499999922700  -0.1708099991083145   0.1621699929237366
v   0.0102500002831221  -0.1711300015449524   0.1611600071191788
v   0.0178800001740456  -0.1710299998521805   0.1597799956798554
v   0.0280799996107817  -0.1713600009679794   0.1580999940633774
v   0.0354700013995171  -0.1712200045585632   0.1561399996280670
v   0.0459700003266335  -0.1700700074434280   0.1536400020122528
v   0.0530599988996983  -0.1692900061607361   0.1516799926757813
v   0.0645399987697601  -0.1687600016593933   0.1490799933671951
v   0.0719200000166893  -0.1682900041341782   0.1469900012016296
v   0.0834399983286858  -0.1663700044155121   0.1431200057268143
v   0.0907299965620041  -0.1653800010681152   0.1407999992370606
v   0.1032299995422363  -0.1635300070047379   0.1367699950933456
v   0.1107200011610985  -0.1624899953603745   0.1343300044536591
v  -0.1663399934768677  -0.1099800020456314   0.1265199929475784
v  -0.1590500026941299  -0.1168200001120567   0.1282500028610230
v  -0.1507399976253510  -0.1228400021791458   0.1320700049400330
v  -0.1424700021743774  -0.1280599981546402   0.1355600059032440
v  -0.1335500031709671  -0.1323000043630600   0.1378200054168701
v  -0.1242500022053719  -0.1363500058650971   0.1395699977874756
v  -0.1156300008296967  -0.1409399956464768   0.1416299939155579
v  -0.1073699966073036  -0.1448400020599365   0.1437299996614456
v  -0.0988800004124641  -0.1480000019073486   0.1451700031757355
v  -0.0909800007939339  -0.1519100069999695   0.1469900012016296
v  -0.0832000002264977  -0.1558600068092346   0.1490100026130676
v  -0.0750000029802322  -0.1592299938201904   0.1505199968814850
v  -0.0665299966931343  -0.1618900001049042   0.1514499932527542
v  -0.0583200007677078  -0.1647100001573563   0.1525699943304062
v  -0.0500900000333786  -0.1672399938106537   0.1534100025892258
v  -0.0417999997735024  -0.1694999933242798   0.1539199948310852
v  -0.0336499996483326  -0.1721300035715103   0.1546200066804886
v  -0.0253500007092953  -0.1746499985456467   0.1551599949598312
v  -0.0167699996381998  -0.1765799969434738   0.1552499979734421
v  -0.0079899998381734  -0.1777600049972534   0.1548999994993210
v   0.0008699999889359  -0.1781499981880188   0.1538600027561188
v   0.0098400004208088  -0.1786099970340729   0.1528300046920776
v   0.0188299994915724  -0.1782100051641464   0.1509599983692169
v   0.0278500001877546  -0.1780100017786026   0.1492500007152557
v   0.0368300005793572  -0.1772300004959106   0.1471000015735626
v   0.0459100008010864  -0.1761199980974197   0.1447200030088425
v   0.0553900003433228  -0.1756400018930435   0.1428799927234650
v   0.0650499984622002  -0.1751299947500229   0.1408099979162216
v   0.0747099965810776  -0.1741600036621094   0.1382199972867966
v   0.0843999981880188  -0.1728899925947189   0.1353099942207336
v   0.0944499969482422  -0.1717700064182282   0.1325999945402145
v   0.1045700013637543  -0.1699700057506561   0.1294600069522858
v   0.1136500015854836  -0.1665699928998947   0.1281100064516068
v  -0.1731899976730347  -0.1144500002264977   0.1166199967265129
v  -0.1639100015163422  -0.1204499974846840   0.1197900027036667
v  -0.1553300023078919  -0.1270000040531158   0.1234899982810020
v  -0.1468899995088577  -0.1316100060939789   0.1264099925756455
v  -0.1381800025701523  -0.1347700059413910   0.1286800056695938
v  -0.1275500059127808  -0.1395400017499924   0.1296599954366684
v  -0.1180699989199638  -0.1451700031757355   0.1324999928474426
v  -0.1111499965190888  -0.1496399939060211   0.1348000019788742
v  -0.1031899973750114  -0.1537400037050247   0.1370400041341782
v  -0.0942900031805039  -0.1572699993848801   0.1381600052118301
v  -0.0856200009584427  -0.1607400029897690   0.1396300047636032
v  -0.0775799974799156  -0.1646800041198731   0.1412499994039536
v  -0.0693299993872643  -0.1681099981069565   0.1427299976348877
v  -0.0605599991977215  -0.1707800030708313   0.1433500051498413
v  -0.0519299991428852  -0.1735700070858002   0.1442199945449829
v  -0.0433700010180473  -0.1761800050735474   0.1447799950838089
v  -0.0350800007581711  -0.1791599988937378   0.1455499976873398
v  -0.0263599995523691  -0.1816000044345856   0.1460700035095215
v  -0.0174100007861853  -0.1838099956512451   0.1460999995470047
v  -0.0081399995833635  -0.1842000037431717   0.1456100046634674
v   0.0011099999537691  -0.1838899999856949   0.1446000039577484
v   0.0103599997237325  -0.1846899986267090   0.1433800011873245
v   0.0197400003671646  -0.1851799935102463   0.1420499980449677
v   0.0289600007236004  -0.1848199963569641   0.1404999941587448
v   0.0381800010800362  -0.1842399984598160   0.1387400031089783
v   0.0477400012314320  -0.1830500066280365   0.1362800002098084
v   0.0574700012803078  -0.1819300055503845   0.1340599954128265
v   0.0675600022077560  -0.1811300069093704   0.1319199949502945
v   0.0776899978518486  -0.1809500008821487   0.1304100006818771
v   0.0880599990487099  -0.1803099960088730   0.1281599998474121
v   0.0980200022459030  -0.1784200072288513   0.1247299984097481
v   0.1083400025963783  -0.1760700047016144   0.1215199977159500
v   0.1189699992537499  -0.1743299961090088   0.1187099963426590
v  -0.1770700067281723  -0.1172299981117249   0.1104699969291687
v  -0.1684399992227554  -0.1240300014615059   0.1112900003790855
v  -0.1585599929094315  -0.1292299926280975   0.1134800016880035
v  -0.1506399959325790  -0.1352699995040894   0.1168799996376038
v  -0.1414400041103363  -0.1396200060844421   0.1186600029468536
v  -0.1306699961423874  -0.1428200006484985   0.1189899966120720
v  -0.1213499978184700  -0.1479700058698654   0.1211699992418289
v  -0.1142899990081787  -0.1541099995374680   0.1248800009489059
v  -0.1068300008773804  -0.1592999994754791   0.1278699934482575
v  -0.0976999998092651  -0.1629199981689453   0.1292600035667419
v  -0.0886999964714050  -0.1665900051593781   0.1305299997329712
v  -0.0801400020718575  -0.1703699976205826   0.1319400072097778
v  -0.0716200023889542  -0.1737899929285049   0.1330399960279465
v  -0.0624799989163876  -0.1760700047016144   0.1333999931812286
v  -0.0534700006246567  -0.1791699975728989   0.1343899965286255
v  -0.0448100008070469  -0.1825200021266937   0.1354800015687943
v  -0.0363200008869171  -0.1858399957418442   0.1366200000047684
v  -0.0274000000208616  -0.1882600039243698   0.1370400041341782
v  -0.0181000009179115  -0.1901600062847138   0.1370999962091446
v  -0.0084699997678399  -0.1903699934482575   0.1361200064420700
v   0.0011599999852479  -0.1900600045919418   0.1345899999141693
v   0.0107300002127886  -0.1905999928712845   0.1335999965667725
v   0.0203699991106987  -0.1917400062084198   0.1330700069665909
v   0.0300099998712540  -0.1917800009250641   0.1318500041961670
v   0.0396700017154217  -0.1909700036048889   0.1298599988222122
v   0.0495599992573261  -0.1900299936532974   0.1277599930763245
v   0.0597300007939339  -0.1891800016164780   0.1256400048732758
v   0.0701700001955032  -0.1886200010776520   0.1240800023078919
v   0.0805099979043007  -0.1873099952936173   0.1217800006270409
v   0.0911599993705750  -0.1864999979734421   0.1197699978947640
v   0.1015700027346611  -0.1844899952411652   0.1167899966239929
v   0.1122099980711937  -0.1825300008058548   0.1140900030732155
v   0.1217800006270409  -0.1785500049591065   0.1126800030469894
v  -0.1841299980878830  -0.1223599985241890   0.1012699976563454
v  -0.1733700037002564  -0.1280300021171570   0.1032800003886223
v  -0.1624200046062470  -0.1336800009012222   0.1052300035953522
v  -0.1543200016021729  -0.1390900015830994   0.1075100004673004
v  -0.1460999995470047  -0.1451199948787689   0.1096699982881546
v  -0.1356499940156937  -0.1492300033569336   0.1108800023794174
v  -0.1253899931907654  -0.1536000072956085   0.1114500015974045
v  -0.1172799989581108  -0.1581799983978272   0.1145899966359139
v  -0.1096799969673157  -0.1632899940013886   0.1179800033569336
v  -0.1004299968481064  -0.1678099930286408   0.1194399967789650
v  -0.0913399979472160  -0.1722899973392487   0.1211500018835068
v  -0.0830800011754036  -0.1767400056123734   0.1230899989604950
v  -0.0745600014925003  -0.1803999990224838   0.1244100034236908
v  -0.0650800019502640  -0.1830299943685532   0.1248700022697449
v  -0.0551399998366833  -0.1857299953699112   0.1251100003719330
v  -0.0461199991405010  -0.1887599974870682   0.1261599957942963
v  -0.0375199988484383  -0.1921100020408630   0.1274600028991699
v  -0.0283100008964539  -0.1946499943733215   0.1278399974107742
v  -0.0189299993216991  -0.1958999931812286   0.1275299936532974
v  -0.0086700003594160  -0.1973100006580353   0.1269599944353104
v   0.0013699999544770  -0.1975599974393845   0.1260000020265579
v   0.0111699998378754  -0.1983799934387207   0.1250199973583221
v   0.0209500007331371  -0.1986099928617477   0.1240800023078919
v   0.0311299990862608  -0.1988099962472916   0.1231200024485588
v   0.0409299992024899  -0.1980299949645996   0.1215199977159500
v   0.0515899993479252  -0.1977899968624115   0.1199600026011467
v   0.0621500015258789  -0.1970400065183640   0.1180199980735779
v   0.0726400017738342  -0.1953800022602081   0.1156200021505356
v   0.0829399973154068  -0.1930900067090988   0.1126200035214424
v   0.0940300002694130  -0.1919299960136414   0.1108499988913536
v   0.1048400029540062  -0.1904599964618683   0.1085800006985664
v   0.1155000030994415  -0.1879100054502487   0.1058399975299835
v   0.1258900016546249  -0.1847400069236755   0.1022699996829033
v  -0.1882199943065643  -0.1249099969863892   0.0951600000262260
v  -0.1787600070238113  -0.1318700015544891   0.0954300016164780
v  -0.1684300005435944  -0.1378200054168701   0.0974399968981743
v  -0.1589599996805191  -0.1436699926853180   0.0993999987840653
v  -0.1502999961376190  -0.1500699967145920   0.1019299998879433
v  -0.1409599930047989  -0.1556300073862076   0.1039099991321564
v  -0.1309600025415421  -0.1596300005912781   0.1048000007867813
v  -0.1209800019860268  -0.1631900072097778   0.1053299978375435
v  -0.1120000034570694  -0.1678200066089630   0.1073499992489815
v  -0.1030500009655953  -0.1727399975061417   0.1093700006604195
v  -0.0940399989485741  -0.1774300038814545   0.1112599968910217
v  -0.0858099982142448  -0.1825499981641769   0.1137999966740608
v  -0.0770199969410896  -0.1866900026798248   0.1155700013041496
v  -0.0675100013613701  -0.1901600062847138   0.1165200024843216
v  -0.0574799999594688  -0.1925099939107895   0.1165700033307076
v  -0.0476900003850460  -0.1947399973869324   0.1167799979448319
v  -0.0384000018239021  -0.1977699995040894   0.1176600009202957
v  -0.0290099997073412  -0.2010100036859512   0.1183900013566017
v  -0.0190999992191792  -0.2033600062131882   0.1184400022029877
v  -0.0087299998849630  -0.2052299976348877   0.1179800033569336
v   0.0016799999866635  -0.2064599990844727   0.1172700002789497
v   0.0117100002244115  -0.2066400051116943   0.1163000017404556
v   0.0217899996787310  -0.2066999971866608   0.1155799999833107
v   0.0323200002312660  -0.2063100039958954   0.1145299971103668
v   0.0429399982094765  -0.2058099955320358   0.1132600009441376
v   0.0537299998104572  -0.2055100053548813   0.1119899973273277
v   0.0644799992442131  -0.2041600048542023   0.1097500026226044
v   0.0748599991202354  -0.2011000066995621   0.1064499989151955
v   0.0857900008559227  -0.1992000043392181   0.1041399985551834
v   0.0968099981546402  -0.1975100040435791   0.1021900027990341
v   0.1078699976205826  -0.1959699988365173   0.1004099994897842
v   0.1188599988818169  -0.1933500021696091   0.0979600027203560
v   0.1289300024509430  -0.1887899935245514   0.0966200008988380
v  -0.1936500072479248  -0.1277800053358078   0.0843700021505356
v  -0.1836200058460236  -0.1351000070571899   0.0870499983429909
v  -0.1733399927616119  -0.1418399959802628   0.0890699997544289
v  -0.1635899990797043  -0.1479399949312210   0.0912600010633469
v  -0.1541499942541122  -0.1544000059366226   0.0938799977302551
v  -0.1450899988412857  -0.1600700020790100   0.0955400019884110
v  -0.1354999989271164  -0.1650499999523163   0.0965899974107742
v  -0.1253799945116043  -0.1692699939012528   0.0973000004887581
v  -0.1158400028944016  -0.1741299927234650   0.0983999967575073
v  -0.1067299991846085  -0.1791100054979324   0.1006100028753281
v  -0.0973900035023689  -0.1840299963951111   0.1023700013756752
v  -0.0886799991130829  -0.1884700059890747   0.1045999974012375
v  -0.0795200020074844  -0.1923000067472458   0.1063800007104874
v  -0.0696400031447411  -0.1960099935531616   0.1071700006723404
v  -0.0592899993062019  -0.1985799968242645   0.1073900014162064
v  -0.0493699982762337  -0.2014899998903275   0.1077300012111664
v  -0.0394399985671043  -0.2037400007247925   0.1081100031733513
v  -0.0294499993324280  -0.2067800015211105   0.1082099974155426
v  -0.0194700006395578  -0.2097200006246567   0.1087300032377243
v  -0.0086500002071261  -0.2116899937391281   0.1077999994158745
v   0.0024000001139939  -0.2136200070381165   0.1066199988126755
v   0.0121400002390146  -0.2126200050115585   0.1059499979019165
v   0.0220999997109175  -0.2132800072431564   0.1058000028133392
v   0.0334499999880791  -0.2144899964332581   0.1063999980688095
v   0.0450100004673004  -0.2140299975872040   0.1055999994277954
v   0.0557000003755093  -0.2125300019979477   0.1033399999141693
v   0.0661600008606911  -0.2099400013685226   0.1002200022339821
v   0.0771500021219254  -0.2070699930191040   0.0975499972701073
v   0.0887100026011467  -0.2057600021362305   0.0959400013089180
v   0.0997600033879280  -0.2034099996089935   0.0939399972558022
v   0.1108099967241287  -0.2019300013780594   0.0925099998712540
v   0.1222900003194809  -0.1990700066089630   0.0903400033712387
v   0.1330399960279465  -0.1943300068378449   0.0868399962782860
v  -0.1971700042486191  -0.1302900016307831   0.0781100019812584
v  -0.1877299994230270  -0.1377799957990646   0.0783099979162216
v  -0.1772699952125549  -0.1444199979305267   0.0799899995326996
v  -0.1676599979400635  -0.1513500064611435   0.0823599994182587
v  -0.1584299951791763  -0.1581999957561493   0.0849599987268448
v  -0.1488599926233292  -0.1642899960279465   0.0867300033569336
v  -0.1387799978256226  -0.1693300008773804   0.0876300036907196
v  -0.1295599937438965  -0.1750900000333786   0.0892999991774559
v  -0.1202699989080429  -0.1805299967527390   0.0909600034356117
v  -0.1106199994683266  -0.1854799985885620   0.0922899991273880
v  -0.1011399999260902  -0.1902599930763245   0.0939299985766411
v  -0.0918100029230118  -0.1945800036191940   0.0955300033092499
v  -0.0820700004696846  -0.1981199979782105   0.0965500026941299
v  -0.0717599987983704  -0.2016700059175491   0.0974299982190132
v  -0.0611900016665459  -0.2050999999046326   0.0979600027203560
v  -0.0507999993860722  -0.2081599980592728   0.0981300026178360
v  -0.0403300002217293  -0.2103800028562546   0.0977799966931343
v  -0.0299100000411272  -0.2131299972534180   0.0978799983859062
v  -0.0192099995911121  -0.2147600054740906   0.0973900035023689
v  -0.0085800001397729  -0.2168499976396561   0.0970899984240532
v   0.0019099999917671  -0.2191399931907654   0.0972599983215332
v   0.0124800000339746  -0.2186799943447113   0.0963800027966499
v   0.0231299996376038  -0.2193199992179871   0.0965100005269051
v   0.0344099998474121  -0.2209700047969818   0.0971399992704392
v   0.0458399988710880  -0.2204300016164780   0.0960099995136261
v   0.0567799992859364  -0.2177599966526032   0.0934699997305870
v   0.0676499977707863  -0.2147099971771240   0.0904700011014938
v   0.0793400034308434  -0.2131199985742569   0.0887499973177910
v   0.0911500006914139  -0.2116200029850006   0.0873399972915649
v   0.1027399972081184  -0.2098399996757507   0.0860100015997887
v   0.1140500009059906  -0.2074600011110306   0.0843600034713745
v   0.1250000000000000  -0.2039700001478195   0.0819099992513657
v   0.1351100057363510  -0.1986500024795532   0.0804100036621094
v  -0.2024299949407578  -0.1335400044918060   0.0684899985790253
v  -0.1921200007200241  -0.1409700065851212   0.0701899975538254
v  -0.1815800070762634  -0.1482699960470200   0.0714799985289574
v  -0.1716800034046173  -0.1548299938440323   0.0736000016331673
v  -0.1621100008487701  -0.1616799980401993   0.0757400020956993
v  -0.1526799947023392  -0.1686799973249435   0.0778499990701675
v  -0.1427299976348877  -0.1748300045728684   0.0797000005841255
v  -0.1337999999523163  -0.1808200031518936   0.0812499970197678
v  -0.1243200004100800  -0.1865600049495697   0.0825299993157387
v  -0.1143900007009506  -0.1914699971675873   0.0838399976491928
v  -0.1045600026845932  -0.1966200023889542   0.0853200033307076
v  -0.0947500020265579  -0.2003300040960312   0.0861399993300438
v  -0.0853099972009659  -0.2040600031614304   0.0871900022029877
v  -0.0738900005817413  -0.2078599929809570   0.0877600014209747
v  -0.0626699998974800  -0.2113700062036514   0.0884099975228310
v  -0.0519299991428852  -0.2141599953174591   0.0877100005745888
v  -0.0411899983882904  -0.2167100012302399   0.0871199965476990
v  -0.0303899999707937  -0.2188300043344498   0.0869000032544136
v  -0.0191699992865324  -0.2209299951791763   0.0866900011897087
v  -0.0088799996301532  -0.2229699939489365   0.0869299992918968
v   0.0015699999639764  -0.2249599993228912   0.0873700007796288
v   0.0126299997791648  -0.2254000008106232   0.0872400030493736
v   0.0237000007182360  -0.2256300002336502   0.0875300019979477
v   0.0350899994373322  -0.2256599962711334   0.0866300016641617
v   0.0463100001215935  -0.2245399951934815   0.0854900032281876
v   0.0579699985682964  -0.2230200022459030   0.0834899991750717
v   0.0692600011825562  -0.2209199965000153   0.0815000012516975
v   0.0814900025725365  -0.2191399931907654   0.0798000022768974
v   0.0936800017952919  -0.2172899991273880   0.0783699974417687
v   0.1055399999022484  -0.2158699929714203   0.0777100026607513
v   0.1171099990606308  -0.2126899957656860   0.0759499967098236
v   0.1278599947690964  -0.2089599967002869   0.0735799968242645
v   0.1381199955940247  -0.2049099951982498   0.0707800015807152
v  -0.2063200026750565  -0.1362500041723251   0.0621099993586540
v  -0.1964900046586990  -0.1441099941730499   0.0622599981725216
v  -0.1858499944210053  -0.1514399945735931   0.0637099966406822
v  -0.1757400035858154  -0.1586900055408478   0.0652500018477440
v  -0.1652500033378601  -0.1649100035429001   0.0661899968981743
v  -0.1557900011539459  -0.1720799952745438   0.0680499970912933
v  -0.1470800042152405  -0.1796600073575974   0.0704699978232384
v  -0.1379099935293198  -0.1861699968576431   0.0726099982857704
v  -0.1281899958848953  -0.1918999999761581   0.0741999968886375
v  -0.1181299984455109  -0.1972399950027466   0.0752499997615814
v  -0.1080299988389015  -0.2022600024938583   0.0762400031089783
v  -0.0977199971675873  -0.2065899968147278   0.0770099982619286
v  -0.0867799967527390  -0.2097200006246567   0.0770900025963783
v  -0.0751599967479706  -0.2123599946498871   0.0766699984669685
v  -0.0638500005006790  -0.2165399938821793   0.0770500004291534
v  -0.0529999993741512  -0.2201499938964844   0.0769900009036064
v  -0.0422899983823299  -0.2232899963855743   0.0768100023269653
v  -0.0312399994581938  -0.2250899970531464   0.0761300027370453
v  -0.0203699991106987  -0.2277200073003769   0.0765300020575523
v  -0.0095899999141693  -0.2300200015306473   0.0771600008010864
v   0.0015000000130385  -0.2302699983119965   0.0766400024294853
v   0.0126900002360344  -0.2317799925804138   0.0772799998521805
v   0.0242500007152557  -0.2325100004673004   0.0774499997496605
v   0.0360199995338917  -0.2321600019931793   0.0767799988389015
v   0.0478600002825260  -0.2310699969530106   0.0755300000309944
v   0.0597499981522560  -0.2296999990940094   0.0740099996328354
v   0.0715800002217293  -0.2273200005292893   0.0719799995422363
v   0.0836500003933907  -0.2248899936676025   0.0703800022602081
v   0.0960000008344650  -0.2233700007200241   0.0697399973869324
v   0.1080600023269653  -0.2211199998855591   0.0687500014901161
v   0.1194600015878677  -0.2175000011920929   0.0669199973344803
v   0.1305299997329712  -0.2133599966764450   0.0649899989366531
v   0.1408299952745438  -0.2076099961996079   0.0639500021934509
v  -0.2115399986505508  -0.1392599940299988   0.0526200011372566
v  -0.2010300010442734  -0.1475600004196167   0.0545199997723103
v  -0.1892199963331223  -0.1541000008583069   0.0553099997341633
v  -0.1784999966621399  -0.1606799960136414   0.0555300004780293
v  -0.1681099981069565  -0.1680700033903122   0.0566899999976158
v  -0.1588400006294251  -0.1753800064325333   0.0581299997866154
v  -0.1497099995613098  -0.1831399947404862   0.0598799996078014
v  -0.1408099979162216  -0.1899300068616867   0.0625599995255470
v  -0.1314699947834015  -0.1964900046586990   0.0651800036430359
v  -0.1217399984598160  -0.2029899954795837   0.0662100017070770
v  -0.1111399978399277  -0.2075999975204468   0.0666000023484230
v  -0.1003499999642372  -0.2124900072813034   0.0673699975013733
v  -0.0887600034475327  -0.2152599990367889   0.0670100003480911
v  -0.0766400024294853  -0.2169200032949448   0.0654599964618683
v  -0.0644199997186661  -0.2216999977827072   0.0656599998474121
v  -0.0541899986565113  -0.2263399958610535   0.0665199980139732
v  -0.0437199994921684  -0.2307800054550171   0.0666700005531311
v  -0.0325700007379055  -0.2328899949789047   0.0668499991297722
v  -0.0215000007301569  -0.2351299971342087   0.0663399994373322
v  -0.0102199995890260  -0.2369199991226196   0.0673500001430512
v   0.0008599999709986  -0.2380000054836273   0.0672599971294403
v   0.0128399999812245  -0.2399200052022934   0.0684999972581863
v   0.0246699992567301  -0.2400899976491928   0.0680200010538101
v   0.0370699986815453  -0.2386599928140640   0.0667999982833862
v   0.0494199991226196  -0.2381999939680100   0.0660900026559830
v   0.0617100000381470  -0.2370000034570694   0.0649600028991699
v   0.0738900005817413  -0.2348500043153763   0.0627299994230270
v   0.0860700011253357  -0.2319200038909912   0.0620100013911724
v   0.0983700007200241  -0.2290699928998947   0.0609499998390675
v   0.1101400032639504  -0.2256399989128113   0.0594200007617474
v   0.1216999962925911  -0.2218299955129623   0.0573999993503094
v   0.1332399994134903  -0.2175700068473816   0.0564699992537499
v   0.1441600024700165  -0.2119600027799606   0.0544699989259243
v  -0.2143799960613251  -0.1414200067520142   0.0453899987041950
v  -0.2055200040340424  -0.1509499996900559   0.0464599989354610
v  -0.1939200013875961  -0.1577100008726120   0.0465699993073940
v  -0.1824699938297272  -0.1641400009393692   0.0463999994099140
v  -0.1727200001478195  -0.1722799986600876   0.0478300005197525
v  -0.1632300019264221  -0.1800300031900406   0.0493099987506866
v  -0.1536599993705750  -0.1873199939727783   0.0509199984371662
v  -0.1435700058937073  -0.1938199996948242   0.0524800010025501
v  -0.1337199956178665  -0.2004700005054474   0.0540900006890297
v  -0.1240200027823448  -0.2070000022649765   0.0556299984455109
v  -0.1137000024318695  -0.2127099931240082   0.0564199984073639
v  -0.1025499999523163  -0.2172700017690659   0.0569100007414818
v  -0.0908500030636787  -0.2209500074386597   0.0567700006067753
v  -0.0786599963903427  -0.2239100039005280   0.0559000000357628
v  -0.0669099986553192  -0.2281699925661087   0.0557500012218952
v  -0.0561500005424023  -0.2336599975824356   0.0575300008058548
v  -0.0453299991786480  -0.2382200062274933   0.0587400011718273
v  -0.0340400002896786  -0.2413399964570999   0.0590599998831749
v  -0.0224200002849102  -0.2431900054216385   0.0587200000882149
v  -0.0107399998232722  -0.2448000013828278   0.0589100010693073
v   0.0010799999581650  -0.2465199977159500   0.0594299994409084
v   0.0132999997586012  -0.2477599978446960   0.0597600005567074
v   0.0258099995553494  -0.2475399971008301   0.0591499991714954
v   0.0383800007402897  -0.2460100054740906   0.0576499998569489
v   0.0509900003671646  -0.2445300072431564   0.0565400011837482
v   0.0633800029754639  -0.2430800050497055   0.0555500015616417
v   0.0757500007748604  -0.2412700057029724   0.0545299984514713
v   0.0877799987792969  -0.2366700023412705   0.0525100007653236
v   0.1001100018620491  -0.2329799979925156   0.0512799993157387
v   0.1123799979686737  -0.2302100062370300   0.0504000000655651
v   0.1239999979734421  -0.2260199934244156   0.0490599982440472
v   0.1358000040054321  -0.2217099964618683   0.0480999983847141
v   0.1461099982261658  -0.2146899998188019   0.0470700003206730
v  -0.2193699926137924  -0.1447499990463257   0.0366600006818771
v  -0.2099899947643280  -0.1546400040388107   0.0383800007402897
v  -0.1988900005817413  -0.1621000021696091   0.0384100005030632
v  -0.1873700022697449  -0.1688300073146820   0.0383000001311302
v  -0.1771599948406220  -0.1768900007009506   0.0390600003302097
v  -0.1676499992609024  -0.1846700012683868   0.0406100004911423
v  -0.1580200046300888  -0.1921699941158295   0.0416299998760223
v  -0.1465999931097031  -0.1978400051593781   0.0425999984145165
v  -0.1349900066852570  -0.2032800018787384   0.0432099997997284
v  -0.1253699958324432  -0.2096100002527237   0.0443600006401539
v  -0.1154600009322166  -0.2160100042819977   0.0454199984669685
v  -0.1040299981832504  -0.2208099961280823   0.0457100011408329
v  -0.0929000005126000  -0.2257400006055832   0.0460899993777275
v  -0.0813300013542175  -0.2310699969530106   0.0467399992048740
v  -0.0693200007081032  -0.2356400042772293   0.0469200015068054
v  -0.0582600012421608  -0.2405699938535690   0.0486100018024445
v  -0.0469699986279011  -0.2458900064229965   0.0507000014185905
v  -0.0354099981486797  -0.2489999979734421   0.0507600009441376
v  -0.0234299991279840  -0.2513700127601624   0.0508599989116192
v  -0.0112800002098084  -0.2533000111579895   0.0511399991810322
v   0.0010799999581650  -0.2542000114917755   0.0512400008738041
v   0.0138900000602007  -0.2553099989891052   0.0509000010788441
v   0.0267999991774559  -0.2561999857425690   0.0506700016558170
v   0.0401800014078617  -0.2543700039386749   0.0491899996995926
v   0.0526000000536442  -0.2502300143241882   0.0463199988007546
v   0.0643699988722801  -0.2469999939203262   0.0449500009417534
v   0.0762199983000755  -0.2441399991512299   0.0440099984407425
v   0.0888499990105629  -0.2393700033426285   0.0419900007545948
v   0.1017099991440773  -0.2354100048542023   0.0407299995422363
v   0.1141299977898598  -0.2335599958896637   0.0408300012350082
v   0.1262400001287460  -0.2303200066089630   0.0402700006961823
v   0.1375000029802322  -0.2245199978351593   0.0392899997532368
v   0.1483599990606308  -0.2179699987173080   0.0375699996948242
v  -0.2222599983215332  -0.1471199989318848   0.0287699997425079
v  -0.2135400027036667  -0.1573400050401688   0.0296100005507469
v  -0.2030600011348724  -0.1659400016069412   0.0303000006824732
v  -0.1913699954748154  -0.1726800054311752   0.0296700000762939
v  -0.1807399988174439  -0.1802400052547455   0.0300900004804134
v  -0.1711100041866303  -0.1883099973201752   0.0313500016927719
v  -0.1611800044775009  -0.1958100050687790   0.0325799994170666
v  -0.1501300036907196  -0.2020599991083145   0.0331100001931191
v  -0.1386999934911728  -0.2076199948787689   0.0332099981606007
v  -0.1279200017452240  -0.2137800008058548   0.0339500010013580
v  -0.1170699968934059  -0.2196799963712692   0.0345100015401840
v  -0.1057799980044365  -0.2249799966812134   0.0348200015723705
v  -0.0946400016546249  -0.2307099997997284   0.0355099998414516
v  -0.0833799988031387  -0.2364400029182434   0.0363800004124641
v  -0.0720200017094612  -0.2419500052928925   0.0375399999320507
v  -0.0605400018393993  -0.2470899969339371   0.0389200001955032
v  -0.0487000010907650  -0.2514300048351288   0.0397399999201298
v  -0.0363700017333031  -0.2541700005531311   0.0400200001895428
v  -0.0239599999040365  -0.2568599879741669   0.0401900000870228
v  -0.0111999996006489  -0.2578499913215637   0.0401399992406368
v   0.0015800000401214  -0.2587899863719940   0.0399800017476082
v   0.0144199999049306  -0.2604199945926666   0.0398800000548363
v   0.0275199990719557  -0.2610200047492981   0.0391700007021427
v   0.0407700017094612  -0.2595300078392029   0.0383299998939037
v   0.0535099990665913  -0.2559399902820587   0.0366300009191036
v   0.0657199993729591  -0.2520599961280823   0.0348699986934662
v   0.0779400020837784  -0.2480899989604950   0.0333399996161461
v   0.0903699994087219  -0.2432699948549271   0.0317000001668930
v   0.1029699966311455  -0.2389200031757355   0.0305799990892410
v   0.1158199980854988  -0.2371200025081635   0.0313699990510941
v   0.1280000060796738  -0.2336899936199188   0.0316600017249584
v   0.1388200074434280  -0.2267999947071075   0.0306599996984005
v   0.1491000056266785  -0.2189700007438660   0.0301099997013807
v  -0.2254000008106232  -0.1492599993944168   0.0193199999630451
v  -0.2165499925613403  -0.1596200019121170   0.0207299999892712
v  -0.2064899951219559  -0.1691399961709976   0.0212799999862909
v  -0.1946199983358383  -0.1757200062274933   0.0207800008356571
v  -0.1834499984979630  -0.1832399964332581   0.0203200001269579
v  -0.1736399978399277  -0.1910199970006943   0.0217099990695715
v  -0.1645999997854233  -0.1995099931955338   0.0234099999070168
v  -0.1545999944210053  -0.2079000025987625   0.0245799999684095
v  -0.1434600055217743  -0.2142000049352646   0.0247300006449223
v  -0.1314799934625626  -0.2195499986410141   0.0245200004428625
v  -0.1194399967789650  -0.2243199944496155   0.0241100005805492
v  -0.1080700010061264  -0.2298900038003922   0.0243999995291233
v  -0.0970200002193451  -0.2366400063037872   0.0250899996608496
v  -0.0857400000095367  -0.2420800030231476   0.0261000003665686
v  -0.0743900015950203  -0.2479999959468842   0.0271700005978346
v  -0.0621500015258789  -0.2525399923324585   0.0280600003898144
v  -0.0495899990200996  -0.2542699873447418   0.0279600005596876
v  -0.0368800014257431  -0.2563900053501129   0.0279600005596876
v  -0.0238799992948771  -0.2581900060176849   0.0279900003224611
v  -0.0109200002625585  -0.2587699890136719   0.0279900003224611
v   0.0022700000554323  -0.2594299912452698   0.0279900003224611
v   0.0148799996823072  -0.2606300115585327   0.0276299994438887
v   0.0277900006622076  -0.2609600126743317   0.0269099995493889
v   0.0410099998116493  -0.2603699862957001   0.0264899991452694
v   0.0542699992656708  -0.2597300112247467   0.0256099998950958
v   0.0670000016689301  -0.2566300034523010   0.0247600004076958
v   0.0797099992632866  -0.2535299956798554   0.0234500002115965
v   0.0925799980759621  -0.2494499981403351   0.0227899998426437
v   0.1056699976325035  -0.2449900060892105   0.0215600002557039
v   0.1175799965858460  -0.2412900030612946   0.0222999993711710
v   0.1295499950647354  -0.2372500002384186   0.0227099992334843
v   0.1405799984931946  -0.2295300066471100   0.0223299991339445
v   0.1500300019979477  -0.2200399935245514   0.0214699991047382
v  -0.2277200073003769  -0.1509100049734116   0.0113099999725819
v  -0.2186100035905838  -0.1610299944877625   0.0117199998348951
v  -0.2089799940586090  -0.1707700043916702   0.0122199999168515
v  -0.1979400068521500  -0.1787499934434891   0.0121999997645617
v  -0.1866700053215027  -0.1859599947929382   0.0120000001043081
v  -0.1768900007009506  -0.1945199966430664   0.0126799996942282
v  -0.1670800000429153  -0.2028699964284897   0.0133999995887280
v  -0.1571100056171417  -0.2112700045108795   0.0140399998053908
v  -0.1464000046253204  -0.2188799977302551   0.0144600002095103
v  -0.1345500051975250  -0.2245800048112869   0.0143600003793836
v  -0.1219500005245209  -0.2285799980163574   0.0137000000104308
v  -0.1103499978780747  -0.2342700064182282   0.0137700000777841
v  -0.0992000028491020  -0.2408300042152405   0.0143699999898672
v  -0.0877700001001358  -0.2470099925994873   0.0152700003236532
v  -0.0756800025701523  -0.2520099878311157   0.0160399992018938
v  -0.0629699975252152  -0.2550300061702728   0.0162300001829863
v  -0.0499899983406067  -0.2559800148010254   0.0160499997437000
v  -0.0369799993932247  -0.2563599944114685   0.0158200003206730
v  -0.0239400006830692  -0.2570300102233887   0.0157600007951260
v  -0.0108700003474951  -0.2574099898338318   0.0160499997437000
v   0.0022100000642240  -0.2580400109291077   0.0162000004202127
v   0.0152500001713634  -0.2590799927711487   0.0161400008946657
v   0.0282899998128414  -0.2603099942207336   0.0157699994742870
v   0.0414300002157688  -0.2602800130844116   0.0153700001537800
v   0.0546099990606308  -0.2605400085449219   0.0148200001567602
v   0.0678599998354912  -0.2594000101089478   0.0143799996003509
v   0.0811000019311905  -0.2577199935913086   0.0140500003471971
v   0.0941400006413460  -0.2546100020408630   0.0136099997907877
v   0.1067200005054474  -0.2500100135803223   0.0131900003179908
v   0.1192099973559380  -0.2454800009727478   0.0133300004526973
v   0.1312000006437302  -0.2398400008678436   0.0137200001627207
v   0.1419800072908402  -0.2317499965429306   0.0135700004175305
v   0.1511999964714050  -0.2218399941921234   0.0132299996912479
v  -0.2294400036334992  -0.1518400013446808   0.0023399998899549
v  -0.2202599942684174  -0.1620599925518036   0.0028399999719113
v  -0.2108200043439865  -0.1717199981212616   0.0030600000172853
v  -0.1998499929904938  -0.1802600026130676   0.0030600000172853
v  -0.1887300014495850  -0.1877900063991547   0.0028699999675155
v  -0.1797900050878525  -0.1976100057363510   0.0032899999059737
v  -0.1691800057888031  -0.2056999951601028   0.0032099999953061
v  -0.1579200029373169  -0.2124399989843369   0.0028999999631196
v  -0.1476999968290329  -0.2206200063228607   0.0026599999982864
v  -0.1357800066471100  -0.2265399992465973   0.0030000000260770
v  -0.1243200004100800  -0.2328400015830994   0.0032200000714511
v  -0.1123500019311905  -0.2381100058555603   0.0029200001154095
v  -0.1004600003361702  -0.2429900020360947   0.0024200000334531
v  -0.0892300009727478  -0.2501899898052216   0.0037199999205768
v  -0.0761300027370453  -0.2537299990653992   0.0042699999175966
v  -0.0630600005388260  -0.2548699975013733   0.0040799998678267
v  -0.0503900013864040  -0.2563999891281128   0.0040600001811981
v  -0.0370300002396107  -0.2554599940776825   0.0038900000508875
v  -0.0240199994295836  -0.2554599940776825   0.0035000001080334
v  -0.0109200002625585  -0.2565999925136566   0.0041800001636148
v   0.0021800000686198  -0.2559300065040588   0.0047900001518428
v   0.0154100004583597  -0.2570199966430664   0.0048000002279878
v   0.0289200004190207  -0.2578999996185303   0.0051299999468029
v   0.0417400002479553  -0.2586100101470947   0.0043799998238683
v   0.0547499991953373  -0.2601599991321564   0.0037700000684708
v   0.0683000013232231  -0.2614400088787079   0.0037499999161810
v   0.0820999965071678  -0.2602800130844116   0.0038499999791384
v   0.0945200026035309  -0.2563099861145020   0.0033700000494719
v   0.1069900020956993  -0.2525399923324585   0.0032299999147654
v   0.1199999973177910  -0.2476200014352799   0.0036800000816584
v   0.1318999975919724  -0.2414000034332275   0.0039900001138449
v   0.1423200070858002  -0.2325199991464615   0.0042599998414516
v   0.1518799960613251  -0.2225099951028824   0.0044300002045929
v  -0.2311599999666214  -0.1533900052309036  -0.0058599999174476
v  -0.2217800021171570  -0.1633699983358383  -0.0058900001458824
v  -0.2119199931621552  -0.1729699969291687  -0.0059400000609457
v  -0.2005999982357025  -0.1808799952268601  -0.0063399998471141
v  -0.1896899938583374  -0.1890500038862228  -0.0066200001165271
v  -0.1801999956369400  -0.1984400004148483  -0.0069200000725687
v  -0.1701699942350388  -0.2070299983024597  -0.0073799998499453
v  -0.1587399989366531  -0.2138500064611435  -0.0076999999582767
v  -0.1478800028562546  -0.2212699949741364  -0.0080000003799796
v  -0.1363400071859360  -0.2277500033378601  -0.0081500001251698
v  -0.1248800009489059  -0.2342000007629395  -0.0083200000226498
v  -0.1131500005722046  -0.2393099963665009  -0.0085500003769994
v  -0.1015200018882752  -0.2447900027036667  -0.0086399996653199
v  -0.0898900032043457  -0.2521800100803375  -0.0082900002598763
v  -0.0763600021600723  -0.2543399930000305  -0.0081700002774596
v  -0.0630500018596649  -0.2538700103759766  -0.0079600000753999
v  -0.0500500015914440  -0.2541399896144867  -0.0078400000929832
v  -0.0369599983096123  -0.2539800107479096  -0.0077100000344217
v  -0.0239199995994568  -0.2550700008869171  -0.0076600001193583
v  -0.0110200000926852  -0.2564899921417236  -0.0074900002218783
v   0.0020600000862032  -0.2554000020027161  -0.0071499999612570
v   0.0152799999341369  -0.2550399899482727  -0.0068399999290705
v   0.0285999998450279  -0.2551400065422058  -0.0065999999642372
v   0.0417900010943413  -0.2564699947834015  -0.0066900001838803
v   0.0548899993300438  -0.2594900131225586  -0.0071200001984835
v   0.0684299990534782  -0.2613700032234192  -0.0073699997738004
v   0.0820700004696846  -0.2613599896430969  -0.0073899999260902
v   0.0949800014495850  -0.2576900124549866  -0.0071600000374019
v   0.1075799986720085  -0.2530399858951569  -0.0068000000901520
v   0.1201699972152710  -0.2477200031280518  -0.0063000000081956
v   0.1321700066328049  -0.2414599955081940  -0.0056900000199676
v   0.1425999999046326  -0.2329300045967102  -0.0050599998794496
v   0.1522199958562851  -0.2233200073242188  -0.0047399997711182
v  -0.2323199957609177  -0.1542399972677231  -0.0141399996355176
v  -0.2222899943590164  -0.1639499962329865  -0.0148099996149540
v  -0.2124000042676926  -0.1733800023794174  -0.0151000004261732
v  -0.2009599953889847  -0.1816699951887131  -0.0158200003206730
v  -0.1897400021553040  -0.1896599978208542  -0.0162099990993738
v  -0.1790399998426437  -0.1973000019788742  -0.0171000007539988
v  -0.1690499931573868  -0.2058400064706802  -0.0178800001740456
v  -0.1590999960899353  -0.2144300043582916  -0.0185400005429983
v  -0.1480399966239929  -0.2217500060796738  -0.0188200008124113
v  -0.1365000009536743  -0.2287600040435791  -0.0194700006395578
v  -0.1241099983453751  -0.2335900068283081  -0.0197199992835522
v  -0.1128600016236305  -0.2388100028038025  -0.0201099999248981
v  -0.1024399995803833  -0.2450599968433380  -0.0203399993479252
v  -0.0895600020885468  -0.2509300112724304  -0.0205499995499849
v  -0.0758899971842766  -0.2523800134658814  -0.0203600004315376
v  -0.0628300011157990  -0.2522400021553040  -0.0199400000274181
v  -0.0498600006103516  -0.2516300082206726  -0.0195000004023314
v  -0.0367400012910366  -0.2522499859333038  -0.0192699991166592
v  -0.0236699990928173  -0.2536900043487549  -0.0189100001007319
v  -0.0109500000253320  -0.2541800141334534  -0.0190200004726648
v   0.0017099999822676  -0.2545000016689301  -0.0189100001007319
v   0.0148600004613400  -0.2537299990653992  -0.0185300000011921
v   0.0282199997454882  -0.2538999915122986  -0.0184599999338388
v   0.0415199995040894  -0.2542900145053864  -0.0177599992603064
v   0.0550099983811379  -0.2561700046062470  -0.0174499992281199
v   0.0680899992585182  -0.2584699988365173  -0.0182399991899729
v   0.0818400010466576  -0.2589899897575378  -0.0185000002384186
v   0.0947299972176552  -0.2566399872303009  -0.0179900005459785
v   0.1075500026345253  -0.2526099979877472  -0.0170099996030331
v   0.1201400011777878  -0.2474000006914139  -0.0164599996060133
v   0.1318600028753281  -0.2404900044202805  -0.0153999999165535
v   0.1424500048160553  -0.2325299978256226  -0.0144199999049306
v   0.1521700024604797  -0.2234199941158295  -0.0130500001832843
v  -0.2307000011205673  -0.1534299999475479  -0.0237499997019768
v  -0.2216700017452240  -0.1637499928474426  -0.0241700001060963
v  -0.2114599943161011  -0.1731099933385849  -0.0251499991863966
v  -0.2000299990177155  -0.1809300035238266  -0.0256600007414818
v  -0.1882600039243698  -0.1879000067710877  -0.0262800008058548
v  -0.1780900061130524  -0.1965200006961823  -0.0274100005626678
v  -0.1673399955034256  -0.2040500044822693  -0.0282600000500679
v  -0.1575500071048737  -0.2126200050115585  -0.0293199997395277
v  -0.1476500034332275  -0.2213000059127808  -0.0305300001055002
v  -0.1360300034284592  -0.2279399931430817  -0.0310600008815527
v  -0.1235700026154518  -0.2324399948120117  -0.0312300007790327
v  -0.1120499968528748  -0.2377299964427948  -0.0317299999296665
v  -0.1013299971818924  -0.2444999963045120  -0.0324500016868115
v  -0.0886399969458580  -0.2482800036668778  -0.0325499996542931
v  -0.0754500031471252  -0.2506400048732758  -0.0324000008404255
v  -0.0624400004744530  -0.2508099973201752  -0.0318499989807606
v  -0.0495800003409386  -0.2506299912929535  -0.0314900018274784
v  -0.0365400016307831  -0.2511500120162964  -0.0311099998652935
v  -0.0235300008207560  -0.2512600123882294  -0.0308100003749132
v  -0.0108599998056889  -0.2520299851894379  -0.0306899994611740
v   0.0017399999778718  -0.2521100044250488  -0.0303899999707937
v   0.0144999995827675  -0.2515200078487396  -0.0298599991947413
v   0.0275500006973743  -0.2513999938964844  -0.0293400008231401
v   0.0407599993050098  -0.2517600059509277  -0.0286999996751547
v   0.0540300011634827  -0.2526899874210358  -0.0283599998801947
v   0.0672499984502792  -0.2545599937438965  -0.0287500005215406
v   0.0804599970579147  -0.2547599971294403  -0.0287500005215406
v   0.0935600027441979  -0.2532899975776672  -0.0283799991011620
v   0.1063700020313263  -0.2496799975633621  -0.0274899993091822
v   0.1190600022673607  -0.2451699972152710  -0.0265800002962351
v   0.1307799965143204  -0.2385900020599365  -0.0251899994909763
v   0.1418299973011017  -0.2311599999666214  -0.0238799992948771
v   0.1526499986648560  -0.2232699990272522  -0.0232200007885695
v  -0.2289199978113174  -0.1521999984979630  -0.0320300012826920
v  -0.2197100073099136  -0.1625099927186966  -0.0336900018155575
v  -0.2088499963283539  -0.1708199977874756  -0.0342999994754791
v  -0.1976799964904785  -0.1787000000476837  -0.0354200005531311
v  -0.1870499998331070  -0.1870100051164627  -0.0365099981427193
v  -0.1765300035476685  -0.1948900073766708  -0.0377999991178513
v  -0.1655399948358536  -0.2023800015449524  -0.0386799983680248
v  -0.1562400013208389  -0.2106200009584427  -0.0403200015425682
v  -0.1464300006628037  -0.2191399931907654  -0.0417999997735024
v  -0.1342799961566925  -0.2249999940395355  -0.0423300005495548
v  -0.1220899969339371  -0.2305900007486343  -0.0426400005817413
v  -0.1110799983143807  -0.2359700053930283  -0.0434800013899803
v  -0.1001499965786934  -0.2423000037670136  -0.0444100014865398
v  -0.0874599963426590  -0.2459799945354462  -0.0446199998259544
v  -0.0745100006461144  -0.2478599995374680  -0.0441399998962879
v  -0.0617699995636940  -0.2484000027179718  -0.0436200015246868
v  -0.0495099984109402  -0.2502200007438660  -0.0432699993252754
v  -0.0362000018358231  -0.2498800009489059  -0.0430699996650219
v  -0.0230700001120567  -0.2482099980115891  -0.0425300002098084
v  -0.0107599999755621  -0.2493000030517578  -0.0422400012612343
v   0.0015399999683723  -0.2495000064373016  -0.0418599992990494
v   0.0141000002622604  -0.2497300058603287  -0.0411700010299683
v   0.0266699995845556  -0.2484399974346161  -0.0399999991059303
v   0.0397799983620644  -0.2476900070905685  -0.0392099991440773
v   0.0530899986624718  -0.2493299990892410  -0.0392800010740757
v   0.0660599991679192  -0.2495799958705902  -0.0389499999582768
v   0.0790800005197525  -0.2501200139522553  -0.0386199988424778
v   0.0920799970626831  -0.2496100068092346  -0.0387899987399578
v   0.1046999990940094  -0.2458799928426743  -0.0373700000345707
v   0.1171400025486946  -0.2412800043821335  -0.0362799987196922
v   0.1290400028228760  -0.2356200069189072  -0.0346399992704392
v   0.1405400037765503  -0.2287999987602234  -0.0333099998533726
v   0.1515299975872040  -0.2213999927043915  -0.0316499993205071
v  -0.2258999943733215  -0.1505199968814850  -0.0423900000751019
v  -0.2167699933052063  -0.1603199988603592  -0.0430000014603138
v  -0.2059099972248077  -0.1684399992227554  -0.0440700016915798
v  -0.1953299939632416  -0.1766600012779236  -0.0454099997878075
v  -0.1847400069236755  -0.1845899969339371  -0.0467200018465519
v  -0.1749099940061569  -0.1929000020027161  -0.0483999997377396
v  -0.1647700071334839  -0.2005299925804138  -0.0497599989175797
v  -0.1538300067186356  -0.2071799933910370  -0.0509000010788441
v  -0.1436599940061569  -0.2151000052690506  -0.0525300018489361
v  -0.1323699951171875  -0.2216899991035461  -0.0536100007593632
v  -0.1207299977540970  -0.2270399928092957  -0.0543899983167648
v  -0.1093799993395805  -0.2321899980306625  -0.0550299994647503
v  -0.0980100035667419  -0.2373300045728684  -0.0559899993240833
v  -0.0861700028181076  -0.2423799932003021  -0.0564900003373623
v  -0.0734599977731705  -0.2446399927139282  -0.0559699982404709
v  -0.0609700009226799  -0.2460100054740906  -0.0556100010871887
v  -0.0484500005841255  -0.2474499940872192  -0.0555000007152557
v  -0.0357800014317036  -0.2463800013065338  -0.0545900017023087
v  -0.0231800004839897  -0.2453300058841705  -0.0538199990987778
v  -0.0108099998906255  -0.2460100054740906  -0.0534799993038178
v   0.0013999999500811  -0.2459200024604797  -0.0527499988675118
v   0.0136700002476573  -0.2460699975490570  -0.0520300008356571
v   0.0261700004339218  -0.2455199956893921  -0.0511000007390976
v   0.0389400012791157  -0.2436800003051758  -0.0498199984431267
v   0.0519299991428852  -0.2437700033187866  -0.0494600012898445
v   0.0646900013089180  -0.2447800040245056  -0.0492799989879131
v   0.0772799998521805  -0.2448199987411499  -0.0488299988210201
v   0.0901599973440170  -0.2446399927139282  -0.0486899986863136
v   0.1028300002217293  -0.2416500002145767  -0.0475599989295006
v   0.1153300032019615  -0.2375999987125397  -0.0461600013077259
v   0.1272799968719482  -0.2321099936962128  -0.0444100014865398
v   0.1386899948120117  -0.2256399989128113  -0.0425099991261959
v   0.1492699980735779  -0.2181300073862076  -0.0415100008249283
v  -0.2224099934101105  -0.1482200026512146  -0.0498300008475781
v  -0.2137099951505661  -0.1581099927425385  -0.0524699985980988
v  -0.2039899975061417  -0.1673700064420700  -0.0543799996376038
v  -0.1928600072860718  -0.1748600006103516  -0.0557000003755093
v  -0.1820700019598007  -0.1821600049734116  -0.0568999983370304
v  -0.1721599996089935  -0.1894599944353104  -0.0586900003254414
v  -0.1620000004768372  -0.1961899995803833  -0.0599000006914139
v  -0.1512400060892105  -0.2032999992370606  -0.0614500008523464
v  -0.1407400071620941  -0.2105100005865097  -0.0628800019621849
v  -0.1293900012969971  -0.2168900072574616  -0.0641599968075752
v  -0.1180299967527390  -0.2220499962568283  -0.0647699981927872
v  -0.1070099994540215  -0.2267400026321411  -0.0657799988985062
v  -0.0959800034761429  -0.2317000031471252  -0.0671999976038933
v  -0.0845799967646599  -0.2375900000333786  -0.0678900033235550
v  -0.0721699967980385  -0.2414599955081940  -0.0676999986171722
v  -0.0597900003194809  -0.2430800050497055  -0.0676800012588501
v  -0.0475400015711784  -0.2421399950981140  -0.0666700005531311
v  -0.0352200008928776  -0.2416999936103821  -0.0657000020146370
v  -0.0230299998074770  -0.2413900047540665  -0.0648399963974953
v  -0.0107899997383356  -0.2415599972009659  -0.0642400011420250
v   0.0012000000569969  -0.2416699975728989  -0.0635000020265579
v   0.0132299996912479  -0.2412000000476837  -0.0625199973583221
v   0.0251899994909763  -0.2407100051641464  -0.0614299997687340
v   0.0380199998617172  -0.2390999943017960  -0.0602600015699863
v   0.0509199984371662  -0.2389300018548966  -0.0597099997103214
v   0.0631600022315979  -0.2405299991369247  -0.0598700009286404
v   0.0754399970173836  -0.2408300042152405  -0.0592800006270409
v   0.0879399999976158  -0.2387399971485138  -0.0581899993121624
v   0.1002599969506264  -0.2359399944543839  -0.0564000010490418
v   0.1127000004053116  -0.2319200038909912  -0.0549999997019768
v   0.1251100003719330  -0.2280399948358536  -0.0534799993038178
v   0.1367100030183792  -0.2223100066184998  -0.0516900010406971
v   0.1476500034332275  -0.2155299931764603  -0.0491599999368191
v  -0.2179300040006638  -0.1453700065612793  -0.0599999986588955
v  -0.2098599970340729  -0.1553899943828583  -0.0616700015962124
v  -0.1997800022363663  -0.1636800020933151  -0.0639500021934509
v  -0.1891199946403503  -0.1711400002241135  -0.0652799978852272
v  -0.1785999983549118  -0.1782400012016296  -0.0668900012969971
v  -0.1677300035953522  -0.1844300031661987  -0.0680600032210350
v  -0.1577100008726120  -0.1915100067853928  -0.0698800012469292
v  -0.1481900066137314  -0.1993899941444397  -0.0721900016069412
v  -0.1375299990177155  -0.2057500034570694  -0.0735500007867813
v  -0.1263400018215179  -0.2109600007534027  -0.0741399973630905
v  -0.1151800006628037  -0.2158900052309036  -0.0747999995946884
v  -0.1040600016713142  -0.2208299934864044  -0.0757599994540215
v  -0.0928099974989891  -0.2256799936294556  -0.0765900015830994
v  -0.0820199996232987  -0.2314199954271317  -0.0782200023531914
v  -0.0707300007343292  -0.2361799925565720  -0.0794000029563904
v  -0.0586399994790554  -0.2381799966096878  -0.0790899991989136
v  -0.0465000011026859  -0.2375700026750565  -0.0778400003910065
v  -0.0346000008285046  -0.2362200021743774  -0.0763700008392334
v  -0.0226300004869699  -0.2362699955701828  -0.0754899978637695
v  -0.0107300002127886  -0.2366199940443039  -0.0748699977993965
v   0.0011099999537691  -0.2366999983787537  -0.0741299986839294
v   0.0130399996414781  -0.2363000065088272  -0.0732299983501434
v   0.0248199999332428  -0.2335000038146973  -0.0708699971437454
v   0.0370399989187717  -0.2329699993133545  -0.0700400024652481
v   0.0492700003087521  -0.2352699935436249  -0.0706799998879433
v   0.0615300014615059  -0.2364400029182434  -0.0707599967718124
v   0.0737999975681305  -0.2357199937105179  -0.0699200034141541
v   0.0855899974703789  -0.2323399931192398  -0.0675399973988533
v   0.0973500013351440  -0.2284000068902969  -0.0649100020527840
v   0.1095900014042854  -0.2250099927186966  -0.0630600005388260
v   0.1221100017428398  -0.2223200052976608  -0.0620700009167194
v   0.1340100020170212  -0.2179600000381470  -0.0603500008583069
v   0.1448799967765808  -0.2117200046777725  -0.0593799985945225
v  -0.2142599970102310  -0.1430100053548813  -0.0670799985527992
v  -0.2049099951982498  -0.1518699973821640  -0.0701500028371811
v  -0.1945600062608719  -0.1593199968338013  -0.0718199983239174
v  -0.1841199994087219  -0.1662700027227402  -0.0737899988889694
v  -0.1742399930953980  -0.1736299991607666  -0.0762699991464615
v  -0.1638800054788590  -0.1802099943161011  -0.0779900029301643
v  -0.1530800014734268  -0.1863600015640259  -0.0795200020074844
v  -0.1430100053548813  -0.1925199925899506  -0.0805199965834618
v  -0.1326700001955032  -0.1985100060701370  -0.0815099999308586
v  -0.1222800016403198  -0.2036699950695038  -0.0828099995851517
v  -0.1118799969553947  -0.2088000029325485  -0.0842700004577637
v  -0.1006399989128113  -0.2139900028705597  -0.0849199965596199
v  -0.0894299969077110  -0.2194299995899200  -0.0854599997401238
v  -0.0793000012636185  -0.2244399935007095  -0.0879499986767769
v  -0.0687600001692772  -0.2294999957084656  -0.0900100022554398
v  -0.0571999996900559  -0.2322099953889847  -0.0899500027298927
v  -0.0454300008714199  -0.2329899966716766  -0.0887999981641769
v  -0.0338100008666515  -0.2321099936962128  -0.0876099988818169
v  -0.0220699999481440  -0.2314999997615814  -0.0863400027155876
v  -0.0104700000956655  -0.2316599935293198  -0.0856299996376038
v   0.0009200000204146  -0.2311400026082993  -0.0845099985599518
v   0.0127499997615814  -0.2301799952983856  -0.0833199992775917
v   0.0244900006800890  -0.2277300059795380  -0.0813900008797646
v   0.0360900014638901  -0.2282599955797195  -0.0807799994945526
v   0.0476300008594990  -0.2301899939775467  -0.0810099989175797
v   0.0596799999475479  -0.2297700047492981  -0.0802500024437904
v   0.0715100020170212  -0.2282000035047531  -0.0785299986600876
v   0.0831699967384338  -0.2257000058889389  -0.0766699984669685
v   0.0947500020265579  -0.2225500047206879  -0.0746200010180473
v   0.1068900004029274  -0.2191199958324432  -0.0719500035047531
v   0.1191700026392937  -0.2167299985885620  -0.0702600032091141
v   0.1309500038623810  -0.2130499929189682  -0.0687199980020523
v   0.1418099999427795  -0.2076800018548966  -0.0656400024890900
v  -0.2087900042533875  -0.1396699994802475  -0.0777399986982346
v  -0.1996999979019165  -0.1480100005865097  -0.0784299969673157
v  -0.1891299933195114  -0.1548999994993210  -0.0801500007510185
v  -0.1787499934434891  -0.1614799946546555  -0.0819900035858154
v  -0.1691000014543533  -0.1684799939393997  -0.0847499966621399
v  -0.1591400057077408  -0.1750600039958954  -0.0868199989199638
v  -0.1482100039720535  -0.1802700012922287  -0.0873500034213066
v  -0.1380800008773804  -0.1857800036668778  -0.0884400010108948
v  -0.1282600015401840  -0.1913599967956543  -0.0898300036787987
v  -0.1181600019335747  -0.1964599937200546  -0.0910499989986420
v  -0.1081700026988983  -0.2022099941968918  -0.0931600034236908
v  -0.0968099981546402  -0.2061699926853180  -0.0932599976658821
v  -0.0853599980473518  -0.2101099938154221  -0.0933300033211708
v  -0.0754799991846085  -0.2155099958181381  -0.0959599986672401
v  -0.0660900026559830  -0.2210800051689148  -0.0988499969244003
v  -0.0553699992597103  -0.2245199978351593  -0.0996299982070923
v  -0.0441799983382225  -0.2265300005674362  -0.0994599983096123
v  -0.0328000001609325  -0.2269199937582016  -0.0985400006175041
v  -0.0213500000536442  -0.2270199954509735  -0.0975600033998489
v  -0.0099600004032254  -0.2276100069284439  -0.0969500020146370
v   0.0012199999764562  -0.2261900007724762  -0.0953200012445450
v   0.0122699998319149  -0.2236900031566620  -0.0932200029492378
v   0.0236600004136562  -0.2234899997711182  -0.0923700034618378
v   0.0350399985909462  -0.2241899967193604  -0.0918700024485588
v   0.0463600009679794  -0.2236000001430512  -0.0906900018453598
v   0.0575900003314018  -0.2216199934482575  -0.0884300023317337
v   0.0688700005412102  -0.2197999954223633  -0.0861399993300438
v   0.0803399980068207  -0.2178799957036972  -0.0843999981880188
v   0.0920300036668778  -0.2157299965620041  -0.0825899988412857
v   0.1041100025177002  -0.2137899994850159  -0.0810299962759018
v   0.1164000034332275  -0.2119899988174439  -0.0798199996352196
v   0.1278000026941299  -0.2080000042915344  -0.0770699977874756
v   0.1383499950170517  -0.2025000005960465  -0.0755800008773804
v  -0.2041800022125244  -0.1365900039672852  -0.0838899984955788
v  -0.1937299966812134  -0.1435700058937073  -0.0860200002789497
v  -0.1830600053071976  -0.1502300053834915  -0.0877000018954277
v  -0.1727000027894974  -0.1560799926519394  -0.0893099978566170
v  -0.1630000025033951  -0.1626400053501129  -0.0918399989604950
v  -0.1535899937152863  -0.1690099984407425  -0.0943399965763092
v  -0.1433099955320358  -0.1745599955320358  -0.0956699997186661
v  -0.1341100037097931  -0.1802999973297119  -0.0976400002837181
v  -0.1246799975633621  -0.1856600046157837  -0.0992299988865852
v  -0.1140699982643127  -0.1895200014114380  -0.0994300022721291
v  -0.1039299964904785  -0.1937800049781799  -0.1000600010156632
v  -0.0926600024104118  -0.1975300014019013  -0.1008400022983551
v  -0.0815500020980835  -0.2018900066614151  -0.1023800000548363
v  -0.0724999979138374  -0.2076299935579300  -0.1049399971961975
v  -0.0634500011801720  -0.2129099965095520  -0.1076600030064583
v  -0.0534499995410442  -0.2163700014352799  -0.1086200028657913
v  -0.0428999997675419  -0.2186300009489059  -0.1087199971079826
v  -0.0317899994552136  -0.2198300063610077  -0.1082400009036064
v  -0.0206000003963709  -0.2211399972438812  -0.1079299971461296
v  -0.0095699997618794  -0.2220599949359894  -0.1075899973511696
v   0.0014100000262260  -0.2209099978208542  -0.1058899983763695
v   0.0119700003415346  -0.2183800041675568  -0.1033399999141693
v   0.0227199997752905  -0.2183900028467178  -0.1025900021195412
v   0.0340300016105175  -0.2180400043725967  -0.1017299965023994
v   0.0446400009095669  -0.2160300016403198  -0.0994900017976761
v   0.0555200017988682  -0.2143200039863586  -0.0971700027585030
v   0.0662600025534630  -0.2117300033569336  -0.0942000001668930
v   0.0775799974799156  -0.2100300043821335  -0.0919400006532669
v   0.0890299975872040  -0.2091300040483475  -0.0904700011014938
v   0.1009500026702881  -0.2072499990463257  -0.0890199989080429
v   0.1130300015211105  -0.2060000002384186  -0.0879999995231628
v   0.1248600035905838  -0.2032099962234497  -0.0857599973678589
v   0.1361899971961975  -0.1994899958372116  -0.0825399979948998
v  -0.1960200071334839  -0.1307799965143204  -0.0923200026154518
v  -0.1870499998331070  -0.1381299942731857  -0.0924799963831902
v  -0.1768500059843063  -0.1445399969816208  -0.0945300012826920
v  -0.1666299998760223  -0.1505299955606461  -0.0964500010013580
v  -0.1567600071430206  -0.1564600020647049  -0.0985599979758263
v  -0.1479600071907044  -0.1629700064659119  -0.1016599982976914
v  -0.1384699940681458  -0.1684200018644333  -0.1035099998116493
v  -0.1292500048875809  -0.1738400012254715  -0.1055599972605705
v  -0.1200599968433380  -0.1791799962520599  -0.1077800020575523
v  -0.1100400015711784  -0.1833499968051910  -0.1086099967360497
v  -0.0994599983096123  -0.1865500062704086  -0.1087400019168854
v  -0.0892900004982948  -0.1906899958848953  -0.1100900024175644
v  -0.0797900035977364  -0.1957000046968460  -0.1123400032520294
v  -0.0709900036454201  -0.2009100019931793  -0.1148499995470047
v  -0.0615900009870529  -0.2049700021743774  -0.1164000034332275
v  -0.0515299998223782  -0.2080699950456619  -0.1171000003814697
v  -0.0412999987602234  -0.2108500003814697  -0.1178900003433228
v  -0.0307800006121397  -0.2131900042295456  -0.1182999983429909
v  -0.0200900007039309  -0.2139299958944321  -0.1175300031900406
v  -0.0095399999991059  -0.2141000032424927  -0.1164700016379356
v   0.0011099999537691  -0.2136300057172775  -0.1152800023555756
v   0.0116900000721216  -0.2116400003433228  -0.1127000004053116
v   0.0223900005221367  -0.2104000002145767  -0.1109799966216087
v   0.0327799990773201  -0.2099100053310394  -0.1099700033664703
v   0.0430699996650219  -0.2088900059461594  -0.1083900034427643
v   0.0535000003874302  -0.2069199979305267  -0.1056900024414063
v   0.0641200020909309  -0.2047799974679947  -0.1027999967336655
v   0.0751499980688095  -0.2037699967622757  -0.1010700017213821
v   0.0861700028181076  -0.2021300047636032  -0.0988200008869171
v   0.0976300016045570  -0.2007299959659576  -0.0970700010657311
v   0.1094999983906746  -0.1996500045061112  -0.0958300009369850
v   0.1212600022554398  -0.1975000053644180  -0.0936300009489059
v   0.1321499943733215  -0.1935900002717972  -0.0925799980759621
v  -0.1908300071954727  -0.1269299983978272  -0.0974000021815300
v  -0.1812199950218201  -0.1336500048637390  -0.1001999974250794
v  -0.1714099943637848  -0.1400599926710129  -0.1025199964642525
v  -0.1607600003480911  -0.1450199931859970  -0.1039099991321564
v  -0.1508799940347672  -0.1511700004339218  -0.1062600016593933
v  -0.1427100002765656  -0.1572200059890747  -0.1094800010323525
v  -0.1336800009012222  -0.1626400053501129  -0.1115700006484985
v  -0.1244999989867210  -0.1675300002098084  -0.1136699989438057
v  -0.1152800023555756  -0.1724999994039536  -0.1156800016760826
v  -0.1060400009155273  -0.1770900040864945  -0.1176100000739098
v  -0.0956600010395050  -0.1802899986505508  -0.1182300001382828
v  -0.0862699970602989  -0.1842599958181381  -0.1194899976253510
v  -0.0770199969410896  -0.1886799931526184  -0.1214200034737587
v  -0.0679299980401993  -0.1921699941158295  -0.1221600025892258
v  -0.0593300014734268  -0.1962299942970276  -0.1235899999737740
v  -0.0494100004434586  -0.1994100064039230  -0.1249499991536140
v  -0.0396099984645844  -0.2021600008010864  -0.1260900050401688
v  -0.0295899994671345  -0.2039700001478195  -0.1258600056171417
v  -0.0195799991488457  -0.2048400044441223  -0.1248499974608421
v  -0.0095199998468161  -0.2051900029182434  -0.1243000030517578
v   0.0002500000118744  -0.2053399980068207  -0.1236499994993210
v   0.0113000003620982  -0.2036900073289871  -0.1211500018835068
v   0.0224699992686510  -0.2018699944019318  -0.1189099997282028
v   0.0314700007438660  -0.2021699994802475  -0.1182700023055077
v   0.0409700013697147  -0.2015800029039383  -0.1173700019717217
v   0.0514700002968311  -0.1994999945163727  -0.1139200031757355
v   0.0619099996984005  -0.1976400017738342  -0.1111499965190888
v   0.0726500004529953  -0.1971700042486191  -0.1097799986600876
v   0.0830300003290176  -0.1955000013113022  -0.1074599996209145
v   0.0942599996924400  -0.1939000040292740  -0.1049899980425835
v   0.1058500036597252  -0.1935999989509583  -0.1038200035691261
v   0.1176400035619736  -0.1917500048875809  -0.1015800014138222
v   0.1293099969625473  -0.1893199980258942  -0.0985900014638901
v  -0.1840900033712387  -0.1226499974727631  -0.1077599972486496
v  -0.1757999956607819  -0.1297599971294403  -0.1087099984288216
v  -0.1658000051975250  -0.1354700028896332  -0.1109300032258034
v  -0.1556899994611740  -0.1405300050973892  -0.1127099990844727
v  -0.1466799974441528  -0.1463800072669983  -0.1154899969696999
v  -0.1382099986076355  -0.1521999984979630  -0.1184699982404709
v  -0.1294600069522858  -0.1573899984359741  -0.1208899989724159
v  -0.1203999966382980  -0.1620000004768372  -0.1228300034999847
v  -0.1112800016999245  -0.1664099991321564  -0.1245800033211708
v  -0.1017599999904633  -0.1700100004673004  -0.1257099956274033
v  -0.0921399965882301  -0.1731600016355515  -0.1264999955892563
v  -0.0834299996495247  -0.1777500063180924  -0.1286100000143051
v  -0.0742999985814095  -0.1812600046396256  -0.1297399997711182
v  -0.0649999976158142  -0.1841000020503998  -0.1301400065422058
v  -0.0561099983751774  -0.1874800026416779  -0.1313800066709518
v  -0.0471500009298325  -0.1909099966287613  -0.1328700035810471
v  -0.0379600003361702  -0.1937900036573410  -0.1340200006961823
v  -0.0283199995756149  -0.1946499943733215  -0.1331499963998795
v  -0.0186299998313189  -0.1959100067615509  -0.1328199952840805
v  -0.0090899998322129  -0.1977200061082840  -0.1333400011062622
v   0.0007900000200607  -0.1986600011587143  -0.1328999996185303
v   0.0109200002625585  -0.1970899999141693  -0.1304000020027161
v   0.0208400003612041  -0.1954600065946579  -0.1277099996805191
v   0.0304600000381470  -0.1953500062227249  -0.1267600059509277
v   0.0399300009012222  -0.1942200064659119  -0.1248600035905838
v   0.0497299991548061  -0.1926199942827225  -0.1222200021147728
v   0.0598400011658669  -0.1913599967956543  -0.1200300008058548
v   0.0698700025677681  -0.1896400004625320  -0.1174999997019768
v   0.0800699964165688  -0.1878399997949600  -0.1148800030350685
v   0.0907900035381317  -0.1867499947547913  -0.1126400008797646
v   0.1020699962973595  -0.1861799955368042  -0.1109199970960617
v   0.1138100028038025  -0.1854600012302399  -0.1092299968004227
v   0.1244100034236908  -0.1823399960994721  -0.1085299998521805
v  -0.1791300028562546  -0.1192699968814850  -0.1134499981999397
v  -0.1696799993515015  -0.1252699941396713  -0.1165700033307076
v  -0.1601299941539764  -0.1311900019645691  -0.1195399984717369
v  -0.1510100066661835  -0.1363999992609024  -0.1220199987292290
v  -0.1417299956083298  -0.1413300037384033  -0.1242699995636940
v  -0.1332799941301346  -0.1466100066900253  -0.1270599961280823
v  -0.1247899979352951  -0.1517300009727478  -0.1298000067472458
v  -0.1162099987268448  -0.1563300043344498  -0.1319400072097778
v  -0.1069300025701523  -0.1598500013351440  -0.1330599933862686
v  -0.0978100001811981  -0.1632200032472611  -0.1340699940919876
v  -0.0890400037169457  -0.1670199930667877  -0.1354900002479553
v  -0.0802299976348877  -0.1705400049686432  -0.1369699984788895
v  -0.0710899978876114  -0.1733600050210953  -0.1376100033521652
v  -0.0625000000000000  -0.1769399940967560  -0.1391600072383881
v  -0.0538400001823902  -0.1803800016641617  -0.1404200047254562
v  -0.0455299988389015  -0.1841699928045273  -0.1426199972629547
v  -0.0366699993610382  -0.1871500015258789  -0.1435800045728684
v  -0.0271199997514486  -0.1873299926519394  -0.1423899978399277
v  -0.0175400003790855  -0.1879400014877319  -0.1414500027894974
v  -0.0086899995803833  -0.1896100044250488  -0.1416500061750412
v   0.0005200000014156  -0.1908600032329559  -0.1416800022125244
v   0.0100899999961257  -0.1893499940633774  -0.1386799961328507
v   0.0196599997580051  -0.1882600039243698  -0.1359000056982040
v   0.0290300007909536  -0.1876299977302551  -0.1344899982213974
v   0.0383399985730648  -0.1863400042057037  -0.1319800019264221
v   0.0478800013661385  -0.1851799935102463  -0.1299500018358231
v   0.0576200000941753  -0.1849700063467026  -0.1284700036048889
v   0.0675999969244003  -0.1837300062179565  -0.1265400052070618
v   0.0774200037121773  -0.1819300055503845  -0.1241400018334389
v   0.0877000018954277  -0.1805800050497055  -0.1211899966001511
v   0.0980599969625473  -0.1793400049209595  -0.1185299977660179
v   0.1094300001859665  -0.1779700070619583  -0.1157400012016296
v   0.1209700033068657  -0.1769499927759171  -0.1132100000977516
v  -0.1701399981975555  -0.1133299991488457  -0.1217999979853630
v  -0.1631300002336502  -0.1204300001263619  -0.1239100024104118
v  -0.1544899940490723  -0.1262899935245514  -0.1276299953460693
v  -0.1454800069332123  -0.1313699930906296  -0.1303000003099442
v  -0.1364099979400635  -0.1359000056982040  -0.1324699968099594
v  -0.1281799972057343  -0.1409700065851212  -0.1354199945926666
v  -0.1197500005364418  -0.1455000042915344  -0.1378300040960312
v  -0.1113099977374077  -0.1497000008821487  -0.1399399936199188
v  -0.1028399989008904  -0.1536200046539307  -0.1418000012636185
v  -0.0939799994230270  -0.1567000001668930  -0.1427399963140488
v  -0.0856000036001205  -0.1603299975395203  -0.1444099992513657
v  -0.0765900015830994  -0.1625699996948242  -0.1445900052785873
v  -0.0680299997329712  -0.1656000018119812  -0.1458200067281723
v  -0.0599899999797344  -0.1694100052118301  -0.1479800045490265
v  -0.0519400015473366  -0.1730899959802628  -0.1501400023698807
v  -0.0440399982035160  -0.1774599999189377  -0.1529099941253662
v  -0.0350899994373322  -0.1801300048828125  -0.1535899937152863
v  -0.0258699990808964  -0.1808499991893768  -0.1525499969720841
v  -0.0169900003820658  -0.1810300052165985  -0.1508699953556061
v  -0.0083200000226498  -0.1814000010490418  -0.1496700048446655
v   0.0002699999895412  -0.1813199967145920  -0.1479600071907044
v   0.0090699996799231  -0.1808400005102158  -0.1462900042533875
v   0.0180900003761053  -0.1797699928283691  -0.1441400051116943
v   0.0273700002580881  -0.1794099956750870  -0.1423400044441223
v   0.0366600006818771  -0.1788499951362610  -0.1404599994421005
v   0.0458999983966351  -0.1779900044202805  -0.1382399946451187
v   0.0553000010550022  -0.1772200018167496  -0.1361200064420700
v   0.0651500001549721  -0.1772000044584274  -0.1350100040435791
v   0.0749099999666214  -0.1761900037527084  -0.1327099949121475
v   0.0847399979829788  -0.1747200042009354  -0.1298300027847290
v   0.0948299989104271  -0.1730699986219406  -0.1266099959611893
v   0.1054700016975403  -0.1715500056743622  -0.1234899982810020
v   0.1150600016117096  -0.1680099964141846  -0.1218700036406517
v  -0.1655499935150147  -0.1103399991989136  -0.1278800070285797
v  -0.1589699983596802  -0.1145199984312058  -0.1307500004768372
v  -0.1481799930334091  -0.1212799996137619  -0.1353600025177002
v  -0.1417199969291687  -0.1250499933958054  -0.1375599950551987
v  -0.1309300065040588  -0.1306799948215485  -0.1407299935817719
v  -0.1249699965119362  -0.1345600038766861  -0.1433600038290024
v  -0.1149900034070015  -0.1399099975824356  -0.1465899944305420
v  -0.1082200035452843  -0.1427499949932098  -0.1479000002145767
v  -0.0983000025153160  -0.1469199955463409  -0.1499699950218201
v  -0.0913299992680550  -0.1495500057935715  -0.1510899960994721
v  -0.0815600007772446  -0.1527200043201447  -0.1522700041532517
v  -0.0743300020694733  -0.1551499962806702  -0.1530299931764603
v  -0.0652500018477440  -0.1584700047969818  -0.1543699949979782
v  -0.0581599995493889  -0.1616500020027161  -0.1565899997949600
v  -0.0496000014245510  -0.1649499982595444  -0.1589400023221970
v  -0.0422599986195564  -0.1687700003385544  -0.1613799929618835
v  -0.0332800000905991  -0.1715800017118454  -0.1626199930906296
v  -0.0242599993944168  -0.1724299937486649  -0.1610199958086014
v  -0.0162099990993738  -0.1723999977111816  -0.1586499959230423
v  -0.0074300002306700  -0.1726299971342087  -0.1570599973201752
v  -0.0001800000027288  -0.1732199937105179  -0.1555700004100800
v   0.0096000004559755  -0.1730699986219406  -0.1544599980115891
v   0.0166999995708466  -0.1722699999809265  -0.1527500003576279
v   0.0270000007003546  -0.1710599958896637  -0.1496900022029877
v   0.0346999987959862  -0.1707099974155426  -0.1483100056648254
v   0.0456500016152859  -0.1704600006341934  -0.1460999995470047
v   0.0528899990022182  -0.1698500066995621  -0.1442299932241440
v   0.0643299967050552  -0.1694400012493134  -0.1419100016355515
v   0.0717500001192093  -0.1691700071096420  -0.1402499973773956
v   0.0838000029325485  -0.1679700016975403  -0.1372099965810776
v   0.0908500030636787  -0.1662199944257736  -0.1340399980545044
v   0.1041100025177002  -0.1650499999523163  -0.1307999938726425
v   0.1123000010848045  -0.1644300073385239  -0.1288200020790100
v  -0.1089299991726875   0.1588699966669083   0.1313599944114685
v  -0.1125700026750565   0.1516699939966202   0.1335099935531616
v  -0.1191700026392937   0.1410199999809265   0.1378100067377091
v  -0.1224000006914139   0.1347700059413910   0.1399700045585632
v  -0.1275800019502640   0.1245699971914291   0.1433400064706802
v  -0.1309400051832199   0.1185100004076958   0.1451900005340576
v  -0.1357100009918213   0.1086599975824356   0.1478199958801270
v  -0.1386500000953674   0.1025400012731552   0.1492300033569336
v  -0.1425299942493439   0.0930700004100800   0.1508399993181229
v  -0.1441500037908554   0.0858599990606308   0.1514299958944321
v  -0.1467300057411194   0.0762000009417534   0.1523199975490570
v  -0.1487199962139130   0.0692199990153313   0.1529300063848496
v  -0.1514499932527542   0.0604199990630150   0.1538500040769577
v  -0.1534000039100647   0.0530400015413761   0.1546899974346161
v  -0.1554200053215027   0.0444299988448620   0.1556500047445297
v  -0.1578900068998337   0.0368000008165836   0.1557900011539459
v  -0.1608600020408630   0.0289399996399879   0.1566900014877319
v  -0.1634799987077713   0.0216700006276369   0.1575500071048737
v  -0.1665599942207336   0.0147599996998906   0.1589999943971634
v  -0.1695500016212463   0.0065100002102554   0.1602399945259094
v  -0.1706099957227707  -0.0012300000526011   0.1598699986934662
v  -0.1713799983263016  -0.0102599998936057   0.1590400040149689
v  -0.1719399988651276  -0.0174800008535385   0.1584700047969818
v  -0.1720599979162216  -0.0275999996811152   0.1564899981021881
v  -0.1719399988651276  -0.0347299985587597   0.1549299955368042
v  -0.1719699949026108  -0.0454999990761280   0.1530199944972992
v  -0.1712500005960465  -0.0525799989700317   0.1510300040245056
v  -0.1709800064563751  -0.0636499971151352   0.1486299932003021
v  -0.1706299930810928  -0.0710100010037422   0.1466400027275085
v  -0.1684599965810776  -0.0817900002002716   0.1426900029182434
v  -0.1668599992990494  -0.0882499963045120   0.1398600041866303
v  -0.1642999947071075  -0.1002499982714653   0.1356800049543381
v  -0.1621100008487701  -0.1072100028395653   0.1323300004005432
v  -0.1123199984431267   0.1632400006055832   0.1255999952554703
v  -0.1179900020360947   0.1549600064754486   0.1258700042963028
v  -0.1231300011277199   0.1459800004959106   0.1287200003862381
v  -0.1280000060796738   0.1375699937343597   0.1316799968481064
v  -0.1319299936294556   0.1288200020790100   0.1337199956178665
v  -0.1367900073528290   0.1211299970746040   0.1367100030183792
v  -0.1412400007247925   0.1132699996232987   0.1392499953508377
v  -0.1445199996232987   0.1048500016331673   0.1405600011348724
v  -0.1476899981498718   0.0965500026941299   0.1419599950313568
v  -0.1509699970483780   0.0883100032806397   0.1434800028800964
v  -0.1537300050258637   0.0798899978399277   0.1446100026369095
v  -0.1556800007820129   0.0713500007987022   0.1448000073432922
v  -0.1578499972820282   0.0629900023341179   0.1452800035476685
v  -0.1599999964237213   0.0545700006186962   0.1459500044584274
v  -0.1625500023365021   0.0463300012052059   0.1468500047922134
v  -0.1655199974775314   0.0384100005030632   0.1477700024843216
v  -0.1683000028133392   0.0305700004100800   0.1484400033950806
v  -0.1709100008010864   0.0228799991309643   0.1492000073194504
v  -0.1738200038671494   0.0153599996119738   0.1504400074481964
v  -0.1761399954557419   0.0073099997825921   0.1511700004339218
v  -0.1775200068950653  -0.0011599999852479   0.1510799974203110
v  -0.1784700006246567  -0.0098099997267127   0.1505600064992905
v  -0.1785099953413010  -0.0186000000685453   0.1491899937391281
v  -0.1785099953413010  -0.0275400001555681   0.1477400064468384
v  -0.1785099953413010  -0.0365800000727177   0.1461199969053268
v  -0.1785099953413010  -0.0456699989736080   0.1445900052785873
v  -0.1781799942255020  -0.0548200011253357   0.1427299976348877
v  -0.1772499978542328  -0.0640100017189980   0.1401699930429459
v  -0.1772799938917160  -0.0735799968242645   0.1385599970817566
v  -0.1762900054454804  -0.0830300003290176   0.1361899971961975
v  -0.1738000065088272  -0.0920400023460388   0.1325100064277649
v  -0.1706900000572205  -0.1011700034141541   0.1283800005912781
v  -0.1663399934768677  -0.1099800020456314   0.1265199929475784
v  -0.1174400001764298   0.1704100072383881   0.1157499998807907
v  -0.1227300018072128   0.1605399996042252   0.1182499974966049
v  -0.1284700036048889   0.1514099985361099   0.1208200007677078
v  -0.1331800073385239   0.1430000066757202   0.1236900016665459
v  -0.1379500031471252   0.1342799961566925   0.1259900033473969
v  -0.1422200053930283   0.1258500069379807   0.1282300055027008
v  -0.1462099999189377   0.1172100007534027   0.1299500018358231
v  -0.1497199982404709   0.1086300015449524   0.1316000074148178
v  -0.1530400067567825   0.1001200005412102   0.1331000030040741
v  -0.1572200059890747   0.0919400006532669   0.1351300030946732
v  -0.1604000031948090   0.0832900032401085   0.1365499943494797
v  -0.1623400002717972   0.0743900015950203   0.1365000009536743
v  -0.1642899960279465   0.0656299963593483   0.1366100013256073
v  -0.1662700027227402   0.0566399991512299   0.1368899941444397
v  -0.1699199974536896   0.0482500009238720   0.1387500017881393
v  -0.1733700037002564   0.0404499992728233   0.1399399936199188
v  -0.1759700030088425   0.0320600010454655   0.1400900036096573
v  -0.1780100017786026   0.0238499995321035   0.1405500024557114
v  -0.1806499958038330   0.0160300005227327   0.1414700001478195
v  -0.1827899962663651   0.0076199998147786   0.1421400010585785
v  -0.1841800063848496  -0.0009399999980815   0.1420899927616119
v  -0.1849199980497360  -0.0103200003504753   0.1413999944925308
v  -0.1843100041151047  -0.0194899998605251   0.1396999955177307
v  -0.1841900050640106  -0.0288100000470877   0.1381800025701523
v  -0.1843499988317490  -0.0382799990475178   0.1368000060319901
v  -0.1850299984216690  -0.0475200004875660   0.1358499974012375
v  -0.1845500022172928  -0.0568099990487099   0.1340699940919876
v  -0.1839800029993057  -0.0664099976420403   0.1319800019264221
v  -0.1843899935483933  -0.0762099996209145   0.1307500004768372
v  -0.1828700006008148  -0.0859199985861778   0.1281200051307678
v  -0.1803099960088730  -0.0948299989104271   0.1243600025773048
v  -0.1768700033426285  -0.1048000007867813   0.1207100003957748
v  -0.1731899976730347  -0.1144500002264977   0.1166199967265129
v  -0.1202299967408180   0.1739400029182434   0.1101500019431114
v  -0.1271599978208542   0.1658699959516525   0.1109099984169006
v  -0.1326500028371811   0.1565999984741211   0.1132299974560738
v  -0.1373700052499771   0.1473799943923950   0.1149199977517128
v  -0.1428599953651428   0.1392599940299988   0.1177600026130676
v  -0.1477800011634827   0.1306499987840653   0.1201099976897240
v  -0.1514900028705597   0.1213499978184700   0.1213999986648560
v  -0.1547600030899048   0.1121800020337105   0.1225500032305718
v  -0.1580899953842163   0.1032800003886223   0.1237699985504150
v  -0.1620499938726425   0.0948700010776520   0.1254699975252152
v  -0.1656299978494644   0.0863199979066849   0.1268399953842163
v  -0.1687400043010712   0.0775500014424324   0.1279300004243851
v  -0.1711100041866303   0.0684499964118004   0.1283700019121170
v  -0.1732199937105179   0.0590599998831749   0.1283999979496002
v  -0.1769900023937225   0.0504599995911121   0.1300199925899506
v  -0.1798799932003021   0.0417499989271164   0.1307899951934815
v  -0.1823900043964386   0.0331100001931191   0.1312099993228912
v  -0.1850800067186356   0.0249000005424023   0.1321000009775162
v  -0.1877299994230270   0.0166999995708466   0.1330099999904633
v  -0.1892099976539612   0.0079199997708201   0.1330000013113022
v  -0.1903599947690964  -0.0011899999808520   0.1327199935913086
v  -0.1907799988985062  -0.0106899999082088   0.1318099945783615
v  -0.1901900023221970  -0.0203000009059906   0.1301400065422058
v  -0.1902599930763245  -0.0299999993294477   0.1289499998092651
v  -0.1901600062847138  -0.0396399982273579   0.1275700032711029
v  -0.1908099949359894  -0.0492600016295910   0.1265899986028671
v  -0.1906899958848953  -0.0588899999856949   0.1250299960374832
v  -0.1901499927043915  -0.0686900019645691   0.1232400014996529
v  -0.1894399970769882  -0.0785999968647957   0.1213599964976311
v  -0.1880799978971481  -0.0883599966764450   0.1190200001001358
v  -0.1858399957418442  -0.0980900004506111   0.1160999983549118
v  -0.1823599934577942  -0.1079699993133545   0.1124600023031235
v  -0.1770700067281723  -0.1172299981117249   0.1104699969291687
v  -0.1238600015640259   0.1791300028562546   0.1001800000667572
v  -0.1306799948215485   0.1702000051736832   0.1027799993753433
v  -0.1370700001716614   0.1611700057983398   0.1052699983119965
v  -0.1421200037002564   0.1522900015115738   0.1070899963378906
v  -0.1472599953413010   0.1437699943780899   0.1089700013399124
v  -0.1525299996137619   0.1348599940538406   0.1114199981093407
v  -0.1567499935626984   0.1251900047063828   0.1127199977636337
v  -0.1591400057077408   0.1155499964952469   0.1130099967122078
v  -0.1625500023365021   0.1059700027108192   0.1140500009059906
v  -0.1664000004529953   0.0975100025534630   0.1154000014066696
v  -0.1704100072383881   0.0890500023961067   0.1168200001120567
v  -0.1742500066757202   0.0802699998021126   0.1185000017285347
v  -0.1774200052022934   0.0712400004267693   0.1196999996900559
v  -0.1803700029850006   0.0615199990570545   0.1199600026011467
v  -0.1838099956512451   0.0521899983286858   0.1209399998188019
v  -0.1871699988842011   0.0434600003063679   0.1223300024867058
v  -0.1898799985647202   0.0345299988985062   0.1234700009226799
v  -0.1928299963474274   0.0262100007385016   0.1241699978709221
v  -0.1949699968099594   0.0176800005137920   0.1247199997305870
v  -0.1962099969387054   0.0083999997004867   0.1242699995636940
v  -0.1967799961566925  -0.0010999999940395   0.1236300021409988
v  -0.1965200006961823  -0.0110400002449751   0.1221700012683868
v  -0.1961299926042557  -0.0210999995470047   0.1206300035119057
v  -0.1959699988365173  -0.0311399996280670   0.1194799989461899
v  -0.1962099969387054  -0.0411100015044212   0.1186700016260147
v  -0.1964900046586990  -0.0508799999952316   0.1172500029206276
v  -0.1961500048637390  -0.0606100000441074   0.1153799965977669
v  -0.1957100033760071  -0.0708099976181984   0.1140199974179268
v  -0.1951799988746643  -0.0811600014567375   0.1124999970197678
v  -0.1938399970531464  -0.0911500006914139   0.1105199977755547
v  -0.1922300010919571  -0.1009799987077713   0.1082300022244453
v  -0.1883199959993362  -0.1117099970579147   0.1048899963498116
v  -0.1841299980878830  -0.1223599985241890   0.1012699976563454
v  -0.1260800063610077   0.1822199970483780   0.0933599993586540
v  -0.1336999982595444   0.1739400029182434   0.0941699966788292
v  -0.1410000026226044   0.1657399982213974   0.0973099991679192
v  -0.1472299993038178   0.1573600023984909   0.0997100025415421
v  -0.1525299996137619   0.1484999954700470   0.1014399975538254
v  -0.1578399986028671   0.1394599974155426   0.1033599972724915
v  -0.1615200042724609   0.1294700056314468   0.1039599999785423
v  -0.1651500016450882   0.1199000030755997   0.1048199981451035
v  -0.1687400043010712   0.1105400025844574   0.1057199984788895
v  -0.1720599979162216   0.1012199968099594   0.1064900010824204
v  -0.1755400002002716   0.0920199975371361   0.1073699966073036
v  -0.1797599941492081   0.0828600004315376   0.1089700013399124
v  -0.1844799965620041   0.0736799985170364   0.1107800006866455
v  -0.1880100071430206   0.0640399977564812   0.1116499975323677
v  -0.1908899992704392   0.0542300008237362   0.1120999976992607
v  -0.1945399940013886   0.0451500006020069   0.1135900020599365
v  -0.1974499970674515   0.0361000001430512   0.1145799979567528
v  -0.2006700038909912   0.0275400001555681   0.1156999990344048
v  -0.2029300034046173   0.0186199992895126   0.1160700023174286
v  -0.2034800052642822   0.0090100001543760   0.1153799965977669
v  -0.2027399986982346  -0.0009899999713525   0.1139400005340576
v  -0.2019300013780594  -0.0114399995654821   0.1122900024056435
v  -0.2019000053405762  -0.0221200007945299   0.1112399995326996
v  -0.2019899934530258  -0.0323700010776520   0.1101799979805946
v  -0.2028300017118454  -0.0424499996006489   0.1096400022506714
v  -0.2028100043535233  -0.0525199994444847   0.1083799973130226
v  -0.2023999989032745  -0.0626699998974800   0.1068499982357025
v  -0.2019699960947037  -0.0730199962854385   0.1054299995303154
v  -0.2014299929141998  -0.0835700035095215   0.1041499972343445
v  -0.1998700052499771  -0.0940100029110909   0.1023000031709671
v  -0.1973000019788742  -0.1044000014662743   0.0998400002717972
v  -0.1940799951553345  -0.1152499988675118   0.0971300005912781
v  -0.1882199943065643  -0.1249099969863892   0.0951600000262260
v  -0.1285700052976608   0.1859000027179718   0.0823599994182587
v  -0.1363299936056137   0.1769499927759171   0.0848499983549118
v  -0.1447599977254868   0.1688600033521652   0.0885400027036667
v  -0.1518799960613251   0.1619399935007095   0.0915900021791458
v  -0.1577599942684174   0.1533199995756149   0.0934100002050400
v  -0.1629800051450729   0.1439999938011169   0.0950300022959709
v  -0.1676100045442581   0.1341200023889542   0.0961799994111061
v  -0.1714600026607513   0.1246400028467178   0.0969500020146370
v  -0.1751900017261505   0.1150999963283539   0.0977400019764900
v  -0.1791200041770935   0.1056599989533424   0.0989200025796890
v  -0.1825599968433380   0.0962499976158142   0.0998999997973442
v  -0.1871799975633621   0.0861800014972687   0.1010100021958351
v  -0.1912699937820435   0.0759899988770485   0.1017000004649162
v  -0.1951799988746643   0.0663200020790100   0.1027999967336655
v  -0.1987800002098084   0.0563299991190434   0.1035899966955185
v  -0.2021699994802475   0.0469099991023541   0.1046599969267845
v  -0.2049800008535385   0.0372399985790253   0.1056599989533424
v  -0.2078299969434738   0.0285400003194809   0.1061900034546852
v  -0.2098799943923950   0.0197899993509054   0.1063100025057793
v  -0.2107100039720535   0.0095499996095896   0.1061900034546852
v  -0.2095199972391129  -0.0004400000034366   0.1046599969267845
v  -0.2081699967384338  -0.0116999996826053   0.1025699973106384
v  -0.2077099978923798  -0.0235399994999170   0.1017400026321411
v  -0.2083600014448166  -0.0335699990391731   0.1009299978613854
v  -0.2089200019836426  -0.0437199994921684   0.1002900004386902
v  -0.2093899995088577  -0.0541899986565113   0.0996299982070923
v  -0.2092200070619583  -0.0645700022578239   0.0986199975013733
v  -0.2086499929428101  -0.0753299966454506   0.0971499979496002
v  -0.2077900022268295  -0.0858599990606308   0.0956100001931191
v  -0.2059700042009354  -0.0968699976801872   0.0940499976277351
v  -0.2025399953126907  -0.1072800010442734   0.0914200022816658
v  -0.1987899988889694  -0.1179800033569336   0.0884800031781197
v  -0.1936500072479248  -0.1277800053358078   0.0843700021505356
v  -0.1304800063371658   0.1884299963712692   0.0739699974656105
v  -0.1391099989414215   0.1800500005483627   0.0749899968504906
v  -0.1475400030612946   0.1722799986600876   0.0785999968647957
v  -0.1556999981403351   0.1655900031328201   0.0822900012135506
v  -0.1626899987459183   0.1580000072717667   0.0851299986243248
v  -0.1676999926567078   0.1484300047159195   0.0861599966883659
v  -0.1728200018405914   0.1389099955558777   0.0875400006771088
v  -0.1772899925708771   0.1290999948978424   0.0884699970483780
v  -0.1808899939060211   0.1189600005745888   0.0888599976897240
v  -0.1848299950361252   0.1091300025582314   0.0898300036787987
v  -0.1895100027322769   0.0994599983096123   0.0913899987936020
v  -0.1943700015544891   0.0894400030374527   0.0928900018334389
v  -0.1981299966573715   0.0788400024175644   0.0933400020003319
v  -0.2018799930810928   0.0684200003743172   0.0935499966144562
v  -0.2060900032520294   0.0584799982607365   0.0943899974226952
v  -0.2103099972009659   0.0489399991929531   0.0957399979233742
v  -0.2130900025367737   0.0390399992465973   0.0961799994111061
v  -0.2155199944972992   0.0295100007206202   0.0968099981546402
v  -0.2175599932670593   0.0200399998575449   0.0973400026559830
v  -0.2186100035905838   0.0098900003358722   0.0972400009632111
v  -0.2175599932670593  -0.0007500000065193   0.0952700003981590
v  -0.2164999991655350  -0.0120099997147918   0.0939000025391579
v  -0.2160899937152863  -0.0234500002115965   0.0931100025773048
v  -0.2156800031661987  -0.0344199985265732   0.0921100005507469
v  -0.2161599993705750  -0.0451700016856194   0.0916899964213371
v  -0.2171999961137772  -0.0560300014913082   0.0917100012302399
v  -0.2163300067186356  -0.0668200030922890   0.0901499986648560
v  -0.2149900048971176  -0.0776399970054627   0.0884300023317337
v  -0.2137500047683716  -0.0885799974203110   0.0870499983429909
v  -0.2113399952650070  -0.0993599966168404   0.0850600004196167
v  -0.2075199931859970  -0.1098200008273125   0.0823199972510338
v  -0.2034599930047989  -0.1206300035119057   0.0798399969935417
v  -0.1971700042486191  -0.1302900016307831   0.0781100019812584
v  -0.1345700025558472   0.1933200061321259   0.0624499991536140
v  -0.1425600051879883   0.1841399967670441   0.0655499994754791
v  -0.1516799926757813   0.1761299967765808   0.0694900006055832
v  -0.1595499962568283   0.1695200055837631   0.0731799975037575
v  -0.1672399938106537   0.1624300032854080   0.0761800035834312
v  -0.1731200069189072   0.1532399952411652   0.0780600011348724
v  -0.1781699955463409   0.1436599940061569   0.0787900015711784
v  -0.1825000047683716   0.1331399977207184   0.0793099999427795
v  -0.1870100051164627   0.1228900030255318   0.0800300016999245
v  -0.1911299973726273   0.1128199994564056   0.0810500010848045
v  -0.1953999996185303   0.1026400029659271   0.0823500007390976
v  -0.2003699988126755   0.0922299996018410   0.0834999978542328
v  -0.2040300071239471   0.0810599997639656   0.0840800032019615
v  -0.2084500044584274   0.0704599991440773   0.0839100033044815
v  -0.2137899994850159   0.0604499988257885   0.0851399973034859
v  -0.2183800041675568   0.0509900003671646   0.0865600034594536
v  -0.2215799987316132   0.0406100004911423   0.0865299999713898
v  -0.2238100022077560   0.0306400004774332   0.0877100005745888
v  -0.2261600047349930   0.0208299998193979   0.0893500000238419
v  -0.2274300009012222   0.0102199995890260   0.0887399986386299
v  -0.2264399975538254  -0.0006399999838322   0.0864299982786179
v  -0.2256300002336502  -0.0122699998319149   0.0856999978423119
v  -0.2246499955654144  -0.0238899998366833   0.0849599987268448
v  -0.2237900048494339  -0.0352700017392635   0.0837099999189377
v  -0.2239000052213669  -0.0465999990701675   0.0837600007653236
v  -0.2243199944496155  -0.0578400008380413   0.0830499976873398
v  -0.2234099954366684  -0.0689300000667572   0.0814900025725365
v  -0.2216800004243851  -0.0800499990582466   0.0799100026488304
v  -0.2196899950504303  -0.0911300033330917   0.0781600028276444
v  -0.2159799933433533  -0.1014600023627281   0.0755600035190582
v  -0.2127600014209747  -0.1120800003409386   0.0730699971318245
v  -0.2083799988031387  -0.1234100013971329   0.0715800002217293
v  -0.2024299949407578  -0.1335400044918060   0.0684899985790253
v  -0.1374000012874603   0.1987099945545197   0.0564399994909763
v  -0.1466300040483475   0.1902000010013580   0.0578400008380413
v  -0.1556300073862076   0.1824200004339218   0.0618700012564659
v  -0.1640499979257584   0.1748799979686737   0.0655099973082542
v  -0.1716299951076508   0.1667499989271164   0.0682300031185150
v  -0.1783400028944016   0.1576800048351288   0.0699900016188622
v  -0.1841800063848496   0.1479000002145767   0.0710199996829033
v  -0.1885800063610077   0.1373900026082993   0.0710000023245812
v  -0.1929900050163269   0.1269800066947937   0.0713199973106384
v  -0.1975599974393845   0.1167400032281876   0.0722099989652634
v  -0.2023999989032745   0.1063700020313263   0.0734300017356873
v  -0.2064100056886673   0.0950400009751320   0.0735099986195564
v  -0.2107799947261810   0.0836500003933907   0.0737499967217445
v  -0.2162899971008301   0.0730400010943413   0.0748699977993965
v  -0.2213400006294251   0.0626500025391579   0.0758500024676323
v  -0.2258799970149994   0.0526000000536442   0.0768200010061264
v  -0.2299900054931641   0.0427200011909008   0.0781100019812584
v  -0.2332199960947037   0.0326099991798401   0.0793500021100044
v  -0.2356799989938736   0.0221100002527237   0.0803399980068207
v  -0.2359600067138672   0.0108599998056889   0.0795200020074844
v  -0.2342800050973892  -0.0005600000149570   0.0772899985313416
v  -0.2333399951457977  -0.0122600002214313   0.0761599987745285
v  -0.2333099991083145  -0.0243100002408028   0.0762400031089783
v  -0.2327599972486496  -0.0362700000405312   0.0757599994540215
v  -0.2317399978637695  -0.0480699986219406   0.0748099982738495
v  -0.2312300056219101  -0.0596899986267090   0.0740099996328354
v  -0.2300100028514862  -0.0710500031709671   0.0725599974393845
v  -0.2277799993753433  -0.0822499990463257   0.0708599984645844
v  -0.2252800017595291  -0.0933699980378151   0.0691699981689453
v  -0.2216400057077408  -0.1042400002479553   0.0671700015664101
v  -0.2174399942159653  -0.1151499971747398   0.0652099996805191
v  -0.2127700001001358  -0.1261299997568131   0.0632599964737892
v  -0.2063200026750565  -0.1362500041723251   0.0621099993586540
v  -0.1425099968910217   0.2064000070095062   0.0488799996674061
v  -0.1510600000619888   0.1968500018119812   0.0511900000274181
v  -0.1596799939870834   0.1879400014877319   0.0540600009262562
v  -0.1683499962091446   0.1802099943161011   0.0578700006008148
v  -0.1764400005340576   0.1715299934148789   0.0608199983835220
v  -0.1828099936246872   0.1614599972963333   0.0614599995315075
v  -0.1897400021553040   0.1517499983310700   0.0626899972558022
v  -0.1948000043630600   0.1414400041103363   0.0628900006413460
v  -0.1989600062370300   0.1308600008487701   0.0623000003397465
v  -0.2038699984550476   0.1204200014472008   0.0630099996924400
v  -0.2089799940586090   0.1105400025844574   0.0643000006675720
v  -0.2138399928808212   0.0983999967575073   0.0643799975514412
v  -0.2190500050783157   0.0866999998688698   0.0649200007319450
v  -0.2240300029516220   0.0755899995565414   0.0655499994754791
v  -0.2292200028896332   0.0643699988722801   0.0662100017070770
v  -0.2333800047636032   0.0543700009584427   0.0672499984502792
v  -0.2378000020980835   0.0443099997937679   0.0683000013232231
v  -0.2409700006246567   0.0340900011360645   0.0694599971175194
v  -0.2433899939060211   0.0236399993300438   0.0697799995541573
v  -0.2438700050115585   0.0114700002595782   0.0697200000286102
v  -0.2429800033569336  -0.0003600000054576   0.0684299990534782
v  -0.2407200038433075  -0.0125399995595217   0.0666100010275841
v  -0.2410700023174286  -0.0245299991220236   0.0667399987578392
v  -0.2406799942255020  -0.0373700000345707   0.0664199963212013
v  -0.2389200031757355  -0.0498399995267391   0.0656000003218651
v  -0.2374600023031235  -0.0614299997687340   0.0641100034117699
v  -0.2349099963903427  -0.0728499963879585   0.0625300034880638
v  -0.2332199960947037  -0.0843100026249886   0.0611499994993210
v  -0.2313099950551987  -0.0955400019884110   0.0599800013005734
v  -0.2268400043249130  -0.1067600026726723   0.0583099983632565
v  -0.2218900024890900  -0.1177700012922287   0.0567299984395504
v  -0.2169899940490723  -0.1287000030279160   0.0547799989581108
v  -0.2115399986505508  -0.1392599940299988   0.0526200011372566
v  -0.1463000029325485   0.2123800069093704   0.0439300015568733
v  -0.1557199954986572   0.2035900056362152   0.0450999997556210
v  -0.1635800004005432   0.1934500038623810   0.0464400015771389
v  -0.1711899936199188   0.1839299947023392   0.0486899986863136
v  -0.1794400066137314   0.1749700009822846   0.0508899986743927
v  -0.1856900006532669   0.1641300022602081   0.0516799986362457
v  -0.1931000053882599   0.1543300002813339   0.0528299994766712
v  -0.1994899958372116   0.1442800015211105   0.0534599982202053
v  -0.2052000015974045   0.1340000033378601   0.0536900013685226
v  -0.2111700028181076   0.1239200010895729   0.0546300001442432
v  -0.2166099995374680   0.1132600009441376   0.0551100000739098
v  -0.2216099947690964   0.1016599982976914   0.0554100014269352
v  -0.2257200032472611   0.0893900021910667   0.0548500008881092
v  -0.2312999963760376   0.0777600035071373   0.0559299997985363
v  -0.2361100018024445   0.0664800032973290   0.0565799996256828
v  -0.2399599999189377   0.0557899996638298   0.0571699999272823
v  -0.2440800070762634   0.0457100011408329   0.0581800006330013
v  -0.2473500072956085   0.0351700000464916   0.0588800013065338
v  -0.2500500082969666   0.0240299999713898   0.0594899989664555
v  -0.2504400014877319   0.0118199996650219   0.0592599995434284
v  -0.2497200071811676  -0.0007500000065193   0.0584199987351894
v  -0.2480099946260452  -0.0131900003179908   0.0567900016903877
v  -0.2469699978828430  -0.0256200004369020   0.0556100010871887
v  -0.2463500052690506  -0.0379900000989437   0.0549799986183643
v  -0.2457800060510635  -0.0504500009119511   0.0547499991953373
v  -0.2438499927520752  -0.0628999993205071   0.0536700002849102
v  -0.2411600053310394  -0.0749899968504906   0.0521899983286858
v  -0.2392800003290176  -0.0866999998688698   0.0514300018548965
v  -0.2378100007772446  -0.0984499976038933   0.0514900013804436
v  -0.2332600057125092  -0.1097899973392487   0.0499499998986721
v  -0.2273299992084503  -0.1206500008702278   0.0479299984872341
v  -0.2211699932813644  -0.1311700046062470   0.0460500009357929
v  -0.2143799960613251  -0.1414200067520142   0.0453899987041950
v  -0.1512899994850159   0.2197100073099136   0.0368199981749058
v  -0.1606300026178360   0.2101799994707108   0.0390600003302097
v  -0.1686599999666214   0.1994200050830841   0.0396399982273579
v  -0.1741199940443039   0.1879100054502487   0.0398400016129017
v  -0.1807699948549271   0.1772899925708771   0.0404799990355969
v  -0.1880200058221817   0.1662900000810623   0.0413100011646748
v  -0.1954800039529800   0.1556800007820129   0.0421499982476234
v  -0.2037699967622757   0.1466699987649918   0.0436000004410744
v  -0.2120600044727325   0.1377799957990646   0.0453100018203259
v  -0.2192399948835373   0.1280100047588348   0.0468599982559681
v  -0.2248100042343140   0.1167699992656708   0.0472699999809265
v  -0.2299900054931641   0.1049100011587143   0.0468100011348724
v  -0.2331700026988983   0.0923800021409988   0.0450799986720085
v  -0.2367099970579147   0.0795900002121925   0.0448400005698204
v  -0.2417600005865097   0.0668800026178360   0.0459400005638599
v  -0.2458599954843521   0.0571499988436699   0.0465600006282330
v  -0.2494799941778183   0.0468199998140335   0.0472600013017654
v  -0.2525500059127808   0.0359600000083447   0.0476199984550476
v  -0.2551699876785278   0.0249799992889166   0.0479599982500076
v  -0.2556599974632263   0.0120200002565980   0.0479700006544590
v  -0.2542900145053864  -0.0009399999980815   0.0474799983203411
v  -0.2546699941158295  -0.0138900000602007   0.0460500009357929
v  -0.2533600032329559  -0.0268399994820356   0.0440899990499020
v  -0.2522400021553040  -0.0388699993491173   0.0435799993574619
v  -0.2524600028991699  -0.0508200004696846   0.0436899997293949
v  -0.2508400082588196  -0.0644199997186661   0.0434199981391430
v  -0.2477999925613403  -0.0777499973773956   0.0419799983501434
v  -0.2467799931764603  -0.0891200006008148   0.0425899997353554
v  -0.2452100068330765  -0.1010700017213821   0.0426900014281273
v  -0.2400999963283539  -0.1131300032138825   0.0417999997735024
v  -0.2336300015449524  -0.1242100000381470   0.0395900011062622
v  -0.2261800020933151  -0.1342999935150147   0.0379999987781048
v  -0.2193699926137924  -0.1447499990463257   0.0366600006818771
v  -0.1545300036668778   0.2245700061321259   0.0304300002753735
v  -0.1642500013113022   0.2151300013065338   0.0311799999326468
v  -0.1720599979162216   0.2039400041103363   0.0315399989485741
v  -0.1786800026893616   0.1923100054264069   0.0315800011157990
v  -0.1839500069618225   0.1800899952650070   0.0310399997979403
v  -0.1906500011682510   0.1684000045061112   0.0310600008815527
v  -0.1986999958753586   0.1578000038862228   0.0317000001668930
v  -0.2078700065612793   0.1490499973297119   0.0333800017833710
v  -0.2169300019741058   0.1405200064182282   0.0352200008928776
v  -0.2244900017976761   0.1305299997329712   0.0362799987196922
v  -0.2306800037622452   0.1194799989461899   0.0363800004124641
v  -0.2361900061368942   0.1079000011086464   0.0362400002777576
v  -0.2407200038433075   0.0956100001931191   0.0356799997389317
v  -0.2437299937009811   0.0824600011110306   0.0347499996423721
v  -0.2474800050258637   0.0699300020933151   0.0349499993026257
v  -0.2517000138759613   0.0587499998509884   0.0355699993669987
v  -0.2547599971294403   0.0477599985897541   0.0357300005853176
v  -0.2574200034141541   0.0366999991238117   0.0359999984502792
v  -0.2596699893474579   0.0250700004398823   0.0362999998033047
v  -0.2603999972343445   0.0123199997469783   0.0361000001430512
v  -0.2592799961566925  -0.0008900000248104   0.0350099988281727
v  -0.2592599987983704  -0.0141000002622604   0.0339699983596802
v  -0.2591600120067596  -0.0271199997514486   0.0330200009047985
v  -0.2586300075054169  -0.0397799983620644   0.0326099991798401
v  -0.2584500014781952  -0.0524800010025501   0.0328899994492531
v  -0.2569600045681000  -0.0655300021171570   0.0327100008726120
v  -0.2545199990272522  -0.0784500017762184   0.0323299989104271
v  -0.2531999945640564  -0.0911799967288971   0.0331900008022785
v  -0.2503400146961212  -0.1035699993371964   0.0331699997186661
v  -0.2455500066280365  -0.1157300025224686   0.0327199995517731
v  -0.2376700043678284  -0.1262499988079071   0.0307000000029802
v  -0.2297199964523315  -0.1363700032234192   0.0290600005537272
v  -0.2222599983215332  -0.1471199989318848   0.0287699997425079
v  -0.1576900035142899   0.2293699979782105   0.0213900003582239
v  -0.1670899987220764   0.2187999933958054   0.0226099994033575
v  -0.1745699942111969   0.2075999975204468   0.0227700006216764
v  -0.1807499974966049   0.1946800053119659   0.0222800001502037
v  -0.1862999945878983   0.1825200021266937   0.0214900001883507
v  -0.1940100044012070   0.1711300015449524   0.0215000007301569
v  -0.2036200016736984   0.1606599986553192   0.0215099994093180
v  -0.2118300050497055   0.1518200039863586   0.0232699997723103
v  -0.2200500071048737   0.1418000012636185   0.0242500007152557
v  -0.2260500043630600   0.1309500038623810   0.0243800003081560
v  -0.2317799925804138   0.1198100000619888   0.0238000005483627
v  -0.2384900003671646   0.1086499989032745   0.0240199994295836
v  -0.2454299926757813   0.0981900021433830   0.0234900005161762
v  -0.2500000000000000   0.0851999968290329   0.0244600009173155
v  -0.2532399892807007   0.0718600004911423   0.0239700004458427
v  -0.2580299973487854   0.0609100013971329   0.0251100007444620
v  -0.2622399926185608   0.0494999997317791   0.0251599997282028
v  -0.2643699944019318   0.0377800017595291   0.0256299991160631
v  -0.2658500075340271   0.0261199995875359   0.0251700002700090
v  -0.2655200064182282   0.0123800002038479   0.0246699992567301
v  -0.2644099891185761  -0.0008900000248104   0.0229499991983175
v  -0.2639999985694885  -0.0145300002768636   0.0225000008940697
v  -0.2659099996089935  -0.0278200004249811   0.0219100005924702
v  -0.2657200098037720  -0.0407500006258488   0.0226700007915497
v  -0.2642399966716766  -0.0536900013685226   0.0217199996113777
v  -0.2621600031852722  -0.0666799992322922   0.0220699999481440
v  -0.2610099911689758  -0.0795399993658066   0.0221500005573034
v  -0.2579100131988525  -0.0925400033593178   0.0230400003492832
v  -0.2534399926662445  -0.1050100028514862   0.0225399993360043
v  -0.2488500028848648  -0.1173100024461746   0.0226900000125170
v  -0.2421299964189529  -0.1285600066184998   0.0215700007975101
v  -0.2335000038146973  -0.1387699991464615   0.0204099994152784
v  -0.2254000008106232  -0.1492599993944168   0.0193199999630451
v  -0.1600600033998489   0.2317200005054474   0.0137099996209145
v  -0.1697099953889847   0.2215400040149689   0.0137799996882677
v  -0.1773899942636490   0.2097799926996231   0.0138499997556210
v  -0.1826300024986267   0.1968300044536591   0.0132099995389581
v  -0.1888599991798401   0.1846300065517426   0.0128300003707409
v  -0.1967799961566925   0.1736100018024445   0.0124199995771050
v  -0.2051800042390823   0.1632100045681000   0.0123600000515580
v  -0.2133100032806397   0.1531199961900711   0.0128699997439981
v  -0.2204000055789948   0.1423999965190888   0.0132900001481175
v  -0.2261299937963486   0.1306300014257431   0.0131099997088313
v  -0.2329999953508377   0.1194899976253510   0.0130899995565414
v  -0.2406399995088577   0.1089999973773956   0.0129899997264147
v  -0.2485499978065491   0.0988999977707863   0.0134100001305342
v  -0.2545799911022186   0.0871699973940849   0.0139100002124906
v  -0.2584100067615509   0.0745199993252754   0.0140199996531010
v  -0.2634499967098236   0.0629400014877319   0.0147000001743436
v  -0.2682000100612640   0.0513000003993511   0.0155300004407763
v  -0.2707499861717224   0.0386100001633167   0.0153900003060699
v  -0.2717599868774414   0.0254100002348423   0.0151399997994304
v  -0.2702400088310242   0.0119700003415346   0.0139300003647804
v  -0.2689200043678284  -0.0015600000042468   0.0129699995741248
v  -0.2683799862861633  -0.0150600001215935   0.0121700000017881
v  -0.2703300118446350  -0.0283499993383884   0.0124000003561378
v  -0.2714900076389313  -0.0415600016713142   0.0128300003707409
v  -0.2697699964046478  -0.0547300018370152   0.0126099996268749
v  -0.2682400047779083  -0.0680200010538101   0.0128399999812245
v  -0.2661199867725372  -0.0811600014567375   0.0131999999284744
v  -0.2618100047111511  -0.0936999991536140   0.0130399996414781
v  -0.2564699947834015  -0.1059800013899803   0.0126700000837445
v  -0.2520200014114380  -0.1188599988818169   0.0128600001335144
v  -0.2452600002288818  -0.1305499970912933   0.0123899998143315
v  -0.2364600002765656  -0.1406800001859665   0.0115000000223517
v  -0.2277200073003769  -0.1509100049734116   0.0113099999725819
v  -0.1618900001049042   0.2331800013780594   0.0044800001196563
v  -0.1708099991083145   0.2223899960517883   0.0043100002221763
v  -0.1784400045871735   0.2110199928283691   0.0042300000786781
v  -0.1846899986267090   0.1984300017356873   0.0041100000962615
v  -0.1910600066184998   0.1864300072193146   0.0042300000786781
v  -0.1981099992990494   0.1749899983406067   0.0030400000978261
v  -0.2057500034570694   0.1643999963998795   0.0022799998987466
v  -0.2144100069999695   0.1544300019741058   0.0026700000744313
v  -0.2211399972438812   0.1435199975967407   0.0028899998869747
v  -0.2270600050687790   0.1311600059270859   0.0022899999748915
v  -0.2346699982881546   0.1194700002670288   0.0021200000774115
v  -0.2435300052165985   0.1099700033664703   0.0023499999660999
v  -0.2517400085926056   0.1000100001692772   0.0026199999265373
v  -0.2572300136089325   0.0883200019598007   0.0028800000436604
v  -0.2615599930286408   0.0758699998259544   0.0031399999279529
v  -0.2664699852466583   0.0642699971795082   0.0035000001080334
v  -0.2711800038814545   0.0525700002908707   0.0042200000025332
v  -0.2751600146293640   0.0392000004649162   0.0041200001724064
v  -0.2757999897003174   0.0250599998980761   0.0040199998766184
v  -0.2735899984836578   0.0114799998700619   0.0031500000040978
v  -0.2710199952125549  -0.0023199999704957   0.0024500000290573
v  -0.2708500027656555  -0.0156399998813868   0.0019900000188500
v  -0.2741999924182892  -0.0290300007909536   0.0022499999031425
v  -0.2751399874687195  -0.0421300008893013   0.0024999999441206
v  -0.2730000019073486  -0.0554400011897087   0.0021200000774115
v  -0.2709400057792664  -0.0689100027084351   0.0026899999938905
v  -0.2700600028038025  -0.0825700014829636   0.0036299999337643
v  -0.2659400105476379  -0.0952199995517731   0.0035399999469519
v  -0.2608999907970429  -0.1075199991464615   0.0034099998883903
v  -0.2552700042724609  -0.1204800009727478   0.0032999999821186
v  -0.2467000037431717  -0.1314200013875961   0.0021399999968708
v  -0.2383300065994263  -0.1418199986219406   0.0025100000202656
v  -0.2294400036334992  -0.1518400013446808   0.0023399998899549
v  -0.1603199988603592   0.2320500016212463  -0.0054100002162158
v  -0.1687400043010712   0.2210099995136261  -0.0049800002016127
v  -0.1778800040483475   0.2106299996376038  -0.0055100000463426
v  -0.1861599981784821   0.1995200067758560  -0.0055700000375509
v  -0.1920800060033798   0.1870999932289124  -0.0058400002308190
v  -0.1986799985170364   0.1754100024700165  -0.0066900001838803
v  -0.2071699947118759   0.1652799993753433  -0.0074200001545250
v  -0.2157900035381317   0.1554200053215027  -0.0077200001105666
v  -0.2226099967956543   0.1440799981355667  -0.0080700004473329
v  -0.2288099974393845   0.1321800053119659  -0.0085800001397729
v  -0.2361900061368942   0.1209099963307381  -0.0089199999347329
v  -0.2451300024986267   0.1110199987888336  -0.0087599996477366
v  -0.2531999945640564   0.1008300036191940  -0.0086399996653199
v  -0.2583799958229065   0.0889300033450127  -0.0086500002071261
v  -0.2628299891948700   0.0766599997878075  -0.0086500002071261
v  -0.2676399946212769   0.0647400021553040  -0.0086099999025464
v  -0.2712300121784210   0.0522500015795231  -0.0086099999025464
v  -0.2749300003051758   0.0390900000929832  -0.0085300002247095
v  -0.2758300006389618   0.0252000000327826  -0.0084699997678399
v  -0.2741700112819672   0.0114700002595782  -0.0083799995481968
v  -0.2717800140380859  -0.0020999999251217  -0.0084600001573563
v  -0.2721300125122070  -0.0156299993395805  -0.0084400000050664
v  -0.2753599882125855  -0.0288999993354082  -0.0084699997678399
v  -0.2761000096797943  -0.0422599986195564  -0.0084600001573563
v  -0.2737799882888794  -0.0556100010871887  -0.0083400001749396
v  -0.2723399996757507  -0.0691099986433983  -0.0078699998557568
v  -0.2711000144481659  -0.0827500000596046  -0.0074200001545250
v  -0.2676799893379211  -0.0960199981927872  -0.0070699998177588
v  -0.2630699872970581  -0.1090300008654594  -0.0067400000989437
v  -0.2564199864864349  -0.1212399974465370  -0.0066599999554455
v  -0.2476399987936020  -0.1319400072097778  -0.0065100002102554
v  -0.2394399940967560  -0.1426399946212769  -0.0062199998646975
v  -0.2311599999666214  -0.1533900052309036  -0.0058599999174476
v  -0.1583500057458878   0.2300799936056137  -0.0135099999606609
v  -0.1666000038385391   0.2187999933958054  -0.0140899997204542
v  -0.1762699931859970   0.2095199972391129  -0.0150800002738833
v  -0.1848900020122528   0.1984000056982040  -0.0156100001186132
v  -0.1916899979114533   0.1865099966526032  -0.0154499998316169
v  -0.1982299983501434   0.1748300045728684  -0.0167200006544590
v  -0.2070699930191040   0.1648599952459335  -0.0176599994301796
v  -0.2161500006914139   0.1555799990892410  -0.0184499993920326
v  -0.2235800027847290   0.1445399969816208  -0.0189500004053116
v  -0.2293899953365326   0.1328199952840805  -0.0196599997580051
v  -0.2371899932622910   0.1218200027942658  -0.0199800003319979
v  -0.2454500049352646   0.1115799993276596  -0.0201999992132187
v  -0.2523399889469147   0.1004500016570091  -0.0198299996554852
v  -0.2570500075817108   0.0886799991130829  -0.0204000007361174
v  -0.2614400088787079   0.0763700008392334  -0.0205700006335974
v  -0.2656100094318390   0.0642300024628639  -0.0210200008004904
v  -0.2683799862861633   0.0517500005662441  -0.0209199991077185
v  -0.2719599902629852   0.0387100018560886  -0.0211399998515844
v  -0.2738899886608124   0.0252299997955561  -0.0206300001591444
v  -0.2724399864673615   0.0115499999374151  -0.0202399995177984
v  -0.2712300121784210  -0.0020200000144541  -0.0193099994212389
v  -0.2718999981880188  -0.0153799997642636  -0.0195400007069111
v  -0.2736400067806244  -0.0289200004190207  -0.0190999992191792
v  -0.2740299999713898  -0.0420800000429153  -0.0196199994534254
v  -0.2736400067806244  -0.0555000007152557  -0.0191500000655651
v  -0.2721700072288513  -0.0689600035548210  -0.0191500000655651
v  -0.2693299949169159  -0.0823099985718727  -0.0183799993246794
v  -0.2660399973392487  -0.0956100001931191  -0.0180699992924929
v  -0.2621999979019165  -0.1090700030326843  -0.0172300003468990
v  -0.2557500004768372  -0.1211299970746040  -0.0168200004845858
v  -0.2477200031280518  -0.1320900022983551  -0.0155100002884865
v  -0.2400200068950653  -0.1432700008153915  -0.0151100000366569
v  -0.2323199957609177  -0.1542399972677231  -0.0141399996355176
v  -0.1565400063991547   0.2272900044918060  -0.0236200001090765
v  -0.1653800010681152   0.2168100029230118  -0.0236399993300438
v  -0.1748200058937073   0.2070900052785873  -0.0249199997633696
v  -0.1830299943685532   0.1963399946689606  -0.0257399994879961
v  -0.1908500045537949   0.1854600012302399  -0.0265200007706881
v  -0.1974299997091293   0.1739100068807602  -0.0271300002932549
v  -0.2055300027132034   0.1636400073766708  -0.0281099993735552
v  -0.2150599956512451   0.1547099947929382  -0.0294199995696545
v  -0.2231599986553192   0.1445800065994263  -0.0303899999707937
v  -0.2295500040054321   0.1333499997854233  -0.0310200005769730
v  -0.2367900013923645   0.1225999966263771  -0.0316400006413460
v  -0.2445099949836731   0.1118900030851364  -0.0320900008082390
v  -0.2504599988460541   0.1002399995923042  -0.0323200002312660
v  -0.2530100047588348   0.0875400006771088  -0.0318600013852119
v  -0.2569999992847443   0.0753099992871285  -0.0322099998593330
v  -0.2603099942207336   0.0629400014877319  -0.0325299985706806
v  -0.2644000053405762   0.0506899990141392  -0.0331900008022785
v  -0.2674100100994110   0.0379099994897842  -0.0333499982953072
v  -0.2687599956989288   0.0247399993240833  -0.0329799987375736
v  -0.2691699862480164   0.0115299997851253  -0.0324199981987476
v  -0.2680900096893311  -0.0017000000225380  -0.0314900018274784
v  -0.2696500122547150  -0.0148900002241135  -0.0314599983394146
v  -0.2707099914550781  -0.0281600002199411  -0.0313999988138676
v  -0.2701700031757355  -0.0416399985551834  -0.0309500005096197
v  -0.2706399857997894  -0.0550800003111362  -0.0310399997979403
v  -0.2697300016880035  -0.0683699995279312  -0.0307800006121397
v  -0.2669500112533569  -0.0814500004053116  -0.0300200004130602
v  -0.2635000050067902  -0.0946699976921082  -0.0292600002139807
v  -0.2591800093650818  -0.1077200025320053  -0.0284499991685152
v  -0.2528299987316132  -0.1197500005364418  -0.0270300004631281
v  -0.2456399947404862  -0.1311700046062470  -0.0255500003695488
v  -0.2386099994182587  -0.1425700038671494  -0.0243999995291233
v  -0.2307000011205673  -0.1534299999475479  -0.0237499997019768
v  -0.1558700054883957   0.2255599945783615  -0.0326000005006790
v  -0.1645999997854233   0.2149399966001511  -0.0336299985647202
v  -0.1725800037384033   0.2038799971342087  -0.0342699997127056
v  -0.1808599978685379   0.1937800049781799  -0.0357800014317036
v  -0.1885199993848801   0.1830500066280365  -0.0370699986815453
v  -0.1958400011062622   0.1723999977111816  -0.0376200005412102
v  -0.2039099931716919   0.1623000055551529  -0.0385099984705448
v  -0.2124000042676926   0.1527599990367889  -0.0399900004267693
v  -0.2205899953842163   0.1427499949932098  -0.0411499999463558
v  -0.2276200056076050   0.1326200067996979  -0.0420800000429153
v  -0.2348899990320206   0.1226100027561188  -0.0429299995303154
v  -0.2425400018692017   0.1114500015974045  -0.0443199984729290
v  -0.2475699931383133   0.0992200002074242  -0.0445200018584728
v  -0.2498199939727783   0.0865499973297119  -0.0440800003707409
v  -0.2534199953079224   0.0743499994277954  -0.0442299991846085
v  -0.2551699876785278   0.0616800002753735  -0.0441399998962879
v  -0.2584199905395508   0.0494100004434586  -0.0446299985051155
v  -0.2607299983501434   0.0368699990212917  -0.0446700006723404
v  -0.2624399960041046   0.0242100004106760  -0.0444100014865398
v  -0.2629599869251251   0.0113399997353554  -0.0437900014221668
v  -0.2632499933242798  -0.0013899999903515  -0.0430300012230873
v  -0.2640999853610992  -0.0144100002944469  -0.0428400002419949
v  -0.2651099860668182  -0.0273100007325411  -0.0425099991261959
v  -0.2651599943637848  -0.0407899990677834  -0.0423199981451035
v  -0.2665500044822693  -0.0547700002789497  -0.0425999984145165
v  -0.2650800049304962  -0.0673099979758263  -0.0421699993312359
v  -0.2617299854755402  -0.0795900002121925  -0.0403099991381168
v  -0.2581599950790405  -0.0926899984478951  -0.0395799987018108
v  -0.2535400092601776  -0.1052400022745132  -0.0381999984383583
v  -0.2483900040388107  -0.1175799965858460  -0.0368199981749058
v  -0.2426600009202957  -0.1297200024127960  -0.0351300016045570
v  -0.2359700053930283  -0.1410699933767319  -0.0337500013411045
v  -0.2289199978113174  -0.1521999984979630  -0.0320300012826920
v  -0.1527100056409836   0.2209900021553040  -0.0425999984145165
v  -0.1620900034904480   0.2116100043058395  -0.0429500006139278
v  -0.1700000017881393   0.2009599953889847  -0.0439900010824204
v  -0.1776999980211258   0.1904499977827072  -0.0451899990439415
v  -0.1855400055646896   0.1802600026130676  -0.0466299988329411
v  -0.1929299980401993   0.1698800027370453  -0.0476199984550476
v  -0.2001899927854538   0.1594700068235397  -0.0485199987888336
v  -0.2086800038814545   0.1501899957656860  -0.0501400008797646
v  -0.2163899987936020   0.1403400003910065  -0.0513300001621246
v  -0.2234400063753128   0.1301899999380112  -0.0524899996817112
v  -0.2305600047111511   0.1200300008058548  -0.0540799982845783
v  -0.2369499951601028   0.1090399995446205  -0.0552400015294552
v  -0.2417200058698654   0.0971800014376640  -0.0557399988174439
v  -0.2455500066280365   0.0851299986243248  -0.0560600012540817
v  -0.2481999993324280   0.0728299990296364  -0.0560300014913082
v  -0.2504900097846985   0.0605500005185604  -0.0561200007796288
v  -0.2526499927043915   0.0482800006866455  -0.0562000013887882
v  -0.2540799975395203   0.0359000004827976  -0.0558199994266033
v  -0.2559800148010254   0.0235099997371435  -0.0557999983429909
v  -0.2562200129032135   0.0109700001776218  -0.0548399984836578
v  -0.2562299966812134  -0.0015600000042468  -0.0538799986243248
v  -0.2564300000667572  -0.0140399998053908  -0.0531199984252453
v  -0.2570300102233887  -0.0266299992799759  -0.0527999997138977
v  -0.2578699886798859  -0.0395000018179417  -0.0527699999511242
v  -0.2582800090312958  -0.0524500012397766  -0.0528599992394447
v  -0.2581399977207184  -0.0652899965643883  -0.0525199994444847
v  -0.2561100125312805  -0.0780000016093254  -0.0513200014829636
v  -0.2528199851512909  -0.0907000005245209  -0.0498399995267391
v  -0.2482399940490723  -0.1029800027608872  -0.0478200018405914
v  -0.2436300069093704  -0.1152999997138977  -0.0463000014424324
v  -0.2386199980974197  -0.1275600045919418  -0.0448199994862080
v  -0.2326000034809113  -0.1391900032758713  -0.0430100001394749
v  -0.2258999943733215  -0.1505199968814850  -0.0423900000751019
v  -0.1496700048446655   0.2163300067186356  -0.0492199994623661
v  -0.1588100045919418   0.2074099928140640  -0.0516799986362457
v  -0.1670899987220764   0.1975899934768677  -0.0533500015735626
v  -0.1739200055599213   0.1865600049495697  -0.0541599988937378
v  -0.1810899972915649   0.1760900020599365  -0.0553000010550022
v  -0.1889500021934509   0.1665000021457672  -0.0571000017225742
v  -0.1963600069284439   0.1565500050783157  -0.0584799982607365
v  -0.2038899958133698   0.1467899978160858  -0.0598599985241890
v  -0.2110300064086914   0.1366900056600571  -0.0607899986207485
v  -0.2172800004482269   0.1263400018215179  -0.0619999989867210
v  -0.2238100022077560   0.1161499992012978  -0.0635199993848801
v  -0.2301699966192246   0.1058299988508225  -0.0653299987316132
v  -0.2353699952363968   0.0947899967432022  -0.0662000030279160
v  -0.2392199933528900   0.0830399990081787  -0.0669599995017052
v  -0.2424200028181076   0.0711200013756752  -0.0673400014638901
v  -0.2446600049734116   0.0591400004923344  -0.0674799978733063
v  -0.2461799979209900   0.0470400005578995  -0.0673900023102760
v  -0.2478999942541122   0.0349600017070770  -0.0671600028872490
v  -0.2483399957418442   0.0228400006890297  -0.0663300007581711
v  -0.2479600012302399   0.0105799995362759  -0.0647900030016899
v  -0.2479300051927567  -0.0017999999690801  -0.0638099983334541
v  -0.2489600032567978  -0.0136099997907877  -0.0636399984359741
v  -0.2492000013589859  -0.0256900005042553  -0.0632300004363060
v  -0.2498199939727783  -0.0380700007081032  -0.0627700015902519
v  -0.2495799958705902  -0.0502200014889240  -0.0620799995958805
v  -0.2499500066041946  -0.0630199983716011  -0.0618899986147881
v  -0.2494499981403351  -0.0758299976587296  -0.0613400004804134
v  -0.2465399950742722  -0.0884699970483780  -0.0596299991011620
v  -0.2434200048446655  -0.1008799970149994  -0.0576499998569489
v  -0.2390599995851517  -0.1132100000977516  -0.0560999996960163
v  -0.2337400019168854  -0.1248899996280670  -0.0535399988293648
v  -0.2278600037097931  -0.1363900005817413  -0.0516000017523766
v  -0.2224099934101105  -0.1482200026512146  -0.0498300008475781
v  -0.1459400057792664   0.2111999988555908  -0.0588500015437603
v  -0.1549600064754486   0.2025599926710129  -0.0597900003194809
v  -0.1628500074148178   0.1926999986171722  -0.0616599991917610
v  -0.1702300012111664   0.1826200038194656  -0.0632200017571449
v  -0.1776099950075150   0.1727599948644638  -0.0648799985647202
v  -0.1841399967670441   0.1623699963092804  -0.0659400001168251
v  -0.1913699954748154   0.1526499986648560  -0.0676100030541420
v  -0.1979999989271164   0.1424800008535385  -0.0686499997973442
v  -0.2041399925947189   0.1320499926805496  -0.0693399980664253
v  -0.2109899967908859   0.1224699988961220  -0.0714399963617325
v  -0.2170300036668778   0.1123799979686737  -0.0730800032615662
v  -0.2231300026178360   0.1023999974131584  -0.0750700011849403
v  -0.2286799997091293   0.0920199975371361  -0.0768399983644486
v  -0.2333600074052811   0.0810099989175797  -0.0781399980187416
v  -0.2361200004816055   0.0692899972200394  -0.0782700031995773
v  -0.2376199960708618   0.0574400015175343  -0.0778400003910065
v  -0.2381000071763992   0.0455799996852875  -0.0767600014805794
v  -0.2395900040864945   0.0338499993085861  -0.0766500011086464
v  -0.2402099967002869   0.0220599994063377  -0.0759499967098236
v  -0.2401400059461594   0.0102599998936057  -0.0747900009155273
v  -0.2403099983930588  -0.0015000000130385  -0.0739199966192246
v  -0.2407499998807907  -0.0131200002506375  -0.0732199996709824
v  -0.2412700057029724  -0.0247900001704693  -0.0726599991321564
v  -0.2417799979448319  -0.0367200002074242  -0.0722000002861023
v  -0.2414499968290329  -0.0488100014626980  -0.0711700022220612
v  -0.2414200007915497  -0.0611400008201599  -0.0706100016832352
v  -0.2409799993038178  -0.0736000016331673  -0.0700400024652481
v  -0.2393600046634674  -0.0860000029206276  -0.0687500014901161
v  -0.2371000051498413  -0.0984399989247322  -0.0674299970269203
v  -0.2332399934530258  -0.1104200035333633  -0.0651699975132942
v  -0.2285100072622299  -0.1221200004220009  -0.0627399981021881
v  -0.2236199975013733  -0.1339199990034103  -0.0606300011277199
v  -0.2179300040006638  -0.1453700065612793  -0.0599999986588955
v  -0.1431300044059753   0.2072899937629700  -0.0653999969363213
v  -0.1511099934577942   0.1976599991321564  -0.0679199993610382
v  -0.1588100045919418   0.1877599954605103  -0.0699499994516373
v  -0.1663600057363510   0.1784400045871735  -0.0722599998116493
v  -0.1735800057649612   0.1687799990177155  -0.0739900022745132
v  -0.1793300062417984   0.1581500023603439  -0.0748900026082993
v  -0.1856999993324280   0.1482000052928925  -0.0761699974536896
v  -0.1910700052976608   0.1375100016593933  -0.0765800029039383
v  -0.1978400051593781   0.1276700049638748  -0.0781399980187416
v  -0.2045000046491623   0.1186700016260147  -0.0808100029826164
v  -0.2105299979448319   0.1087900027632713  -0.0825700014829636
v  -0.2166099995374680   0.0993999987840653  -0.0852100029587746
v  -0.2218499928712845   0.0891999974846840  -0.0870800018310547
v  -0.2255399972200394   0.0782999992370606  -0.0877500027418137
v  -0.2281699925661087   0.0670799985527992  -0.0877100005745888
v  -0.2289099991321564   0.0555200017988682  -0.0866200029850006
v  -0.2294799983501434   0.0440500006079674  -0.0855799987912178
v  -0.2312500029802322   0.0327400006353855  -0.0857300013303757
v  -0.2328400015830994   0.0213799998164177  -0.0860299989581108
v  -0.2337500005960465   0.0100600002333522  -0.0854699984192848
v  -0.2330700010061264  -0.0013699999544770  -0.0843100026249886
v  -0.2330600023269653  -0.0124800000339746  -0.0828099995851517
v  -0.2334000021219254  -0.0236399993300438  -0.0820399969816208
v  -0.2334199994802475  -0.0354500003159046  -0.0809599980711937
v  -0.2334399968385696  -0.0472000017762184  -0.0802199989557266
v  -0.2330700010061264  -0.0592500008642674  -0.0790999978780747
v  -0.2322199940681458  -0.0711999982595444  -0.0779099985957146
v  -0.2318899929523468  -0.0834399983286858  -0.0774699971079826
v  -0.2312899976968765  -0.0958999991416931  -0.0770099982619286
v  -0.2287199944257736  -0.1081999987363815  -0.0753099992871285
v  -0.2247000038623810  -0.1198899969458580  -0.0725700035691261
v  -0.2196300029754639  -0.1315599977970123  -0.0700299963355064
v  -0.2142599970102310  -0.1430100053548813  -0.0670799985527992
v  -0.1385200023651123   0.2005800008773804  -0.0746100023388863
v  -0.1465400010347366   0.1918700039386749  -0.0752099975943565
v  -0.1540399938821793   0.1825399994850159  -0.0779699981212616
v  -0.1615899950265884   0.1733999997377396  -0.0806299969553947
v  -0.1684899926185608   0.1638000011444092  -0.0826300010085106
v  -0.1743000000715256   0.1535899937152863  -0.0838299989700317
v  -0.1793799996376038   0.1430599987506867  -0.0843800008296967
v  -0.1850900053977966   0.1331399977207184  -0.0856800004839897
v  -0.1914499998092651   0.1238500028848648  -0.0877199992537499
v  -0.1974100023508072   0.1144199967384338  -0.0895500034093857
v  -0.2035199999809265   0.1052799969911575  -0.0919800028204918
v  -0.2093400061130524   0.0960299968719482  -0.0945399999618530
v  -0.2144200056791306   0.0862900018692017  -0.0966299995779991
v  -0.2168599963188171   0.0753400027751923  -0.0962899997830391
v  -0.2192000001668930   0.0644799992442131  -0.0960899963974953
v  -0.2205699980258942   0.0535200014710426  -0.0954499989748001
v  -0.2214999943971634   0.0425300002098084  -0.0947199985384941
v  -0.2236700057983398   0.0316799990832806  -0.0951299965381622
v  -0.2252700030803680   0.0207800008356571  -0.0951699987053871
v  -0.2260099947452545   0.0097799999639392  -0.0946599990129471
v  -0.2264499962329865  -0.0011800000211224  -0.0939100012183189
v  -0.2266899943351746  -0.0120299998670816  -0.0929400026798248
v  -0.2265200018882752  -0.0230000000447035  -0.0916600003838539
v  -0.2259099930524826  -0.0342999994754791  -0.0900899991393089
v  -0.2259999960660934  -0.0458699986338615  -0.0892100036144257
v  -0.2258300036191940  -0.0574500001966953  -0.0881799980998039
v  -0.2252600044012070  -0.0690900012850761  -0.0870399996638298
v  -0.2254900038242340  -0.0810500010848045  -0.0868100002408028
v  -0.2250500023365021  -0.0932699963450432  -0.0862200036644936
v  -0.2229699939489365  -0.1055200025439262  -0.0846199989318848
v  -0.2202800065279007  -0.1178300008177757  -0.0825299993157387
v  -0.2151699960231781  -0.1292400062084198  -0.0795100033283234
v  -0.2087900042533875  -0.1396699994802475  -0.0777399986982346
v  -0.1357299983501434   0.1962600052356720  -0.0804499983787537
v  -0.1424199938774109   0.1865199953317642  -0.0831300020217896
v  -0.1490299999713898   0.1768400073051453  -0.0856600031256676
v  -0.1563200056552887   0.1677200049161911  -0.0883599966764450
v  -0.1633200049400330   0.1584800034761429  -0.0908999964594841
v  -0.1684699952602387   0.1484899967908859  -0.0920699983835220
v  -0.1733900010585785   0.1379799991846085  -0.0929199978709221
v  -0.1794500052928925   0.1291200071573257  -0.0950900018215179
v  -0.1843899935483933   0.1194299980998039  -0.0963699966669083
v  -0.1900099962949753   0.1101500019431114  -0.0979399979114533
v  -0.1955800056457520   0.1007499992847443  -0.0996999964118004
v  -0.2011799961328507   0.0920000001788139  -0.1026500016450882
v  -0.2065899968147278   0.0831699967384338  -0.1056500002741814
v  -0.2092700004577637   0.0726900026202202  -0.1055200025439262
v  -0.2115699946880341   0.0620599985122681  -0.1053899973630905
v  -0.2134999930858612   0.0516499988734722  -0.1051499992609024
v  -0.2144799977540970   0.0410399995744228  -0.1043900027871132
v  -0.2162600010633469   0.0306000001728535  -0.1044100001454353
v  -0.2180500030517578   0.0202200002968311  -0.1045899987220764
v  -0.2190800011157990   0.0095100002363324  -0.1041700020432472
v  -0.2196699976921082  -0.0010999999940395  -0.1034799963235855
v  -0.2195200026035309  -0.0115799997001886  -0.1022000014781952
v  -0.2198199927806854  -0.0219999998807907  -0.1013799980282784
v  -0.2192399948835373  -0.0333099998533726  -0.0996600016951561
v  -0.2189700007438660  -0.0445600003004074  -0.0983000025153160
v  -0.2191299945116043  -0.0555900000035763  -0.0974600017070770
v  -0.2194599956274033  -0.0669199973344803  -0.0968799963593483
v  -0.2188100069761276  -0.0785500034689903  -0.0957800000905991
v  -0.2181899994611740  -0.0902400016784668  -0.0947699993848801
v  -0.2165199965238571  -0.1024499982595444  -0.0934500023722649
v  -0.2139499932527542  -0.1149699985980988  -0.0916400030255318
v  -0.2094299942255020  -0.1263000071048737  -0.0883300006389618
v  -0.2041800022125244  -0.1365900039672852  -0.0838899984955788
v  -0.1304699927568436   0.1887899935245514  -0.0895199999213219
v  -0.1381999999284744   0.1808300018310547  -0.0908399969339371
v  -0.1442500054836273   0.1708700060844421  -0.0929000005126000
v  -0.1514399945735931   0.1623799949884415  -0.0964599996805191
v  -0.1578900068998337   0.1533699929714203  -0.0991000011563301
v  -0.1632400006055832   0.1438400000333786  -0.1007900014519692
v  -0.1683599948883057   0.1343400031328201  -0.1023600026965141
v  -0.1734700053930283   0.1249699965119362  -0.1039299964904785
v  -0.1783699989318848   0.1155600026249886  -0.1052699983119965
v  -0.1839600056409836   0.1067499965429306  -0.1075100004673004
v  -0.1883700042963028   0.0971999987959862  -0.1086900010704994
v  -0.1931400001049042   0.0881799980998039  -0.1106600016355515
v  -0.1983399987220764   0.0797400027513504  -0.1135499998927116
v  -0.2019799947738648   0.0701299980282784  -0.1146799996495247
v  -0.2047699987888336   0.0600900016725063  -0.1149900034070015
v  -0.2067800015211105   0.0499499998986721  -0.1148900017142296
v  -0.2081599980592728   0.0397499985992909  -0.1144099980592728
v  -0.2089499980211258   0.0295100007206202  -0.1136000007390976
v  -0.2102400064468384   0.0193199999630451  -0.1133200004696846
v  -0.2117500007152557   0.0091399997472763  -0.1132799983024597
v  -0.2122800052165985  -0.0010600000387058  -0.1124700009822846
v  -0.2120500057935715  -0.0112100001424551  -0.1111000031232834
v  -0.2119300067424774  -0.0215099994093180  -0.1098299995064735
v  -0.2117799967527390  -0.0321299992501736  -0.1084999963641167
v  -0.2119999974966049  -0.0429399982094765  -0.1074099987745285
v  -0.2120600044727325  -0.0537299998104572  -0.1063800007104874
v  -0.2122900038957596  -0.0647400021553040  -0.1057099997997284
v  -0.2113299965858460  -0.0759100019931793  -0.1040199995040894
v  -0.2106000036001205  -0.0874499976634979  -0.1028499975800514
v  -0.2093700021505356  -0.0993200019001961  -0.1016499996185303
v  -0.2064000070095062  -0.1108599975705147  -0.0992000028491020
v  -0.2022999972105026  -0.1216100007295609  -0.0952600017189980
v  -0.1960200071334839  -0.1307799965143204  -0.0923200026154518
v  -0.1279000043869019   0.1847900003194809  -0.0960199981927872
v  -0.1343400031328201   0.1754000037908554  -0.0989800021052361
v  -0.1401299983263016   0.1656100004911423  -0.1013600006699562
v  -0.1466300040483475   0.1571500003337860  -0.1045399978756905
v  -0.1527400016784668   0.1480900049209595  -0.1073300018906593
v  -0.1578299999237061   0.1391800045967102  -0.1091800034046173
v  -0.1631300002336502   0.1304100006818771  -0.1115399971604347
v  -0.1676300019025803   0.1208999976515770  -0.1126499995589256
v  -0.1726800054311752   0.1118400022387505  -0.1146200001239777
v  -0.1781499981880188   0.1036399975419045  -0.1171099990606308
v  -0.1825300008058548   0.0944700017571449  -0.1186800003051758
v  -0.1867599934339523   0.0856899991631508  -0.1203700006008148
v  -0.1906200051307678   0.0766500011086464  -0.1219300031661987
v  -0.1940300017595291   0.0673300027847290  -0.1228799968957901
v  -0.1968899965286255   0.0577699989080429  -0.1234500035643578
v  -0.1990299969911575   0.0480800010263920  -0.1235499978065491
v  -0.2007399946451187   0.0383299998939037  -0.1233799979090691
v  -0.2012300044298172   0.0284400004893541  -0.1223499998450279
v  -0.2024700045585632   0.0184000004082918  -0.1220400035381317
v  -0.2044000029563904   0.0088099995627999  -0.1222499981522560
v  -0.2053100019693375  -0.0010400000028312  -0.1217700019478798
v  -0.2051399946212769  -0.0109200002625585  -0.1203199997544289
v  -0.2046899944543839  -0.0208000000566244  -0.1187900006771088
v  -0.2044000029563904  -0.0310100000351667  -0.1172700002789497
v  -0.2046400010585785  -0.0412600003182888  -0.1163100004196167
v  -0.2052800059318543  -0.0519200004637241  -0.1154400035738945
v  -0.2045599967241287  -0.0621600002050400  -0.1136799976229668
v  -0.2034099996089935  -0.0731199979782105  -0.1116999983787537
v  -0.2027699947357178  -0.0842999964952469  -0.1102700009942055
v  -0.2016199976205826  -0.0956500023603439  -0.1089299991726875
v  -0.1992000043392181  -0.1065900027751923  -0.1060499995946884
v  -0.1954099982976914  -0.1173899993300438  -0.1024599969387054
v  -0.1908300071954727  -0.1269299983978272  -0.0974000021815300
v  -0.1234100013971329   0.1781200021505356  -0.1062999963760376
v  -0.1300799995660782   0.1697400063276291  -0.1067000031471252
v  -0.1352200061082840   0.1596899926662445  -0.1082900017499924
v  -0.1414899975061417   0.1513800024986267  -0.1117400005459786
v  -0.1471800059080124   0.1428799927234650  -0.1146100014448166
v  -0.1523399949073792   0.1343600004911423  -0.1171500012278557
v  -0.1573999971151352   0.1258299946784973  -0.1195600032806397
v  -0.1617300063371658   0.1167099997401238  -0.1210400015115738
v  -0.1664800047874451   0.1079899966716766  -0.1229600012302399
v  -0.1715600043535233   0.0998099967837334  -0.1254400014877319
v  -0.1760600060224533   0.0914399996399880  -0.1274999976158142
v  -0.1803199946880341   0.0830100029706955  -0.1296699941158295
v  -0.1838600039482117   0.0741000026464462  -0.1311299949884415
v  -0.1863999962806702   0.0646699965000153  -0.1312499940395355
v  -0.1888599991798401   0.0553900003433228  -0.1315899938344955
v  -0.1908700019121170   0.0460699982941151  -0.1316400021314621
v  -0.1927399933338165   0.0367599986493588  -0.1317200064659119
v  -0.1946000009775162   0.0273899994790554  -0.1318700015544891
v  -0.1959300041198731   0.0179299991577864  -0.1315100044012070
v  -0.1972600072622299   0.0084899999201298  -0.1312700062990189
v  -0.1981700062751770  -0.0010199999669567  -0.1306599974632263
v  -0.1983399987220764  -0.0105999996885657  -0.1294900029897690
v  -0.1980399936437607  -0.0202300008386374  -0.1279200017452240
v  -0.1983900070190430  -0.0300600007176399  -0.1269499957561493
v  -0.1988800019025803  -0.0400700010359287  -0.1260100007057190
v  -0.1982800066471100  -0.0501400008797646  -0.1242600008845329
v  -0.1969700008630753  -0.0601599998772144  -0.1217999979853630
v  -0.1955000013113022  -0.0702899992465973  -0.1192800030112267
v  -0.1951500028371811  -0.0810900032520294  -0.1181999966502190
v  -0.1941300034523010  -0.0920300036668778  -0.1164499968290329
v  -0.1916500031948090  -0.1026500016450882  -0.1133000031113625
v  -0.1889099925756455  -0.1132699996232987  -0.1099900007247925
v  -0.1840900033712387  -0.1226499974727631  -0.1077599972486496
v  -0.1193199977278709   0.1727399975061417  -0.1107700020074844
v  -0.1243799999356270   0.1627099961042404  -0.1124799996614456
v  -0.1305599957704544   0.1535300016403198  -0.1153799965977669
v  -0.1364800035953522   0.1459300071001053  -0.1192800030112267
v  -0.1423400044441223   0.1380299925804138  -0.1225999966263771
v  -0.1474300026893616   0.1300700008869171  -0.1257899999618530
v  -0.1519300043582916   0.1214599981904030  -0.1279499977827072
v  -0.1560799926519394   0.1125900000333786  -0.1294600069522858
v  -0.1605699956417084   0.1040999963879585  -0.1315799951553345
v  -0.1647100001573563   0.0957600027322769  -0.1332799941301346
v  -0.1684499979019165   0.0874200016260147  -0.1346900016069412
v  -0.1725700050592423   0.0793099999427795  -0.1371500045061112
v  -0.1758500039577484   0.0707499980926514  -0.1385399997234345
v  -0.1785099953413010   0.0618899986147881  -0.1392100006341934
v  -0.1810899972915649   0.0530899986624718  -0.1399199962615967
v  -0.1835500001907349   0.0443000011146069  -0.1405500024557114
v  -0.1856600046157837   0.0354099981486797  -0.1409000009298325
v  -0.1870400011539459   0.0263599995523691  -0.1405400037765503
v  -0.1885599941015244   0.0173499993979931  -0.1403699964284897
v  -0.1900600045919418   0.0082299998030066  -0.1402300000190735
v  -0.1908999979496002  -0.0009100000024773  -0.1394699960947037
v  -0.1910600066184998  -0.0102700004354119  -0.1382600069046021
v  -0.1908400058746338  -0.0194600000977516  -0.1366000026464462
v  -0.1912200003862381  -0.0289099998772144  -0.1356700062751770
v  -0.1912299990653992  -0.0384199991822243  -0.1342999935150147
v  -0.1911700069904327  -0.0484599992632866  -0.1330199986696243
v  -0.1896799951791763  -0.0580300018191338  -0.1301899999380112
v  -0.1877200007438660  -0.0674000009894371  -0.1269100010395050
v  -0.1872899979352951  -0.0774099975824356  -0.1253799945116043
v  -0.1865700036287308  -0.0882600024342537  -0.1237299963831902
v  -0.1847299933433533  -0.0987899973988533  -0.1208800002932549
v  -0.1816699951887131  -0.1088699996471405  -0.1168999969959259
v  -0.1791300028562546  -0.1192699968814850  -0.1134499981999397
v  -0.1136400029063225   0.1648100018501282  -0.1192900016903877
v  -0.1199100017547607   0.1569299995899200  -0.1201599985361099
v  -0.1258299946784973   0.1485799998044968  -0.1237699985504150
v  -0.1316300034523010   0.1408800035715103  -0.1274800002574921
v  -0.1370999962091446   0.1333100050687790  -0.1310800015926361
v  -0.1419100016355515   0.1251900047063828  -0.1338499933481216
v  -0.1460700035095215   0.1166599988937378  -0.1358599960803986
v  -0.1501300036907196   0.1080999970436096  -0.1375000029802322
v  -0.1536999940872192   0.0995199978351593  -0.1387999951839447
v  -0.1572999954223633   0.0912199988961220  -0.1402200013399124
v  -0.1615899950265884   0.0836799964308739  -0.1430300027132034
v  -0.1651600003242493   0.0757799968123436  -0.1451199948787689
v  -0.1679600030183792   0.0675000026822090  -0.1462199985980988
v  -0.1710299998521805   0.0593400001525879  -0.1476200073957443
v  -0.1735499948263168   0.0508899986743927  -0.1483400017023087
v  -0.1758700013160706   0.0424400009214878  -0.1490100026130676
v  -0.1779800057411194   0.0339500010013580  -0.1494300067424774
v  -0.1792400032281876   0.0252700001001358  -0.1489900052547455
v  -0.1807799935340881   0.0166400000452995  -0.1488599926233292
v  -0.1818100064992905   0.0078900000080466  -0.1482699960470200
v  -0.1828300058841705  -0.0009599999757484  -0.1478199958801270
v  -0.1836100071668625  -0.0098599996417761  -0.1470499932765961
v  -0.1831800043582916  -0.0187100004404783  -0.1450800001621246
v  -0.1833000034093857  -0.0277500003576279  -0.1438300013542175
v  -0.1824000030755997  -0.0366900004446507  -0.1413400024175644
v  -0.1821800023317337  -0.0459700003266335  -0.1397500038146973
v  -0.1818400025367737  -0.0554899983108044  -0.1380899995565414
v  -0.1803500056266785  -0.0647099986672401  -0.1350100040435791
v  -0.1791699975728989  -0.0743400007486343  -0.1324400007724762
v  -0.1789799928665161  -0.0847399979829788  -0.1310999989509583
v  -0.1778900027275085  -0.0951699987053871  -0.1288599967956543
v  -0.1747300028800964  -0.1047300025820732  -0.1243299990892410
v  -0.1701399981975555  -0.1133299991488457  -0.1217999979853630
v  -0.1106700003147125   0.1606799960136414  -0.1253100037574768
v  -0.1146000027656555   0.1537600010633469  -0.1277599930763245
v  -0.1212399974465370   0.1430400013923645  -0.1320700049400330
v  -0.1254999935626984   0.1377000063657761  -0.1351999938488007
v  -0.1314100027084351   0.1276299953460693  -0.1384499967098236
v  -0.1338299959897995   0.1208999976515770  -0.1396500021219254
v  -0.1396999955177307   0.1113499999046326  -0.1431600004434586
v  -0.1424800008535385   0.1044899970293045  -0.1442299932241440
v  -0.1462199985980988   0.0940599963068962  -0.1442500054836273
v  -0.1490000039339066   0.0876300036907196  -0.1464899927377701
v  -0.1540099978446960   0.0792599990963936  -0.1503600031137466
v  -0.1565700024366379   0.0724800005555153  -0.1517499983310700
v  -0.1598899960517883   0.0641700029373169  -0.1536100059747696
v  -0.1627700030803680   0.0571400001645088  -0.1552100032567978
v  -0.1652200073003769   0.0482800006866455  -0.1558600068092346
v  -0.1676100045442581   0.0406300015747547  -0.1568800061941147
v  -0.1694799959659576   0.0322800017893314  -0.1571699976921082
v  -0.1710399985313416   0.0239100009202957  -0.1570200026035309
v  -0.1723199933767319   0.0159300006926060  -0.1566399931907654
v  -0.1729899942874908   0.0069200000725687  -0.1555999964475632
v  -0.1735900044441223  -0.0008200000156648  -0.1546799987554550
v  -0.1744900047779083  -0.0102899996563792  -0.1539700031280518
v  -0.1745299994945526  -0.0177500005811453  -0.1525699943304062
v  -0.1744800060987473  -0.0277800001204014  -0.1507900059223175
v  -0.1743199974298477  -0.0350099988281727  -0.1493999958038330
v  -0.1736900061368942  -0.0454699993133545  -0.1467099934816361
v  -0.1736599951982498  -0.0525700002908707  -0.1454199999570847
v  -0.1727200001478195  -0.0639699995517731  -0.1424800008535385
v  -0.1721500009298325  -0.0713699981570244  -0.1406400054693222
v  -0.1715099960565567  -0.0835800021886826  -0.1383599936962128
v  -0.1699800044298172  -0.0907900035381317  -0.1356700062751770
v  -0.1676699966192246  -0.1032200008630753  -0.1313699930906296
v  -0.1655499935150147  -0.1103399991989136  -0.1278800070285797
v   0.1613299995660782   0.1082900017499924   0.1321099996566773
v   0.1540399938821793   0.1114000007510185   0.1343500018119812
v   0.1423400044441223   0.1169300004839897   0.1384299993515015
v   0.1354800015687943   0.1201800033450127   0.1397199928760529
v   0.1239600032567978   0.1242799982428551   0.1410800069570541
v   0.1171699985861778   0.1273699998855591   0.1422200053930283
v   0.1073200032114983   0.1327199935913086   0.1452499926090241
v   0.1006700024008751   0.1354099959135056   0.1462900042533875
v   0.0910099968314171   0.1394699960947037   0.1477600038051605
v   0.0848999992012978   0.1419599950313568   0.1494300067424774
v   0.0760700032114983   0.1452299952507019   0.1510899960994721
v   0.0687400028109551   0.1472900062799454   0.1521700024604797
v   0.0593799985945225   0.1490900069475174   0.1524499952793121
v   0.0521200001239777   0.1510699987411499   0.1527100056409836
v   0.0439600013196468   0.1542800068855286   0.1542800068855286
v   0.0361500009894371   0.1566099971532822   0.1551699936389923
v   0.0280499998480082   0.1593099981546402   0.1562000066041946
v   0.0197999998927116   0.1617899984121323   0.1574299931526184
v   0.0114799998700619   0.1636099964380264   0.1576199978590012
v   0.0032599999103695   0.1662199944257736   0.1589100062847138
v  -0.0039300001226366   0.1684399992227554   0.1597899943590164
v  -0.0129300002008677   0.1707600057125092   0.1602299958467484
v  -0.0201799999922514   0.1725099980831146   0.1604000031948090
v  -0.0302300006151199   0.1736499965190888   0.1600300073623657
v  -0.0376700013875961   0.1733600050210953   0.1589200049638748
v  -0.0476300008594990   0.1732800006866455   0.1568399965763092
v  -0.0541599988937378   0.1730100065469742   0.1554699987173080
v  -0.0653799995779991   0.1706400066614151   0.1511799991130829
v  -0.0718899965286255   0.1683200001716614   0.1475600004196167
v  -0.0829999968409538   0.1651699990034103   0.1425399929285049
v  -0.0905900001525879   0.1642400026321411   0.1404699981212616
v  -0.1024200022220612   0.1612499952316284   0.1354800015687943
v  -0.1089299991726875   0.1588699966669083   0.1313599944114685
v   0.1675499975681305   0.1122599989175797   0.1280400007963181
v   0.1595599949359894   0.1183900013566017   0.1289799958467484
v   0.1491000056266785   0.1221000030636787   0.1302800029516220
v   0.1391700059175491   0.1259000003337860   0.1317500025033951
v   0.1295599937438965   0.1298500001430512   0.1331299990415573
v   0.1204899996519089   0.1342999935150147   0.1349599957466126
v   0.1122699975967407   0.1391800045967102   0.1375100016593933
v   0.1047800034284592   0.1437499970197678   0.1405799984931946
v   0.0967999994754791   0.1474000066518784   0.1424199938774109
v   0.0887399986386299   0.1508899927139282   0.1435800045728684
v   0.0805199965834618   0.1538300067186356   0.1445800065994263
v   0.0721599981188774   0.1560599952936173   0.1457500010728836
v   0.0635199993848801   0.1576299965381622   0.1460700035095215
v   0.0548500008881092   0.1597300022840500   0.1463200002908707
v   0.0465499982237816   0.1627099961042404   0.1476999968290329
v   0.0382600016891956   0.1655499935150147   0.1489800065755844
v   0.0298900008201599   0.1681299954652786   0.1500499993562698
v   0.0213300008326769   0.1702899932861328   0.1504500061273575
v   0.0127199999988079   0.1721599996089935   0.1506199985742569
v   0.0044300002045929   0.1747400015592575   0.1516499966382980
v  -0.0038600000552833   0.1773300021886826   0.1525399982929230
v  -0.0123699996620417   0.1792500019073486   0.1525599956512451
v  -0.0210299994796515   0.1808300018310547   0.1523299962282181
v  -0.0299600008875132   0.1814900040626526   0.1515499949455261
v  -0.0390399992465973   0.1818599998950958   0.1506499946117401
v  -0.0480399988591671   0.1814199984073639   0.1488299965858460
v  -0.0572200007736683   0.1807000041007996   0.1467899978160858
v  -0.0667399987578392   0.1792100071907044   0.1443199962377548
v  -0.0757900029420853   0.1763100028038025   0.1404100060462952
v  -0.0850299969315529   0.1735199987888336   0.1364600062370300
v  -0.0947899967432022   0.1711100041866303   0.1329900026321411
v  -0.1044899970293045   0.1684399992227554   0.1289999932050705
v  -0.1123199984431267   0.1632400006055832   0.1255999952554703
v   0.1760600060224533   0.1178599968552589   0.1178999990224838
v   0.1663700044155121   0.1234399974346161   0.1214499995112419
v   0.1560499966144562   0.1279599964618683   0.1233500018715859
v   0.1455300003290176   0.1316400021314621   0.1243200004100800
v   0.1351100057363510   0.1355600059032440   0.1256899982690811
v   0.1256600022315979   0.1403499990701675   0.1270499974489212
v   0.1165700033307076   0.1459999978542328   0.1298300027847290
v   0.1101199984550476   0.1506900042295456   0.1335600018501282
v   0.1024100035429001   0.1554400026798248   0.1365099996328354
v   0.0937400013208389   0.1594399958848953   0.1377999931573868
v   0.0851100012660027   0.1629099994897842   0.1378500014543533
v   0.0762400031089783   0.1641400009393692   0.1387500017881393
v   0.0678299963474274   0.1660999953746796   0.1401599943637848
v   0.0583200007677078   0.1686699986457825   0.1405699998140335
v   0.0490900017321110   0.1712599992752075   0.1410800069570541
v   0.0404499992728233   0.1740200072526932   0.1422799974679947
v   0.0314400009810925   0.1762699931859970   0.1428599953651428
v   0.0226600002497435   0.1783699989318848   0.1430300027132034
v   0.0138499997556210   0.1806299984455109   0.1435499936342239
v   0.0050300001166761   0.1834200024604797   0.1444000005722046
v  -0.0039200000464916   0.1858800053596497   0.1450899988412857
v  -0.0128300003707409   0.1874399930238724   0.1443900018930435
v  -0.0217000003904104   0.1887599974870682   0.1434700042009354
v  -0.0310500003397465   0.1895599961280823   0.1430999934673309
v  -0.0403699986636639   0.1902499943971634   0.1423400044441223
v  -0.0501700006425381   0.1897500008344650   0.1407800018787384
v  -0.0598700009286404   0.1887300014495850   0.1382700055837631
v  -0.0697899982333183   0.1869000047445297   0.1362500041723251
v  -0.0791900008916855   0.1839800029993057   0.1327500045299530
v  -0.0885799974203110   0.1804500073194504   0.1286700069904327
v  -0.0980300009250641   0.1770599931478500   0.1244200021028519
v  -0.1079099997878075   0.1738999933004379   0.1206000000238419
v  -0.1174400001764298   0.1704100072383881   0.1157499998807907
v   0.1798200011253357   0.1201400011777878   0.1112999990582466
v   0.1719599962234497   0.1273699998855591   0.1128700003027916
v   0.1624999940395355   0.1333100050687790   0.1159799993038178
v   0.1521400064229965   0.1377999931573868   0.1174400001764298
v   0.1416999995708466   0.1420100033283234   0.1183099970221520
v   0.1313900053501129   0.1465899944305420   0.1192499995231628
v   0.1223699972033501   0.1520400047302246   0.1219599992036820
v   0.1147999987006187   0.1574900001287460   0.1257899999618530
v   0.1070799976587296   0.1624200046062470   0.1289000064134598
v   0.0987000018358231   0.1669899970293045   0.1312900036573410
v   0.0896399989724159   0.1703000068664551   0.1324899941682816
v   0.0803399980068207   0.1726800054311752   0.1329099982976914
v   0.0708800032734871   0.1747500002384186   0.1334799975156784
v   0.0610999986529350   0.1767199933528900   0.1334100067615509
v   0.0516300015151501   0.1794500052928925   0.1342500001192093
v   0.0423099994659424   0.1817899942398071   0.1346399933099747
v   0.0329799987375736   0.1837799996137619   0.1347499936819077
v   0.0238300003111362   0.1861200034618378   0.1350699961185455
v   0.0147399995476007   0.1889400035142899   0.1358100026845932
v   0.0055399998091161   0.1917700022459030   0.1365499943494797
v  -0.0036500000860542   0.1948300004005432   0.1375399976968765
v  -0.0131500000134110   0.1964700073003769   0.1370500028133392
v  -0.0226900000125170   0.1973199993371964   0.1360300034284592
v  -0.0323200002312660   0.1984699964523315   0.1357699930667877
v  -0.0422299988567829   0.1987099945545197   0.1349399983882904
v  -0.0522399991750717   0.1978500038385391   0.1328999996185303
v  -0.0622599981725216   0.1961500048637390   0.1303700059652329
v  -0.0719500035047531   0.1932400017976761   0.1270300000905991
v  -0.0815000012516975   0.1897200047969818   0.1233799979090691
v  -0.0917000025510788   0.1868299990892410   0.1205499991774559
v  -0.1015599966049194   0.1831900030374527   0.1168899983167648
v  -0.1115500032901764   0.1794999986886978   0.1129999980330467
v  -0.1202299967408180   0.1739400029182434   0.1101500019431114
v   0.1856299936771393   0.1238700002431870   0.1001899987459183
v   0.1765500009059906   0.1306699961423874   0.1040700003504753
v   0.1678500026464462   0.1376599967479706   0.1073099970817566
v   0.1582899987697601   0.1435000002384186   0.1102200001478195
v   0.1484100073575974   0.1486199945211411   0.1115799993276596
v   0.1377400010824204   0.1532900035381317   0.1125300005078316
v   0.1282099932432175   0.1593399941921234   0.1152200028300285
v   0.1203500032424927   0.1643899977207184   0.1187300011515617
v   0.1115999966859818   0.1691299974918366   0.1212600022554398
v   0.1026899963617325   0.1732400059700012   0.1230100020766258
v   0.0934899970889092   0.1768900007009506   0.1246199980378151
v   0.0839700028300285   0.1802999973297119   0.1256500035524368
v   0.0740199983119965   0.1826499998569489   0.1259499937295914
v   0.0637200027704239   0.1843400001525879   0.1256400048732758
v   0.0534400008618832   0.1863400042057037   0.1259900033473969
v   0.0439300015568733   0.1887000054121018   0.1259299963712692
v   0.0343299992382526   0.1908700019121170   0.1262200027704239
v   0.0248099993914366   0.1936299949884415   0.1264999955892563
v   0.0154900001361966   0.1964199990034103   0.1272699981927872
v   0.0059699998237193   0.1998099982738495   0.1281799972057343
v  -0.0036200000904500   0.2030899971723557   0.1291500031948090
v  -0.0134600000455976   0.2050800025463104   0.1292199939489365
v  -0.0235600005835295   0.2061800062656403   0.1283800005912781
v  -0.0336299985647202   0.2068399935960770   0.1279300004243851
v  -0.0436399988830090   0.2066300064325333   0.1267399936914444
v  -0.0540399998426437   0.2051199972629547   0.1243299990892410
v  -0.0643199980258942   0.2036200016736984   0.1219400018453598
v  -0.0741399973630905   0.1995500028133392   0.1181799992918968
v  -0.0840599983930588   0.1961700022220612   0.1147700026631355
v  -0.0944399982690811   0.1927099972963333   0.1121099963784218
v  -0.1045800000429153   0.1888200044631958   0.1090200021862984
v  -0.1146799996495247   0.1845400035381317   0.1049999967217445
v  -0.1238600015640259   0.1791300028562546   0.1001800000667572
v   0.1890300065279007   0.1259600073099136   0.0944100022315979
v   0.1809100061655045   0.1337900012731552   0.0959499999880791
v   0.1720599979162216   0.1410900056362152   0.0992799997329712
v   0.1635199934244156   0.1484600007534027   0.1026099994778633
v   0.1539299935102463   0.1545799970626831   0.1046399995684624
v   0.1436900049448013   0.1597499996423721   0.1057799980044365
v   0.1341599971055985   0.1653700023889542   0.1081700026988983
v   0.1252900063991547   0.1708399951457977   0.1109799966216087
v   0.1160600036382675   0.1754000037908554   0.1128100007772446
v   0.1066299974918366   0.1794999986886978   0.1145000010728836
v   0.0971100032329559   0.1835300028324127   0.1159799993038178
v   0.0871099978685379   0.1868599951267242   0.1168200001120567
v   0.0767600014805794   0.1893000006675720   0.1169499978423119
v   0.0663599967956543   0.1912900060415268   0.1169399991631508
v   0.0559500008821487   0.1932799965143204   0.1168399974703789
v   0.0454999990761280   0.1953099966049194   0.1165399998426437
v   0.0352399982511997   0.1977400034666061   0.1165800020098686
v   0.0253299996256828   0.2005199939012528   0.1169300004839897
v   0.0159200001507998   0.2042199969291687   0.1181999966502190
v   0.0062500000931323   0.2075300067663193   0.1193500012159348
v  -0.0038000000640750   0.2100200057029724   0.1198600009083748
v  -0.0141099998727441   0.2118300050497055   0.1197900027036667
v  -0.0244800001382828   0.2131000012159348   0.1193500012159348
v  -0.0348300002515316   0.2137600034475327   0.1186700016260147
v  -0.0452100001275539   0.2132900059223175   0.1172700002789497
v  -0.0557899996638298   0.2119300067424774   0.1153699979186058
v  -0.0661899968981743   0.2092500030994415   0.1125399991869927
v  -0.0763999968767166   0.2057400047779083   0.1094700023531914
v  -0.0865999981760979   0.2020000070333481   0.1063399985432625
v  -0.0970799997448921   0.1984699964523315   0.1036100015044212
v  -0.1072800010442734   0.1940499991178513   0.1003099977970123
v  -0.1170099973678589   0.1886799931526184   0.0960899963974953
v  -0.1260800063610077   0.1822199970483780   0.0933599993586540
v   0.1945900022983551   0.1293399930000305   0.0853499993681908
v   0.1855199933052063   0.1371600031852722   0.0885000005364418
v   0.1766400039196014   0.1450700014829636   0.0917700007557869
v   0.1682900041341782   0.1529700011014938   0.0949200019240379
v   0.1593399941921234   0.1605499982833862   0.0973500013351440
v   0.1490799933671951   0.1657900065183640   0.0986699983477593
v   0.1390199959278107   0.1708700060844421   0.0996700003743172
v   0.1293099969625473   0.1758700013160706   0.1017599999904633
v   0.1196599975228310   0.1805199980735779   0.1035899966955185
v   0.1098100021481514   0.1846700012683868   0.1047300025820732
v   0.1002300009131432   0.1888699978590012   0.1061799973249435
v   0.0902400016784668   0.1934300065040588   0.1077700033783913
v   0.0794600024819374   0.1957499980926514   0.1077099964022636
v   0.0688199996948242   0.1977200061082840   0.1074599996209145
v   0.0584300011396408   0.1998499929904938   0.1076600030064583
v   0.0471899993717670   0.2020699977874756   0.1069499999284744
v   0.0360400006175041   0.2051399946212769   0.1071000024676323
v   0.0263000000268221   0.2083999961614609   0.1079099997878075
v   0.0165800005197525   0.2123900055885315   0.1093299984931946
v   0.0065799998119473   0.2153999954462051   0.1104599982500076
v  -0.0038699998985976   0.2168599963188171   0.1105199977755547
v  -0.0145699996501207   0.2183700054883957   0.1100900024175644
v  -0.0254800003021956   0.2194100022315979   0.1097299978137016
v  -0.0359399989247322   0.2203299999237061   0.1090599969029427
v  -0.0465900003910065   0.2207899987697601   0.1082400009036064
v  -0.0576100014150143   0.2183399945497513   0.1060599982738495
v  -0.0675799995660782   0.2142000049352646   0.1026600003242493
v  -0.0783900022506714   0.2113800048828125   0.1002800017595291
v  -0.0891700014472008   0.2082500010728836   0.0979499965906143
v  -0.0999500006437302   0.2046100050210953   0.0953700020909309
v  -0.1095300018787384   0.1992499977350235   0.0915400013327599
v  -0.1191300004720688   0.1925300061702728   0.0867900028824806
v  -0.1285700052976608   0.1859000027179718   0.0823599994182587
v   0.1984499990940094   0.1321900039911270   0.0798299983143807
v   0.1900900006294251   0.1405899971723557   0.0810900032520294
v   0.1808699965476990   0.1485999971628189   0.0837600007653236
v   0.1722899973392487   0.1569799929857254   0.0867500007152557
v   0.1636600047349930   0.1650899946689606   0.0892399996519089
v   0.1539999991655350   0.1714800000190735   0.0911900028586388
v   0.1438799947500229   0.1767999976873398   0.0922600030899048
v   0.1335999965667725   0.1813800036907196   0.0930899977684021
v   0.1236599981784821   0.1862599998712540   0.0946099981665611
v   0.1137000024318695   0.1909900009632111   0.0960099995136261
v   0.1036299988627434   0.1954600065946579   0.0972499996423721
v   0.0933199971914291   0.1997500061988831   0.0983999967575073
v   0.0823099985718727   0.2023299932479858   0.0982899963855743
v   0.0710500031709671   0.2040099948644638   0.0975899994373322
v   0.0601699985563755   0.2072599977254868   0.0980599969625473
v   0.0494199991226196   0.2104800045490265   0.0985400006175041
v   0.0386799983680248   0.2135100066661835   0.0989499986171722
v   0.0279399994760752   0.2167699933052063   0.0993700027465820
v   0.0172600001096725   0.2199099957942963   0.1000500023365021
v   0.0068299998529255   0.2229000031948090   0.1010100021958351
v  -0.0039300001226366   0.2243600040674210   0.1008900031447411
v  -0.0148099996149540   0.2256300002336502   0.1006200015544891
v  -0.0258000008761883   0.2262199968099594   0.0998200029134750
v  -0.0368999987840653   0.2268999963998795   0.0992899984121323
v  -0.0481900013983250   0.2269199937582016   0.0983199998736382
v  -0.0592599995434284   0.2247499972581863   0.0966100022196770
v  -0.0699900016188622   0.2213599979877472   0.0941200032830238
v  -0.0808800011873245   0.2182199954986572   0.0917799994349480
v  -0.0920500010251999   0.2149699926376343   0.0897499993443489
v  -0.1027399972081184   0.2102500051259995   0.0866999998688698
v  -0.1124200001358986   0.2037699967622757   0.0823699980974197
v  -0.1213499978184700   0.1961600035429001   0.0770799964666367
v  -0.1304800063371658   0.1884299963712692   0.0739699974656105
v   0.2043499946594238   0.1359000056982040   0.0715999975800514
v   0.1949799954891205   0.1443399935960770   0.0739099979400635
v   0.1852799952030182   0.1525200009346008   0.0761800035834312
v   0.1758500039577484   0.1604000031948090   0.0781299993395805
v   0.1665100008249283   0.1684499979019165   0.0803700014948845
v   0.1579300016164780   0.1758099943399429   0.0825299993157387
v   0.1485700011253357   0.1828099936246872   0.0841699987649918
v   0.1384100019931793   0.1881999969482422   0.0855600014328957
v   0.1282799988985062   0.1931400001049042   0.0866900011897087
v   0.1176899969577789   0.1978099942207336   0.0875599980354309
v   0.1068999990820885   0.2017100006341934   0.0879399999976158
v   0.0960600003600121   0.2054100036621094   0.0884099975228310
v   0.0851100012660027   0.2083300054073334   0.0883599966764450
v   0.0735699981451035   0.2114800065755844   0.0885000005364418
v   0.0618500001728535   0.2146800011396408   0.0886000022292137
v   0.0514900013804436   0.2178100049495697   0.0891399979591370
v   0.0412199981510639   0.2215400040149689   0.0901399999856949
v   0.0293400008231401   0.2246499955654144   0.0903000012040138
v   0.0177400000393391   0.2277899980545044   0.0906699970364571
v   0.0073600001633167   0.2308599948883057   0.0917899981141090
v  -0.0037599999923259   0.2319599986076355   0.0914900004863739
v  -0.0150300003588200   0.2325900048017502   0.0907900035381317
v  -0.0261300001293421   0.2337899953126907   0.0904899984598160
v  -0.0377900004386902   0.2333700060844421   0.0892200022935867
v  -0.0495299994945526   0.2326100021600723   0.0879499986767769
v  -0.0608699992299080   0.2310200035572052   0.0868699997663498
v  -0.0723100006580353   0.2286400049924851   0.0855299979448319
v  -0.0832000002264977   0.2247699946165085   0.0828199982643127
v  -0.0936999991536140   0.2205500006675720   0.0799300000071526
v  -0.1049899980425835   0.2151799947023392   0.0772899985313416
v  -0.1143399998545647   0.2076800018548966   0.0731500014662743
v  -0.1238500028848648   0.2004799991846085   0.0675600022077560
v  -0.1345700025558472   0.1933200061321259   0.0624499991536140
v   0.2066999971866608   0.1375800073146820   0.0641999989748001
v   0.1993999928236008   0.1476500034332275   0.0659400001168251
v   0.1903399974107742   0.1566500067710877   0.0683500021696091
v   0.1803199946880341   0.1644899994134903   0.0700599998235703
v   0.1704999953508377   0.1721200048923492   0.0717599987983704
v   0.1609800010919571   0.1795099973678589   0.0731699988245964
v   0.1518699973821640   0.1869499981403351   0.0748699977993965
v   0.1423500031232834   0.1936900019645691   0.0766400024294853
v   0.1319999992847443   0.1991800069808960   0.0777700021862984
v   0.1210099980235100   0.2036699950695038   0.0780899971723557
v   0.1098299995064735   0.2075500041246414   0.0782399997115135
v   0.0987199991941452   0.2112299948930740   0.0784799978137016
v   0.0873700007796288   0.2141499966382980   0.0782800018787384
v   0.0762299969792366   0.2181999981403351   0.0789700001478195
v   0.0646499991416931   0.2210000008344650   0.0787900015711784
v   0.0528500005602837   0.2235700041055679   0.0784600004553795
v   0.0413700006902218   0.2272599935531616   0.0790899991989136
v   0.0301200002431870   0.2312799990177155   0.0799999982118607
v   0.0189800001680851   0.2351099997758865   0.0811299979686737
v   0.0076700001955032   0.2375999987125397   0.0816200003027916
v  -0.0037899999879301   0.2389000058174133   0.0815000012516975
v  -0.0153299998492002   0.2399599999189377   0.0811500027775765
v  -0.0270199999213219   0.2410899996757507   0.0807799994945526
v  -0.0389899984002113   0.2411099970340729   0.0798199996352196
v  -0.0508799999952316   0.2397000044584274   0.0783699974417687
v  -0.0624400004744530   0.2373899966478348   0.0768600031733513
v  -0.0737700015306473   0.2341800034046173   0.0751399993896484
v  -0.0847299993038178   0.2296800017356873   0.0725300014019013
v  -0.0953600034117699   0.2242199927568436   0.0695500001311302
v  -0.1065799966454506   0.2195399999618530   0.0670399963855743
v  -0.1171400025486946   0.2134100049734116   0.0636600032448769
v  -0.1273899972438812   0.2064000070095062   0.0592899993062019
v  -0.1374000012874603   0.1987099945545197   0.0564399994909763
v   0.2112800031900406   0.1402499973773956   0.0547499991953373
v   0.2028000056743622   0.1501699984073639   0.0570599995553494
v   0.1937499940395355   0.1594700068235397   0.0590000003576279
v   0.1847199946641922   0.1683800071477890   0.0615000016987324
v   0.1747200042009354   0.1765400022268295   0.0637800022959709
v   0.1645900011062622   0.1835300028324127   0.0640999972820282
v   0.1543900072574616   0.1903800070285797   0.0646999999880791
v   0.1453299969434738   0.1978999972343445   0.0667100027203560
v   0.1350899934768677   0.2040400058031082   0.0676399990916252
v   0.1238999962806702   0.2088000029325485   0.0681099966168404
v   0.1125499978661537   0.2131199985742569   0.0682099983096123
v   0.1011399999260902   0.2165600061416626   0.0683000013232231
v   0.0898500010371208   0.2204699963331223   0.0685700029134750
v   0.0787800028920174   0.2246499955654144   0.0693399980664253
v   0.0674600005149841   0.2269500046968460   0.0687400028109551
v   0.0542300008237362   0.2291799932718277   0.0681300014257431
v   0.0416200011968613   0.2334499955177307   0.0685300007462502
v   0.0311099998652935   0.2385399937629700   0.0703099966049194
v   0.0199400000274181   0.2422100007534027   0.0709600001573563
v   0.0081000002101064   0.2435699999332428   0.0709000006318092
v  -0.0038900000508875   0.2450599968433380   0.0710799992084503
v  -0.0157500002533197   0.2465399950742722   0.0707900002598763
v  -0.0275999996811152   0.2476799935102463   0.0704799965023994
v  -0.0401500016450882   0.2478599995374680   0.0696799978613854
v  -0.0522999987006187   0.2466900050640106   0.0679000020027161
v  -0.0642499998211861   0.2443100064992905   0.0671700015664101
v  -0.0755200013518333   0.2410700023174286   0.0656900033354759
v  -0.0868399962782860   0.2354599982500076   0.0627899989485741
v  -0.0980300009250641   0.2298800051212311   0.0598599985241890
v  -0.1098800003528595   0.2258500009775162   0.0584699995815754
v  -0.1207600012421608   0.2205300033092499   0.0556799992918968
v  -0.1313800066709518   0.2131299972534180   0.0519500002264977
v  -0.1425099968910217   0.2064000070095062   0.0488799996674061
v   0.2144999951124191   0.1430200040340424   0.0474999994039536
v   0.2054599970579147   0.1521999984979630   0.0477799996733666
v   0.1967400014400482   0.1618900001049042   0.0495700016617775
v   0.1873800009489059   0.1708299964666367   0.0513699986040592
v   0.1778900027275085   0.1794700026512146   0.0530500002205372
v   0.1680400073528290   0.1873700022697449   0.0544500015676022
v   0.1577900052070618   0.1944500058889389   0.0553199984133244
v   0.1482200026512146   0.2020000070333481   0.0567700006067753
v   0.1381199955940247   0.2088200002908707   0.0579899996519089
v   0.1267399936914444   0.2138800024986267   0.0582400001585484
v   0.1151899993419647   0.2184800058603287   0.0584499984979630
v   0.1035699993371964   0.2221799939870834   0.0584499984979630
v   0.0921100005507469   0.2259200066328049   0.0586300007998943
v   0.0807199999690056   0.2301300019025803   0.0591700002551079
v   0.0684700012207031   0.2326200008392334   0.0587299987673759
v   0.0554100014269352   0.2347999960184097   0.0581599995493889
v   0.0428100004792213   0.2386499941349030   0.0585599988698959
v   0.0318999998271465   0.2445600032806397   0.0599800013005734
v   0.0207400005310774   0.2488799989223480   0.0608399994671345
v   0.0086200004443526   0.2504200041294098   0.0604699999094009
v  -0.0038099999073893   0.2510400116443634   0.0599000006914139
v  -0.0163700003176928   0.2511200010776520   0.0592500008642674
v  -0.0288900006562471   0.2521300017833710   0.0590599998831749
v  -0.0414699986577034   0.2526400089263916   0.0586000010371208
v  -0.0538999997079372   0.2518199980258942   0.0576799996197224
v  -0.0661100000143051   0.2503400146961212   0.0569700002670288
v  -0.0779599994421005   0.2468799948692322   0.0556199997663498
v  -0.0892700031399727   0.2411900013685226   0.0530700013041496
v  -0.1013400033116341   0.2368900030851364   0.0515599995851517
v  -0.1137600019574165   0.2329600006341934   0.0509199984371662
v  -0.1249400004744530   0.2268999963998795   0.0482500009238720
v  -0.1358100026845932   0.2199900001287460   0.0453299991786480
v  -0.1463000029325485   0.2123800069093704   0.0439300015568733
v   0.2181500047445297   0.1458300054073334   0.0381099991500378
v   0.2080200016498566   0.1542000025510788   0.0385899990797043
v   0.1988999992609024   0.1636099964380264   0.0394299998879433
v   0.1888899952173233   0.1720699965953827   0.0409100018441677
v   0.1790799945592880   0.1806000024080277   0.0417900010943413
v   0.1698399931192398   0.1893399953842163   0.0439300015568733
v   0.1602800041437149   0.1978300064802170   0.0454000011086464
v   0.1505399942398071   0.2052100002765656   0.0465900003910065
v   0.1408099979162216   0.2126799970865250   0.0476999990642071
v   0.1293700039386749   0.2187500000000000   0.0482399985194206
v   0.1176400035619736   0.2240400016307831   0.0483400002121925
v   0.1059499979019165   0.2277799993753433   0.0486100018024445
v   0.0944499969482422   0.2315399944782257   0.0487800016999245
v   0.0822699964046478   0.2347699999809265   0.0485499985516071
v   0.0699400007724762   0.2373200058937073   0.0480699986219406
v   0.0565700009465218   0.2399699985980988   0.0478399991989136
v   0.0432699993252754   0.2440699934959412   0.0484200008213520
v   0.0323899984359741   0.2490299940109253   0.0490499995648861
v   0.0212799999862909   0.2535600066184998   0.0494400002062321
v   0.0088200001046062   0.2554700076580048   0.0492600016295910
v  -0.0036700000055134   0.2563399970531464   0.0483000017702580
v  -0.0168900005519390   0.2565700113773346   0.0482299998402596
v  -0.0301699992269278   0.2568700015544891   0.0480599999427795
v  -0.0426900014281273   0.2568199932575226   0.0474100001156330
v  -0.0555000007152557   0.2556299865245819   0.0464200004935265
v  -0.0677400007843971   0.2549999952316284   0.0462299995124340
v  -0.0800200030207634   0.2528400123119354   0.0451399981975555
v  -0.0923499986529350   0.2479799985885620   0.0445300005376339
v  -0.1051900014281273   0.2444500029087067   0.0445999987423420
v  -0.1175099983811379   0.2396800071001053   0.0428900010883808
v  -0.1288699954748154   0.2335299998521805   0.0402400009334087
v  -0.1399900019168854   0.2264900058507919   0.0384600013494492
v  -0.1512899994850159   0.2197100073099136   0.0368199981749058
v   0.2216600030660629   0.1485799998044968   0.0308899991214275
v   0.2109899967908859   0.1565500050783157   0.0299100000411272
v   0.2006600052118301   0.1648100018501282   0.0302700009196997
v   0.1901199966669083   0.1729499995708466   0.0310600008815527
v   0.1798200011253357   0.1812299937009811   0.0322000011801720
v   0.1707199960947037   0.1903299987316132   0.0337200015783310
v   0.1613900065422058   0.1988900005817413   0.0351499989628792
v   0.1517499983310700   0.2070199996232987   0.0360700003802776
v   0.1424199938774109   0.2156500071287155   0.0370699986815453
v   0.1314000040292740   0.2224899977445602   0.0377099998295307
v   0.1194899976253510   0.2275999933481216   0.0379600003361702
v   0.1080899983644486   0.2328799962997437   0.0384400002658367
v   0.0962800011038780   0.2370000034570694   0.0385599993169308
v   0.0839300006628037   0.2401300072669983   0.0381899997591972
v   0.0711100026965141   0.2425400018692017   0.0375900007784367
v   0.0579399988055229   0.2450899928808212   0.0373199991881847
v   0.0450699999928474   0.2485000044107437   0.0374700017273426
v   0.0330899991095066   0.2528600096702576   0.0380199998617172
v   0.0212099999189377   0.2567900121212006   0.0382299982011318
v   0.0086399996653199   0.2587400078773499   0.0377199985086918
v  -0.0043000001460314   0.2596499919891357   0.0369100011885166
v  -0.0174100007861853   0.2603600025177002   0.0364999994635582
v  -0.0305100008845329   0.2607100009918213   0.0360600017011166
v  -0.0434099994599819   0.2609600126743317   0.0361200012266636
v  -0.0562199987471104   0.2600399851799011   0.0357600003480911
v  -0.0690200030803680   0.2586799860000610   0.0353499986231327
v  -0.0821399986743927   0.2578499913215637   0.0354800000786781
v  -0.0950900018215179   0.2543700039386749   0.0351000018417835
v  -0.1075699999928474   0.2494699954986572   0.0340000018477440
v  -0.1197300031781197   0.2442100048065186   0.0328099988400936
v  -0.1318300068378449   0.2388200014829636   0.0315500013530254
v  -0.1435000002384186   0.2322500050067902   0.0305599998682737
v  -0.1545300036668778   0.2245700061321259   0.0304300002753735
v   0.2246699929237366   0.1508200019598007   0.0215600002557039
v   0.2148000001907349   0.1599500030279160   0.0219800006598234
v   0.2042700052261353   0.1680400073528290   0.0217799991369247
v   0.1923999935388565   0.1750199943780899   0.0220100004225969
v   0.1810500025749207   0.1829299926757813   0.0225000008940697
v   0.1717599928379059   0.1913399994373322   0.0237799994647503
v   0.1617999970912933   0.1991900056600571   0.0248499996960163
v   0.1521700024604797   0.2078900039196014   0.0254699997603893
v   0.1436199992895126   0.2176499962806702   0.0260099992156029
v   0.1327500045299530   0.2250200062990189   0.0267600007355213
v   0.1203700006008148   0.2299699932336807   0.0270399991422892
v   0.1095400005578995   0.2361599951982498   0.0274500008672476
v   0.0980399996042252   0.2414399981498718   0.0277500003576279
v   0.0851899981498718   0.2443500012159348   0.0273700002580881
v   0.0724499970674515   0.2468599975109100   0.0267999991774559
v   0.0591700002551079   0.2489500045776367   0.0265900008380413
v   0.0460200011730194   0.2518799901008606   0.0261700004339218
v   0.0335699990391731   0.2551900148391724   0.0269000008702278
v   0.0208700001239777   0.2580200135707855   0.0268900003284216
v   0.0081099998205900   0.2594400048255920   0.0261899996548891
v  -0.0048099998384714   0.2600899934768677   0.0247099995613098
v  -0.0179600007832050   0.2601400017738342   0.0246099997311831
v  -0.0310600008815527   0.2610900104045868   0.0236799996346235
v  -0.0436800010502338   0.2631199955940247   0.0247399993240833
v  -0.0567799992859364   0.2635299861431122   0.0246300008147955
v  -0.0699400007724762   0.2623699903488159   0.0248300004750490
v  -0.0833500027656555   0.2605299949645996   0.0243299994617701
v  -0.0960899963974953   0.2558900117874146   0.0240000002086163
v  -0.1082800030708313   0.2501699924468994   0.0225300006568432
v  -0.1207600012421608   0.2457000017166138   0.0220100004225969
v  -0.1334600001573563   0.2420299947261810   0.0206599999219179
v  -0.1461800038814545   0.2366600036621094   0.0218599997460842
v  -0.1576900035142899   0.2293699979782105   0.0213900003582239
v   0.2265499979257584   0.1520400047302246   0.0131999999284744
v   0.2170500010251999   0.1617400050163269   0.0132200000807643
v   0.2065400034189224   0.1704100072383881   0.0133999995887280
v   0.1950300037860870   0.1776999980211258   0.0131999999284744
v   0.1836100071668625   0.1847700029611588   0.0132499998435378
v   0.1732199937105179   0.1926500052213669   0.0139899998903275
v   0.1622699946165085   0.1995700001716614   0.0145800001919270
v   0.1523000001907349   0.2077499926090241   0.0150399999693036
v   0.1437499970197678   0.2176200002431870   0.0152700003236532
v   0.1333200037479401   0.2256200015544891   0.0154799995943904
v   0.1217100024223328   0.2317900061607361   0.0157099999487400
v   0.1102000027894974   0.2377000004053116   0.0158600006252527
v   0.0983100011944771   0.2427999973297119   0.0159200001507998
v   0.0854500010609627   0.2453799992799759   0.0158099997788668
v   0.0726599991321564   0.2481299936771393   0.0157200004905462
v   0.0597800016403198   0.2504200041294098   0.0157299991697073
v   0.0469200015068054   0.2531200051307678   0.0158699993044138
v   0.0340000018477440   0.2565099895000458   0.0162199996411800
v   0.0207599997520447   0.2581300139427185   0.0161199998110533
v   0.0075599998235703   0.2583400011062622   0.0154100004583597
v  -0.0054999999701977   0.2594900131225586   0.0145399998873472
v  -0.0185499992221594   0.2602500021457672   0.0137900002300739
v  -0.0314199998974800   0.2623800039291382   0.0135300001129508
v  -0.0440200008451939   0.2658500075340271   0.0141899995505810
v  -0.0570599995553494   0.2671099901199341   0.0147599996998906
v  -0.0706299990415573   0.2662500143051148   0.0147700002416968
v  -0.0839800015091896   0.2624900043010712   0.0144499996677041
v  -0.0966499969363213   0.2567900121212006   0.0137999998405576
v  -0.1091599985957146   0.2510100007057190   0.0131000000983477
v  -0.1219500005245209   0.2469699978828430   0.0124399997293949
v  -0.1352600008249283   0.2445300072431564   0.0125099997967482
v  -0.1484999954700470   0.2398400008678436   0.0130700003355742
v  -0.1600600033998489   0.2317200005054474   0.0137099996209145
v   0.2273000031709671   0.1523600071668625   0.0040400000289083
v   0.2181500047445297   0.1626999974250794   0.0041399998590350
v   0.2077600061893463   0.1713699996471405   0.0043700002133846
v   0.1965399980545044   0.1791200041770935   0.0039200000464916
v   0.1859299987554550   0.1869499981403351   0.0037100000772625
v   0.1742600053548813   0.1934600025415421   0.0041299997828901
v   0.1624699980020523   0.1994400024414063   0.0047800000756979
v   0.1522299945354462   0.2073799967765808   0.0047200000844896
v   0.1429399996995926   0.2160499989986420   0.0046999999321997
v   0.1328199952840805   0.2245099991559982   0.0042400001548231
v   0.1215799972414970   0.2312200069427490   0.0041800001636148
v   0.1099099963903427   0.2368900030851364   0.0040899999439716
v   0.0975999981164932   0.2409600019454956   0.0042900000698864
v   0.0853099972009659   0.2451000064611435   0.0041200001724064
v   0.0724999979138374   0.2478300034999847   0.0042300000786781
v   0.0601699985563755   0.2511300146579742   0.0045599997974932
v   0.0480500012636185   0.2547299861907959   0.0056799999438226
v   0.0344999991357327   0.2584199905395508   0.0051500000990927
v   0.0205300003290176   0.2585799992084503   0.0058900001458824
v   0.0074800001457334   0.2585099935531616   0.0046899998560548
v  -0.0061900001019239   0.2599700093269348   0.0041600000113249
v  -0.0185499992221594   0.2628000080585480   0.0034600000362843
v  -0.0316299982368946   0.2658599913120270   0.0035399999469519
v  -0.0438899993896484   0.2686600089073181   0.0036200000904500
v  -0.0569300018250942   0.2704200148582459   0.0042699999175966
v  -0.0712599977850914   0.2696200013160706   0.0041899997740984
v  -0.0844599977135658   0.2644900083541870   0.0045099998824298
v  -0.0972099974751473   0.2576999962329865   0.0038699998985976
v  -0.1103700026869774   0.2517299950122833   0.0037899999879301
v  -0.1230100020766258   0.2489800006151199   0.0032699999865144
v  -0.1366800069808960   0.2472199946641922   0.0032800000626594
v  -0.1500899940729141   0.2423799932003021   0.0038900000508875
v  -0.1618900001049042   0.2331800013780594   0.0044800001196563
v   0.2268999963998795   0.1524800062179565  -0.0052100000903010
v   0.2178200036287308   0.1625999957323074  -0.0052600000053644
v   0.2076600044965744   0.1716099977493286  -0.0054899998940527
v   0.1966399997472763   0.1792899966239929  -0.0057100001722574
v   0.1858099997043610   0.1869100034236908  -0.0059199999086559
v   0.1746599972248077   0.1938100010156632  -0.0059000002220273
v   0.1630800068378449   0.1998499929904938  -0.0058300001546741
v   0.1523000001907349   0.2069800049066544  -0.0058900001458824
v   0.1417399942874908   0.2143899947404862  -0.0061300001107156
v   0.1317699998617172   0.2226999998092651  -0.0069400002248585
v   0.1208399981260300   0.2295700013637543  -0.0074000000022352
v   0.1091599985957146   0.2350399941205978  -0.0075500002130866
v   0.0969799980521202   0.2392800003290176  -0.0075199999846518
v   0.0848399996757507   0.2434400022029877  -0.0076199998147786
v   0.0724399983882904   0.2466499954462051  -0.0075400001369417
v   0.0601500011980534   0.2503300011157990  -0.0074900002218783
v   0.0478600002825260   0.2548899948596954  -0.0074900002218783
v   0.0348600000143051   0.2585099935531616  -0.0073299999348819
v   0.0214499998837709   0.2593199908733368  -0.0069200000725687
v   0.0081900004297495   0.2595500051975250  -0.0068999999202788
v  -0.0050200000405312   0.2604500055313110  -0.0073400000110269
v  -0.0177999995648861   0.2644299864768982  -0.0077900001779199
v  -0.0305899996310473   0.2685000002384186  -0.0079199997708201
v  -0.0436699986457825   0.2706899940967560  -0.0081599997356534
v  -0.0571400001645088   0.2710199952125549  -0.0081599997356534
v  -0.0710299983620644   0.2691200077533722  -0.0076500000432134
v  -0.0847399979829788   0.2650200128555298  -0.0071899998001754
v  -0.0971999987959862   0.2578099966049194  -0.0066399998031557
v  -0.1099900007247925   0.2524099946022034  -0.0065100002102554
v  -0.1230999976396561   0.2497899979352951  -0.0066200001165271
v  -0.1366599947214127   0.2479200065135956  -0.0065799998119473
v  -0.1500999927520752   0.2424699962139130  -0.0061900001019239
v  -0.1603199988603592   0.2320500016212463  -0.0054100002162158
v   0.2252700030803680   0.1516200006008148  -0.0138299996033311
v   0.2155800014734268   0.1609299927949905  -0.0145699996501207
v   0.2057899981737137   0.1700199991464615  -0.0149900000542402
v   0.1957000046968460   0.1786500066518784  -0.0155400000512600
v   0.1853999942541122   0.1866299957036972  -0.0154200000688434
v   0.1742600053548813   0.1934700012207031  -0.0161700006574392
v   0.1627600044012070   0.1991699934005737  -0.0162400007247925
v   0.1511999964714050   0.2053599953651428  -0.0165500007569790
v   0.1401499956846237   0.2121299952268601  -0.0169200003147125
v   0.1301199942827225   0.2199600040912628  -0.0180500000715256
v   0.1197900027036667   0.2274000048637390  -0.0189200006425381
v   0.1081100031733513   0.2327200025320053  -0.0193099994212389
v   0.0959900021553040   0.2367900013923645  -0.0191399995237589
v   0.0835200026631355   0.2390899956226349  -0.0187500007450581
v   0.0716599971055985   0.2428999990224838  -0.0188400000333786
v   0.0590999983251095   0.2462099939584732  -0.0190900005400181
v   0.0469500012695789   0.2498999983072281  -0.0197500009089708
v   0.0342600010335445   0.2524000108242035  -0.0189800001680851
v   0.0215600002557039   0.2550800144672394  -0.0185599997639656
v   0.0086399996653199   0.2569600045681000  -0.0185499992221594
v  -0.0039400001987815   0.2598600089550018  -0.0186100006103516
v  -0.0168600007891655   0.2638599872589111  -0.0195400007069111
v  -0.0303600002080202   0.2675600051879883  -0.0201200004667044
v  -0.0434000007808209   0.2683500051498413  -0.0203200001269579
v  -0.0566500015556812   0.2684000134468079  -0.0201500002294779
v  -0.0704900026321411   0.2664900124073029  -0.0196499992161989
v  -0.0839100033044815   0.2627100050449371  -0.0182900000363588
v  -0.0966200008988380   0.2565900087356567  -0.0175599996000528
v  -0.1098800003528595   0.2522099912166596  -0.0167599990963936
v  -0.1223099976778030   0.2493800073862076  -0.0168800000101328
v  -0.1355299949645996   0.2471799999475479  -0.0170099996030331
v  -0.1490100026130676   0.2406200021505356  -0.0162199996411800
v  -0.1583500057458878   0.2300799936056137  -0.0135099999606609
v   0.2221000045537949   0.1494999974966049  -0.0235600005835295
v   0.2126300036907196   0.1587699949741364  -0.0237199999392033
v   0.2030600011348724   0.1677100062370300  -0.0247399993240833
v   0.1935099959373474   0.1766400039196014  -0.0255200006067753
v   0.1833900064229965   0.1847900003194809  -0.0262100007385016
v   0.1727299988269806   0.1917999982833862  -0.0267399996519089
v   0.1614499986171722   0.1978500038385391  -0.0270700007677078
v   0.1492899954319000   0.2027499973773956  -0.0270600002259016
v   0.1380400061607361   0.2091699987649918  -0.0276800002902746
v   0.1282200068235397   0.2169699966907501  -0.0291700009256601
v   0.1178700029850006   0.2237900048494339  -0.0303399991244078
v   0.1062600016593933   0.2284899950027466  -0.0304700005799532
v   0.0939600020647049   0.2311999946832657  -0.0298500005155802
v   0.0815899968147278   0.2335100024938583  -0.0292600002139807
v   0.0698599964380264   0.2378499954938889  -0.0296999998390675
v   0.0583099983632565   0.2427300065755844  -0.0305799990892410
v   0.0462299995124340   0.2460500001907349  -0.0307299997657537
v   0.0335300005972385   0.2470799982547760  -0.0298800002783537
v   0.0208800006657839   0.2494000047445297  -0.0295199993997812
v   0.0083100004121661   0.2516700029373169  -0.0294300001114607
v  -0.0038900000508875   0.2555800080299377  -0.0300099998712540
v  -0.0163199994713068   0.2600300014019013  -0.0310299992561340
v  -0.0293700005859137   0.2624700069427490  -0.0317399986088276
v  -0.0426600016653538   0.2631799876689911  -0.0316199995577335
v  -0.0559500008821487   0.2624999880790710  -0.0312799997627735
v  -0.0693200007081032   0.2614299952983856  -0.0309500005096197
v  -0.0824799984693527   0.2583299875259399  -0.0300200004130602
v  -0.0955699980258942   0.2545700073242188  -0.0288999993354082
v  -0.1085399985313416   0.2509100139141083  -0.0278900004923344
v  -0.1212000027298927   0.2474000006914139  -0.0272799991071224
v  -0.1339399963617325   0.2433499991893768  -0.0269499998539686
v  -0.1466400027275085   0.2374099940061569  -0.0256099998950958
v  -0.1565400063991547   0.2272900044918060  -0.0236200001090765
v   0.2196699976921082   0.1479900032281876  -0.0319599993526936
v   0.2100500017404556   0.1569699943065643  -0.0330800004303455
v   0.2004899978637695   0.1657200008630753  -0.0342300012707710
v   0.1907600015401840   0.1741899996995926  -0.0354599989950657
v   0.1798100024461746   0.1811199933290482  -0.0360100008547306
v   0.1696300059556961   0.1881999969482422  -0.0366900004446507
v   0.1591899991035461   0.1942099928855896  -0.0370999984443188
v   0.1471000015735626   0.1997999995946884  -0.0375900007784367
v   0.1355299949645996   0.2064200043678284  -0.0383899994194508
v   0.1259199976921082   0.2131399959325790  -0.0398899987339973
v   0.1151700019836426   0.2187599986791611  -0.0408600009977818
v   0.1038200035691261   0.2231300026178360  -0.0409599989652634
v   0.0920599997043610   0.2259999960660934  -0.0406000018119812
v   0.0799700021743774   0.2290800064802170  -0.0403599999845028
v   0.0684899985790253   0.2338799983263016  -0.0411299988627434
v   0.0574599988758564   0.2389599978923798  -0.0420100018382072
v   0.0456600002944469   0.2418700009584427  -0.0419399999082089
v   0.0330200009047985   0.2434500008821487  -0.0413900017738342
v   0.0203399993479252   0.2451999932527542  -0.0410699993371964
v   0.0083600003272295   0.2481199949979782  -0.0411599986255169
v  -0.0033700000494719   0.2520799934864044  -0.0416899994015694
v  -0.0158900003880262   0.2546699941158295  -0.0422100014984608
v  -0.0285999998450279   0.2554900050163269  -0.0419000014662743
v  -0.0418099984526634   0.2563900053501129  -0.0420800000429153
v  -0.0551300011575222   0.2562200129032135  -0.0417700000107288
v  -0.0678199976682663   0.2549600005149841  -0.0413799993693829
v  -0.0805199965834618   0.2526600062847138  -0.0406700000166893
v  -0.0937699973583221   0.2503899931907654  -0.0397199988365173
v  -0.1068800017237663   0.2471799999475479  -0.0384999997913837
v  -0.1190700009465218   0.2427999973297119  -0.0368999987840653
v  -0.1308600008487701   0.2381999939680100  -0.0348699986934662
v  -0.1439300030469894   0.2329600006341934  -0.0345200002193451
v  -0.1558700054883957   0.2255599945783615  -0.0326000005006790
v   0.2153699994087219   0.1447799950838089  -0.0415600016713142
v   0.2064200043678284   0.1540800034999847  -0.0418599992990494
v   0.1969899982213974   0.1628700047731400  -0.0433599986135960
v   0.1872200071811676   0.1710399985313416  -0.0447300001978874
v   0.1766799986362457   0.1780299991369247  -0.0454900003969669
v   0.1663399934768677   0.1847999989986420  -0.0464500002563000
v   0.1559100002050400   0.1912800073623657  -0.0475200004875660
v   0.1450300067663193   0.1975000053644180  -0.0484899990260601
v   0.1338099986314774   0.2029500007629395  -0.0491300001740456
v   0.1233699992299080   0.2089899927377701  -0.0503300018608570
v   0.1129899993538857   0.2148399949073792  -0.0514600016176701
v   0.1018700003623962   0.2192000001668930  -0.0518699996173382
v   0.0903500020503998   0.2225899994373322  -0.0518499985337257
v   0.0785899981856346   0.2253199964761734  -0.0516300015151501
v   0.0674400031566620   0.2298700064420700  -0.0522800013422966
v   0.0563400015234947   0.2345899939537048  -0.0530400015413761
v   0.0445699989795685   0.2372200042009354  -0.0529499985277653
v   0.0325100012123585   0.2393099963665009  -0.0526399984955788
v   0.0204300004988909   0.2414499968290329  -0.0525900013744831
v   0.0086599998176098   0.2445800006389618  -0.0529900006949902
v  -0.0031699999235570   0.2476900070905685  -0.0533800013363361
v  -0.0154200000688434   0.2498299926519394  -0.0535899996757507
v  -0.0280699990689755   0.2493499964475632  -0.0526899993419647
v  -0.0408000014722347   0.2496899962425232  -0.0523499995470047
v  -0.0535800009965897   0.2502500116825104  -0.0524099990725517
v  -0.0662200003862381   0.2488899976015091  -0.0516000017523766
v  -0.0789100006222725   0.2469999939203262  -0.0506599992513657
v  -0.0916699990630150   0.2444799989461899  -0.0494000017642975
v  -0.1041499972343445   0.2408999949693680  -0.0476399995386601
v  -0.1164100021123886   0.2370299994945526  -0.0458500012755394
v  -0.1283700019121170   0.2321300059556961  -0.0439100004732609
v  -0.1407700031995773   0.2271499931812286  -0.0426700003445149
v  -0.1527100056409836   0.2209900021553040  -0.0425999984145165
v   0.2117899954319000   0.1419200003147125  -0.0486200004816055
v   0.2024399936199188   0.1508799940347672  -0.0503400005400181
v   0.1929000020027161   0.1596499979496002  -0.0521100014448166
v   0.1828099936246872   0.1668899953365326  -0.0531399995088577
v   0.1735900044441223   0.1752399951219559  -0.0550099983811379
v   0.1639299988746643   0.1823299974203110  -0.0569600015878677
v   0.1535799950361252   0.1892399936914444  -0.0586499981582165
v   0.1428900063037872   0.1949899941682816  -0.0593600012362003
v   0.1321399956941605   0.2002799957990646  -0.0601999983191490
v   0.1217399984598160   0.2059800028800964  -0.0612800009548664
v   0.1111000031232834   0.2115299999713898  -0.0624600015580654
v   0.1000199988484383   0.2157700061798096  -0.0629099979996681
v   0.0887200012803078   0.2192499935626984  -0.0630899965763092
v   0.0774300023913384   0.2223200052976608  -0.0631000027060509
v   0.0662399977445602   0.2257799953222275  -0.0635399967432022
v   0.0548899993300438   0.2292599976062775  -0.0635000020265579
v   0.0434000007808209   0.2311599999666214  -0.0625500008463860
v   0.0317899994552136   0.2336899936199188  -0.0630699992179871
v   0.0202200002968311   0.2367600053548813  -0.0638900026679039
v   0.0087900003418326   0.2400600016117096  -0.0642699971795082
v  -0.0029400000348687   0.2426999956369400  -0.0646599978208542
v  -0.0151000004261732   0.2442200034856796  -0.0644700005650520
v  -0.0273000001907349   0.2436099946498871  -0.0634799972176552
v  -0.0397000014781952   0.2436600029468536  -0.0627499967813492
v  -0.0519700013101101   0.2433699965476990  -0.0621500015258789
v  -0.0645300000905991   0.2423599958419800  -0.0612500011920929
v  -0.0769999995827675   0.2409500032663345  -0.0603099986910820
v  -0.0895799994468689   0.2387699931859970  -0.0590099990367889
v  -0.1018600016832352   0.2356600016355515  -0.0571400001645088
v  -0.1138399988412857   0.2313500046730042  -0.0549300014972687
v  -0.1257099956274033   0.2265499979257584  -0.0524899996817112
v  -0.1375900059938431   0.2215799987316132  -0.0508599989116192
v  -0.1496700048446655   0.2163300067186356  -0.0492199994623661
v   0.2071399986743927   0.1391900032758713  -0.0576400011777878
v   0.1979900002479553   0.1476300060749054  -0.0582199990749359
v   0.1887400001287460   0.1559599936008453  -0.0604100003838539
v   0.1784700006246567   0.1627999991178513  -0.0616400018334389
v   0.1693200021982193   0.1706299930810928  -0.0638799965381622
v   0.1607100069522858   0.1788800060749054  -0.0666999965906143
v   0.1506000012159348   0.1853400021791458  -0.0682799965143204
v   0.1396500021219254   0.1904399991035461  -0.0688299983739853
v   0.1290899962186813   0.1957200020551682  -0.0698100030422211
v   0.1187900006771088   0.2010699957609177  -0.0709799975156784
v   0.1084000021219254   0.2061599940061569  -0.0722199976444244
v   0.0974600017070770   0.2100400030612946  -0.0725900009274483
v   0.0865299999713898   0.2136200070381165  -0.0729999989271164
v   0.0757500007748604   0.2175299972295761  -0.0735500007867813
v   0.0648500025272369   0.2212499976158142  -0.0740799978375435
v   0.0534400008618832   0.2229299992322922  -0.0734800025820732
v   0.0418899990618229   0.2238599956035614  -0.0724899992346764
v   0.0307599995285273   0.2273699939250946  -0.0730900019407272
v   0.0198899991810322   0.2317100018262863  -0.0743900015950203
v   0.0087900003418326   0.2351199984550476  -0.0751200020313263
v  -0.0027499999850988   0.2373100072145462  -0.0753199979662895
v  -0.0146800000220537   0.2378800064325333  -0.0746299996972084
v  -0.0266299992799759   0.2374700009822846  -0.0735199972987175
v  -0.0386199988424778   0.2372699975967407  -0.0725599974393845
v  -0.0508100017905235   0.2371300011873245  -0.0719600021839142
v  -0.0627399981021881   0.2349900007247925  -0.0700099989771843
v  -0.0748699977993965   0.2336400002241135  -0.0688899978995323
v  -0.0872500017285347   0.2325800061225891  -0.0681200027465820
v  -0.0992999970912933   0.2297199964523315  -0.0662499964237213
v  -0.1112499982118607   0.2260099947452545  -0.0641300007700920
v  -0.1235300004482269   0.2226399928331375  -0.0624799989163876
v  -0.1349599957466126   0.2172700017690659  -0.0598700009286404
v  -0.1459400057792664   0.2111999988555908  -0.0588500015437603
v   0.2036399990320206   0.1370899975299835  -0.0642099976539612
v   0.1940499991178513   0.1447200030088425  -0.0664800032973290
v   0.1847400069236755   0.1528300046920776  -0.0688600018620491
v   0.1749700009822846   0.1596300005912781  -0.0708199962973595
v   0.1656000018119812   0.1669600009918213  -0.0732899978756905
v   0.1568399965763092   0.1743199974298477  -0.0755499973893166
v   0.1470299959182739   0.1807000041007996  -0.0771899968385696
v   0.1361699998378754   0.1856700032949448  -0.0778900012373924
v   0.1254200041294098   0.1905300021171570  -0.0785500034689903
v   0.1151999980211258   0.1949300020933151  -0.0795599967241287
v   0.1049100011587143   0.1993400007486343  -0.0806500017642975
v   0.0945499986410141   0.2034700065851212  -0.0814599990844727
v   0.0839200019836426   0.2070000022649765  -0.0820000022649765
v   0.0736399963498116   0.2112700045108795  -0.0829199999570847
v   0.0629900023341179   0.2148900032043457  -0.0835599973797798
v   0.0519500002264977   0.2167000025510788  -0.0833199992775917
v   0.0408499985933304   0.2179200053215027  -0.0831300020217896
v   0.0298800002783537   0.2213000059127808  -0.0831699967384338
v   0.0189299993216991   0.2250099927186966  -0.0836199969053268
v   0.0084800003096461   0.2284300029277802  -0.0847700014710426
v  -0.0026199999265373   0.2305700033903122  -0.0850299969315529
v  -0.0142999999225140   0.2313999980688095  -0.0843999981880188
v  -0.0258200000971556   0.2316499948501587  -0.0835400000214577
v  -0.0375600010156632   0.2308000028133392  -0.0820899978280067
v  -0.0495399981737137   0.2304400056600571  -0.0810900032520294
v  -0.0612200014293194   0.2291599959135056  -0.0797000005841255
v  -0.0730300024151802   0.2279600054025650  -0.0784899964928627
v  -0.0848999992012978   0.2262600064277649  -0.0770699977874756
v  -0.0965000018477440   0.2236000001430512  -0.0750000029802322
v  -0.1085499972105026   0.2206500023603439  -0.0733200013637543
v  -0.1207299977540970   0.2177399992942810  -0.0716100037097931
v  -0.1323399990797043   0.2128899991512299  -0.0690400004386902
v  -0.1431300044059753   0.2072899937629700  -0.0653999969363213
v   0.1987700015306473   0.1335400044918060  -0.0738700032234192
v   0.1908099949359894   0.1423200070858002  -0.0754199996590614
v   0.1812199950218201   0.1496199965476990  -0.0777300000190735
v   0.1718199998140335   0.1567800045013428  -0.0801099985837936
v   0.1629900038242340   0.1642699986696243  -0.0827699974179268
v   0.1535400003194809   0.1707099974155426  -0.0848499983549118
v   0.1434900015592575   0.1762900054454804  -0.0862800031900406
v   0.1326700001955032   0.1806299984455109  -0.0867500007152557
v   0.1221999973058701   0.1851100027561188  -0.0875499993562698
v   0.1125800013542175   0.1903499960899353  -0.0891999974846840
v   0.1026500016450882   0.1948699951171875  -0.0904799997806549
v   0.0921700000762940   0.1983200013637543  -0.0910999998450279
v   0.0818200036883354   0.2018299996852875  -0.0917899981141090
v   0.0716800019145012   0.2056999951601028  -0.0925600007176399
v   0.0614200010895729   0.2093600034713745  -0.0933799967169762
v   0.0507199987769127   0.2114900052547455  -0.0934100002050400
v   0.0398899987339973   0.2130600064992905  -0.0931299999356270
v   0.0291099995374680   0.2152400016784668  -0.0930600017309189
v   0.0183499995619059   0.2176100015640259  -0.0930500030517578
v   0.0079399999231100   0.2211100012063980  -0.0939199998974800
v  -0.0028299998957664   0.2234600037336350  -0.0942300036549568
v  -0.0140000004321337   0.2244900017976761  -0.0937300026416779
v  -0.0252800006419420   0.2250999957323074  -0.0931100025773048
v  -0.0367599986493588   0.2255499958992004  -0.0923999994993210
v  -0.0482500009238720   0.2249699980020523  -0.0909700021147728
v  -0.0598599985241890   0.2246399968862534  -0.0901399999856949
v  -0.0714299976825714   0.2233300060033798  -0.0886999964714050
v  -0.0828099995851517   0.2207300066947937  -0.0865499973297119
v  -0.0941800028085709   0.2178400009870529  -0.0843200013041496
v  -0.1057400032877922   0.2148299962282181  -0.0823400020599365
v  -0.1172100007534027   0.2110700011253357  -0.0799600034952164
v  -0.1289799958467484   0.2073599994182587  -0.0774800032377243
v  -0.1385200023651123   0.2005800008773804  -0.0746100023388863
v   0.1956399977207184   0.1313299983739853  -0.0806500017642975
v   0.1867499947547913   0.1389500051736832  -0.0836099982261658
v   0.1771699935197830   0.1462800055742264  -0.0861399993300438
v   0.1681600064039230   0.1533199995756149  -0.0888300016522408
v   0.1587200015783310   0.1598899960517883  -0.0912199988961220
v   0.1498199999332428   0.1665199995040894  -0.0936800017952919
v   0.1398299932479858   0.1715099960565567  -0.0949900001287460
v   0.1290799975395203   0.1755400002002716  -0.0955599993467331
v   0.1187200024724007   0.1799799948930740  -0.0963900014758110
v   0.1095800027251244   0.1850199997425079  -0.0982899963855743
v   0.1000000014901161   0.1895599961280823  -0.0996799990534782
v   0.0900200009346008   0.1937599927186966  -0.1010499969124794
v   0.0800099968910217   0.1976899951696396  -0.1022799983620644
v   0.0699800029397011   0.2012999951839447  -0.1029200032353401
v   0.0598599985241890   0.2038300037384033  -0.1028899997472763
v   0.0492900013923645   0.2055200040340424  -0.1028499975800514
v   0.0387899987399578   0.2071499973535538  -0.1027299985289574
v   0.0282799992710352   0.2088100016117096  -0.1025099977850914
v   0.0181200001388788   0.2117400020360947  -0.1033499985933304
v   0.0077100000344217   0.2143400013446808  -0.1033499985933304
v  -0.0029299999587238   0.2158499956130981  -0.1026899963617325
v  -0.0136799998581409   0.2171099931001663  -0.1026299968361855
v  -0.0245600007474422   0.2183900028467178  -0.1025499999523163
v  -0.0357099995017052   0.2193000018596649  -0.1020499989390373
v  -0.0468599982559681   0.2191800028085709  -0.1006899997591972
v  -0.0581800006330013   0.2184499949216843  -0.0995600000023842
v  -0.0693899989128113   0.2170999944210053  -0.0978400036692619
v  -0.0808300003409386   0.2151699960231781  -0.0960899963974953
v  -0.0918700024485588   0.2125200033187866  -0.0936700031161308
v  -0.1027299985289574   0.2084800004959106  -0.0908299982547760
v  -0.1131400018930435   0.2039799988269806  -0.0876699984073639
v  -0.1245400011539459   0.2002699971199036  -0.0841699987649918
v  -0.1357299983501434   0.1962600052356720  -0.0804499983787537
v   0.1912100017070770   0.1275999993085861  -0.0906200036406517
v   0.1820099949836731   0.1349200010299683  -0.0911699980497360
v   0.1731600016355515   0.1427000015974045  -0.0944100022315979
v   0.1643500030040741   0.1498499959707260  -0.0974100008606911
v   0.1552899926900864   0.1562500000000000  -0.1000699996948242
v   0.1458500027656555   0.1620000004768372  -0.1023000031709671
v   0.1358799934387207   0.1667100042104721  -0.1037800014019013
v   0.1257800012826920   0.1709000021219254  -0.1048000007867813
v   0.1158799976110458   0.1751500070095062  -0.1058500036597252
v   0.1062000021338463   0.1795099973678589  -0.1071700006723404
v   0.0966000035405159   0.1837199926376343  -0.1085600033402443
v   0.0873000025749207   0.1882600039243698  -0.1103599965572357
v   0.0777300000190735   0.1921699941158295  -0.1117699965834618
v   0.0679700002074242   0.1955599933862686  -0.1125300005078316
v   0.0579500012099743   0.1977999955415726  -0.1125200018286705
v   0.0477299988269806   0.1991200000047684  -0.1120600029826164
v   0.0375399999320507   0.2006299942731857  -0.1118400022387505
v   0.0273800007998943   0.2021500021219254  -0.1115700006484985
v   0.0175199992954731   0.2048700004816055  -0.1121099963784218
v   0.0074900002218783   0.2073100060224533  -0.1124500036239624
v  -0.0028999999631196   0.2079199999570847  -0.1114199981093407
v  -0.0133199999108911   0.2090699970722199  -0.1110400035977364
v  -0.0238099992275238   0.2114100009202957  -0.1117200031876564
v  -0.0346300005912781   0.2128099948167801  -0.1116899996995926
v  -0.0454900003969669   0.2122599929571152  -0.1101400032639504
v  -0.0562900006771088   0.2109600007534027  -0.1082200035452843
v  -0.0672999992966652   0.2099799960851669  -0.1067100018262863
v  -0.0786899998784065   0.2091899961233139  -0.1054700016975403
v  -0.0896100029349327   0.2065200060606003  -0.1027700006961823
v  -0.0995600000023842   0.2018299996852875  -0.0987799987196922
v  -0.1098399981856346   0.1977200061082840  -0.0951600000262260
v  -0.1205499991774559   0.1938699930906296  -0.0914999991655350
v  -0.1304699927568436   0.1887899935245514  -0.0895199999213219
v   0.1886299997568131   0.1249200031161308  -0.0971800014376640
v   0.1780699938535690   0.1316899955272675  -0.0995099991559982
v   0.1691100001335144   0.1398900002241135  -0.1027199998497963
v   0.1611800044775009   0.1469700038433075  -0.1066400036215782
v   0.1518999934196472   0.1529799997806549  -0.1091599985957146
v   0.1423400044441223   0.1584500074386597  -0.1116700023412705
v   0.1325699985027313   0.1632499992847443  -0.1135800033807755
v   0.1224500015377998   0.1664700061082840  -0.1142399981617928
v   0.1126099973917007   0.1697299927473068  -0.1149000003933907
v   0.1025099977850914   0.1732500046491623  -0.1155899986624718
v   0.0932599976658821   0.1784300059080124  -0.1173999980092049
v   0.0846500024199486   0.1825399994850159  -0.1196200028061867
v   0.0752200037240982   0.1863300055265427  -0.1211600005626679
v   0.0656699985265732   0.1892800033092499  -0.1217800006270409
v   0.0558900013566017   0.1907099932432175  -0.1210800036787987
v   0.0459400005638599   0.1917199939489365  -0.1205300018191338
v   0.0362999998033047   0.1943500041961670  -0.1212299987673760
v   0.0265299994498491   0.1957200020551682  -0.1207600012421608
v   0.0169099997729063   0.1975599974393845  -0.1204899996519089
v   0.0071000000461936   0.1986799985170364  -0.1201400011777878
v  -0.0027499999850988   0.1998800039291382  -0.1198400035500526
v  -0.0129199996590614   0.2014199942350388  -0.1196599975228310
v  -0.0229400005191565   0.2036799937486649  -0.1202900037169457
v  -0.0334200002253056   0.2048600018024445  -0.1201400011777878
v  -0.0438000001013279   0.2040800005197525  -0.1183599978685379
v  -0.0543200001120567   0.2032800018787384  -0.1165999993681908
v  -0.0649000033736229   0.2026100009679794  -0.1151499971747398
v  -0.0760800018906593   0.2021300047636032  -0.1139300018548966
v  -0.0869100019335747   0.1997600048780441  -0.1111499965190888
v  -0.0963800027966499   0.1952199935913086  -0.1066600009799004
v  -0.1062700003385544   0.1914899945259094  -0.1029499992728233
v  -0.1173600032925606   0.1885499954223633  -0.0999400019645691
v  -0.1279000043869019   0.1847900003194809  -0.0960199981927872
v   0.1842599958181381   0.1233400031924248  -0.1081999987363815
v   0.1746499985456467   0.1293900012969971  -0.1085800006985664
v   0.1654099971055985   0.1362999975681305  -0.1119399964809418
v   0.1572500020265579   0.1436900049448013  -0.1159399971365929
v   0.1477099955081940   0.1491699963808060  -0.1185000017285347
v   0.1385899931192398   0.1547999978065491  -0.1212399974465370
v   0.1286700069904327   0.1586399972438812  -0.1226999983191490
v   0.1187200024724007   0.1615899950265884  -0.1234000027179718
v   0.1088400036096573   0.1643799990415573  -0.1238799989223480
v   0.0989300012588501   0.1671199947595596  -0.1243100017309189
v   0.0901700034737587   0.1718399971723557  -0.1263699978590012
v   0.0816700011491776   0.1763799935579300  -0.1286800056695938
v   0.0727600008249283   0.1800200045108795  -0.1303199976682663
v   0.0634900033473969   0.1828899979591370  -0.1310199946165085
v   0.0538100004196167   0.1832299977540970  -0.1296499967575073
v   0.0441600009799004   0.1842100024223328  -0.1289100050926209
v   0.0347700007259846   0.1862100064754486  -0.1291799992322922
v   0.0255399998277426   0.1883800029754639  -0.1294099986553192
v   0.0162599999457598   0.1902199983596802  -0.1293399930000305
v   0.0067900000140071   0.1913000047206879  -0.1288200020790100
v  -0.0027399999089539   0.1929199993610382  -0.1288200020790100
v  -0.0124000003561378   0.1944299936294556  -0.1287000030279160
v  -0.0221800003200769   0.1956299990415573  -0.1283899992704392
v  -0.0321099981665611   0.1962900012731552  -0.1277499943971634
v  -0.0420800000429153   0.1957899928092957  -0.1260699927806854
v  -0.0521799996495247   0.1951899975538254  -0.1243000030517578
v  -0.0626799985766411   0.1952099949121475  -0.1232699975371361
v  -0.0732799991965294   0.1944800019264221  -0.1216299980878830
v  -0.0832699984312058   0.1916899979114533  -0.1180899962782860
v  -0.0930899977684021   0.1885100007057190  -0.1143999993801117
v  -0.1031100004911423   0.1853300034999847  -0.1108900010585785
v  -0.1137000024318695   0.1825799942016602  -0.1077499985694885
v  -0.1234100013971329   0.1781200021505356  -0.1062999963760376
v   0.1811600029468536   0.1217999979853630  -0.1146700009703636
v   0.1709499955177307   0.1270399987697601  -0.1179599985480309
v   0.1619199961423874   0.1334600001573563  -0.1216199994087219
v   0.1535100042819977   0.1402399986982346  -0.1258099973201752
v   0.1437100023031235   0.1459999978542328  -0.1285099983215332
v   0.1338900029659271   0.1498299986124039  -0.1301400065422058
v   0.1238700002431870   0.1525900065898895  -0.1308500021696091
v   0.1144199967384338   0.1557099968194962  -0.1318700015544891
v   0.1048199981451035   0.1585700064897537  -0.1324400007724762
v   0.0955199971795082   0.1614200025796890  -0.1333599984645844
v   0.0869999974966049   0.1657000035047531  -0.1354299932718277
v   0.0789899975061417   0.1704200059175491  -0.1380800008773804
v   0.0702600032091141   0.1737699955701828  -0.1398199945688248
v   0.0608000010251999   0.1756799966096878  -0.1393799930810928
v   0.0518799982964993   0.1759800016880035  -0.1378999948501587
v   0.0424700006842613   0.1772200018167496  -0.1377699971199036
v   0.0334100015461445   0.1790699958801270  -0.1381399929523468
v   0.0246699992567301   0.1815399974584580  -0.1385499984025955
v   0.0157099999487400   0.1829299926757813  -0.1381199955940247
v   0.0065700002014637   0.1844400018453598  -0.1379700005054474
v  -0.0026700000744313   0.1858099997043610  -0.1377100050449371
v  -0.0119500001892447   0.1872999966144562  -0.1375599950551987
v  -0.0213300008326769   0.1878799945116043  -0.1366100013256073
v  -0.0308100003749132   0.1880500018596649  -0.1354800015687943
v  -0.0403500013053417   0.1885199993848801  -0.1347800046205521
v  -0.0502000004053116   0.1878699958324432  -0.1326099932193756
v  -0.0599899999797344   0.1869899928569794  -0.1303000003099442
v  -0.0701600015163422   0.1862999945878983  -0.1285800039768219
v  -0.0797400027513504   0.1843499988317490  -0.1253200024366379
v  -0.0898199975490570   0.1818300038576126  -0.1222100034356117
v  -0.0998300015926361   0.1793899983167648  -0.1190600022673607
v  -0.1094899997115135   0.1760500073432922  -0.1148300021886826
v  -0.1193199977278709   0.1727399975061417  -0.1107700020074844
v   0.1741800010204315   0.1171900033950806  -0.1258399933576584
v   0.1656800061464310   0.1230499967932701  -0.1266400068998337
v   0.1572500020265579   0.1294600069522858  -0.1311500072479248
v   0.1485600024461746   0.1358100026845932  -0.1351400017738342
v   0.1387799978256226   0.1406600028276444  -0.1374599933624268
v   0.1291899979114533   0.1445399969816208  -0.1391000002622604
v   0.1195299997925758   0.1472599953413010  -0.1398400068283081
v   0.1100900024175644   0.1497099995613098  -0.1403499990701675
v   0.1009299978613854   0.1524299979209900  -0.1411300003528595
v   0.0923900008201599   0.1560200005769730  -0.1427700072526932
v   0.0844300016760826   0.1604900062084198  -0.1452700048685074
v   0.0762400031089783   0.1646299958229065  -0.1475400030612946
v   0.0673199966549873   0.1667699962854385  -0.1480100005865097
v   0.0583500005304813   0.1677899956703186  -0.1472599953413010
v   0.0496699996292591   0.1694000065326691  -0.1471000015735626
v   0.0407599993050098   0.1706600040197372  -0.1469700038433075
v   0.0322699993848801   0.1730100065469742  -0.1476500034332275
v   0.0239000003784895   0.1756300032138825  -0.1483899950981140
v   0.0152000002563000   0.1761900037527084  -0.1474000066518784
v   0.0063700000755489   0.1771699935197830  -0.1467700004577637
v  -0.0025100000202656   0.1786399930715561  -0.1465599983930588
v  -0.0114599997177720   0.1793199926614761  -0.1456499993801117
v  -0.0204600002616644   0.1798200011253357  -0.1446000039577484
v  -0.0295700002461672   0.1803800016641617  -0.1436399966478348
v  -0.0388699993491173   0.1809400022029877  -0.1426600068807602
v  -0.0481100007891655   0.1799599975347519  -0.1402100026607513
v  -0.0575000010430813   0.1790200024843216  -0.1377799957990646
v  -0.0672499984502792   0.1785199940204620  -0.1360599994659424
v  -0.0770500004291534   0.1773999929428101  -0.1337399929761887
v  -0.0863400027155876   0.1748200058937073  -0.1297499984502792
v  -0.0960699990391731   0.1726499944925308  -0.1263100057840347
v  -0.1054000034928322   0.1696300059556961  -0.1220400035381317
v  -0.1136400029063225   0.1648100018501282  -0.1192900016903877
v   0.1695600003004074   0.1140199974179268  -0.1319299936294556
v   0.1624500006437302   0.1177700012922287  -0.1347399950027466
v   0.1511600017547607   0.1241400018334389  -0.1394000053405762
v   0.1445900052785873   0.1289599984884262  -0.1423700004816055
v   0.1326600015163422   0.1348000019788742  -0.1454399973154068
v   0.1258800029754639   0.1377499997615814  -0.1470299959182739
v   0.1147300004959106   0.1415099948644638  -0.1484400033950806
v   0.1077700033783913   0.1438499987125397  -0.1493999958038330
v   0.0973000004887581   0.1470099985599518  -0.1505700051784515
v   0.0901700034737587   0.1494999974966049  -0.1515299975872040
v   0.0809599980711937   0.1537400037050247  -0.1536899954080582
v   0.0734599977731705   0.1561599969863892  -0.1546200066804886
v   0.0637700036168098   0.1582700014114380  -0.1546899974346161
v   0.0561500005424023   0.1598999947309494  -0.1550900042057037
v   0.0473800003528595   0.1624000072479248  -0.1559599936008453
v   0.0395900011062622   0.1648599952459335  -0.1568499952554703
v   0.0308299995958805   0.1663800030946732  -0.1565999984741211
v   0.0226000007241964   0.1671900004148483  -0.1560100018978119
v   0.0147200003266335   0.1680500060319901  -0.1554200053215027
v   0.0054999999701977   0.1695600003004074  -0.1551100015640259
v  -0.0023399998899549   0.1710100024938583  -0.1549800038337708
v  -0.0119399996474385   0.1715700030326843  -0.1537699997425079
v  -0.0195300001651049   0.1720200031995773  -0.1527899950742722
v  -0.0296599995344877   0.1722600013017654  -0.1511500030755997
v  -0.0369499996304512   0.1723600029945374  -0.1497199982404709
v  -0.0476600006222725   0.1715999990701675  -0.1471800059080124
v  -0.0551199987530708   0.1719499975442886  -0.1460600048303604
v  -0.0666600018739700   0.1709599941968918  -0.1438899934291840
v  -0.0738499984145165   0.1699600070714951  -0.1416399925947189
v  -0.0852300003170967   0.1674599945545197  -0.1370400041341782
v  -0.0921299979090691   0.1659799963235855  -0.1334699988365173
v  -0.1037800014019013   0.1627800017595291  -0.1287100017070770
v  -0.1106700003147125   0.1606799960136414  -0.1253100037574768
v   0.1107200011610985  -0.1624899953603745   0.1343300044536591
v   0.1147700026631355  -0.1559599936008453   0.1369400024414063
v   0.1219599992036820  -0.1459500044584274   0.1420699954032898
v   0.1261699944734573  -0.1401900053024292   0.1452099978923798
v   0.1324000060558319  -0.1301099956035614   0.1493699997663498
v   0.1357000023126602  -0.1235499978065491   0.1512600034475327
v   0.1404400020837784  -0.1130599975585938   0.1537099927663803
v   0.1434500068426132  -0.1066000014543533   0.1553899943828583
v   0.1468600034713745  -0.0965299978852272   0.1565899997949600
v   0.1496499925851822  -0.0892499983310700   0.1576199978590012
v   0.1539900004863739  -0.0796900019049645   0.1600199937820435
v   0.1574299931526184  -0.0739099979400635   0.1617700010538101
v   0.1612900048494339  -0.0656699985265732   0.1630399972200394
v   0.1627299934625626  -0.0579800009727478   0.1636900007724762
v   0.1643799990415573  -0.0494300015270710   0.1639699935913086
v   0.1655299961566925  -0.0408199988305569   0.1634099930524826
v   0.1665100008249283  -0.0318199992179871   0.1624999940395355
v   0.1674900054931641  -0.0236499998718500   0.1622799932956696
v   0.1689600050449371  -0.0158399995416403   0.1626099944114685
v   0.1698500066995621  -0.0068700001575053   0.1616899967193604
v   0.1696200072765350   0.0008500000112690   0.1597300022840500
v   0.1703200042247772   0.0101100001484156   0.1588300019502640
v   0.1714800000190735   0.0175899993628263   0.1590899974107742
v   0.1722899973392487   0.0274999998509884   0.1580999940633774
v   0.1730500012636185   0.0349600017070770   0.1578599959611893
v   0.1725600063800812   0.0454499982297421   0.1553899943828583
v   0.1715999990701675   0.0525499992072582   0.1528500020503998
v   0.1688899993896484   0.0631399974226952   0.1480399966239929
v   0.1672800034284592   0.0699800029397011   0.1451199948787689
v   0.1655099987983704   0.0809699967503548   0.1413100063800812
v   0.1642300039529800   0.0874800011515617   0.1386000066995621
v   0.1624000072479248   0.1002200022339821   0.1346199959516525
v   0.1613299995660782   0.1082900017499924   0.1321099996566773
v   0.1136500015854836  -0.1665699928998947   0.1281100064516068
v   0.1203399971127510  -0.1595900058746338   0.1297899931669235
v   0.1255999952554703  -0.1506800055503845   0.1327199935913086
v   0.1320499926805496  -0.1434800028800964   0.1374700069427490
v   0.1373099982738495  -0.1352500021457672   0.1406199932098389
v   0.1418499946594238  -0.1266500055789948   0.1431100070476532
v   0.1460399925708771  -0.1179599985480309   0.1451999992132187
v   0.1498699933290482  -0.1091400012373924   0.1468099951744080
v   0.1537500023841858  -0.1005899980664253   0.1484899967908859
v   0.1577100008726120  -0.0924599990248680   0.1503899991512299
v   0.1615899950265884  -0.0844900012016296   0.1523299962282181
v   0.1653899997472763  -0.0763899981975555   0.1542000025510788
v   0.1684399992227554  -0.0680899992585182   0.1551699936389923
v   0.1712000072002411  -0.0600900016725063   0.1561599969863892
v   0.1728200018405914  -0.0516499988734722   0.1560100018978119
v   0.1736699938774109  -0.0426900014281273   0.1551299989223480
v   0.1749099940061569  -0.0337000004947186   0.1548099964857101
v   0.1765500009059906  -0.0251400005072355   0.1551599949598312
v   0.1772200018167496  -0.0166100002825260   0.1544100046157837
v   0.1776800006628037  -0.0078999996185303   0.1533599942922592
v   0.1782200038433075   0.0008599999709986   0.1523499935865402
v   0.1792899966239929   0.0095899999141693   0.1519300043582916
v   0.1799300014972687   0.0183899998664856   0.1510799974203110
v   0.1797900050878525   0.0272599998861551   0.1494999974966049
v   0.1800500005483627   0.0363899990916252   0.1483899950981140
v   0.1802899986505508   0.0456900000572205   0.1472699940204620
v   0.1792799979448319   0.0548500008881092   0.1447499990463257
v   0.1777600049972534   0.0641599968075752   0.1419100016355515
v   0.1759099960327148   0.0734599977731705   0.1388799995183945
v   0.1738100051879883   0.0824299976229668   0.1351400017738342
v   0.1723600029945374   0.0922700017690659   0.1325799971818924
v   0.1712100058794022   0.1029200032353401   0.1298000067472458
v   0.1675499975681305   0.1122599989175797   0.1280400007963181
v   0.1189699992537499  -0.1743299961090088   0.1187099963426590
v   0.1248399987816811  -0.1655600070953369   0.1221700012683868
v   0.1304399967193604  -0.1563799977302551   0.1250399947166443
v   0.1364199966192246  -0.1484100073575974   0.1287100017070770
v   0.1425399929285049  -0.1404100060462952   0.1322200000286102
v   0.1470700055360794  -0.1315000057220459   0.1345999985933304
v   0.1515199989080429  -0.1226399987936020   0.1366399973630905
v   0.1559499949216843  -0.1134100034832954   0.1385000050067902
v   0.1606599986553192  -0.1042999997735024   0.1403599977493286
v   0.1648000031709671  -0.0966000035405159   0.1424700021743774
v   0.1690800040960312  -0.0892200022935867   0.1444599926471710
v   0.1726700067520142  -0.0796699970960617   0.1461299955844879
v   0.1750099956989288  -0.0698399990797043   0.1467200070619583
v   0.1781200021505356  -0.0622100010514259   0.1472200006246567
v   0.1808400005102158  -0.0542900003492832   0.1474799960851669
v   0.1822600066661835  -0.0447099991142750   0.1474100053310394
v   0.1836799979209900  -0.0352099984884262   0.1473899930715561
v   0.1856600046157837  -0.0264999996870756   0.1479900032281876
v   0.1865099966526032  -0.0176199991255999   0.1474699974060059
v   0.1863999962806702  -0.0083100004121661   0.1456999927759171
v   0.1870899945497513   0.0008900000248104   0.1454000025987625
v   0.1881400048732758   0.0100299995392561   0.1444599926471710
v   0.1879999935626984   0.0189399998635054   0.1426099985837936
v   0.1878799945116043   0.0283899996429682   0.1412699967622757
v   0.1874399930238724   0.0378799997270107   0.1397700011730194
v   0.1875800043344498   0.0474300011992455   0.1383599936962128
v   0.1875499933958054   0.0570699982345104   0.1373099982738495
v   0.1861100047826767   0.0670000016689301   0.1344899982213974
v   0.1838299930095673   0.0763299986720085   0.1310099959373474
v   0.1818500012159348   0.0861599966883659   0.1280200034379959
v   0.1798699945211411   0.0958999991416931   0.1256300061941147
v   0.1783300042152405   0.1070199981331825   0.1220500022172928
v   0.1760600060224533   0.1178599968552589   0.1178999990224838
v   0.1217800006270409  -0.1785500049591065   0.1126800030469894
v   0.1289899945259094  -0.1710499972105026   0.1141500025987625
v   0.1350799947977066  -0.1621699929237366   0.1172799989581108
v   0.1412000060081482  -0.1536899954080582   0.1206199973821640
v   0.1473799943923950  -0.1454499959945679   0.1241500005126000
v   0.1524800062179565  -0.1363199949264526   0.1264999955892563
v   0.1571000069379807  -0.1268800050020218   0.1283300071954727
v   0.1619500070810318  -0.1176899969577789   0.1303299963474274
v   0.1666499972343445  -0.1086999997496605   0.1321900039911270
v   0.1713200062513351  -0.1003499999642372   0.1342400014400482
v   0.1757500022649765  -0.0919699966907501   0.1361600011587143
v   0.1790599972009659  -0.0825999975204468   0.1371099948883057
v   0.1818999946117401  -0.0731199979782105   0.1375699937343597
v   0.1852000057697296  -0.0643900036811829   0.1383100003004074
v   0.1887499988079071  -0.0559200011193752   0.1394499987363815
v   0.1912499964237213  -0.0467200018465519   0.1401100009679794
v   0.1931899935007095  -0.0372699983417988   0.1405600011348724
v   0.1949999928474426  -0.0278299991041422   0.1407600045204163
v   0.1955800056457520  -0.0182900000363588   0.1396999955177307
v   0.1956499963998795  -0.0086700003594160   0.1381800025701523
v   0.1961700022220612   0.0009699999936856   0.1372500061988831
v   0.1962099969387054   0.0104599995538592   0.1358200013637543
v   0.1962600052356720   0.0199500005692244   0.1344799995422363
v   0.1966499984264374   0.0297599993646145   0.1334999948740006
v   0.1963800042867661   0.0396500006318092   0.1319500058889389
v   0.1955199986696243   0.0494300015270710   0.1297399997711182
v   0.1951999962329865   0.0595100000500679   0.1279599964618683
v   0.1932300031185150   0.0695400014519692   0.1253200024366379
v   0.1911000013351440   0.0795399993658066   0.1222999989986420
v   0.1892500072717667   0.0896399989724159   0.1195100024342537
v   0.1869499981403351   0.0998599976301193   0.1163199990987778
v   0.1843799948692322   0.1105299964547157   0.1130999997258186
v   0.1798200011253357   0.1201400011777878   0.1112999990582466
v   0.1258900016546249  -0.1847400069236755   0.1022699996829033
v   0.1332200020551682  -0.1765699982643127   0.1063499972224236
v   0.1400000005960465  -0.1677899956703186   0.1095300018787384
v   0.1456799954175949  -0.1586100012063980   0.1122699975967407
v   0.1516799926757813  -0.1498800069093704   0.1154000014066696
v   0.1569399982690811  -0.1402799934148789   0.1174700036644936
v   0.1621499955654144  -0.1307000070810318   0.1196700036525726
v   0.1673599928617477  -0.1215699985623360   0.1216299980878830
v   0.1724800020456314  -0.1123099997639656   0.1235700026154518
v   0.1772300004959106  -0.1035000011324883   0.1253599971532822
v   0.1813199967145920  -0.0944600030779839   0.1268399953842163
v   0.1850299984216690  -0.0850799977779388   0.1275999993085861
v   0.1887899935245514  -0.0758299976587296   0.1285800039768219
v   0.1928299963474274  -0.0669500008225441   0.1298599988222122
v   0.1960999965667725  -0.0575999990105629   0.1304000020027161
v   0.1989499926567078  -0.0483199991285801   0.1313499957323074
v   0.2019699960947037  -0.0390600003302097   0.1325799971818924
v   0.2037899941205978  -0.0291000008583069   0.1325500011444092
v   0.2042800039052963  -0.0191500000655651   0.1313699930906296
v   0.2047200053930283  -0.0090300003066659   0.1302299946546555
v   0.2050700038671494   0.0011800000211224   0.1289100050926209
v   0.2044699937105179   0.0109299998730421   0.1273600012063980
v   0.2051800042390823   0.0208899993449450   0.1267099976539612
v   0.2054499983787537   0.0312799997627735   0.1257199943065643
v   0.2041299939155579   0.0409800000488758   0.1230399981141090
v   0.2023600041866303   0.0510700009763241   0.1198699995875359
v   0.2013999968767166   0.0613700002431870   0.1174900010228157
v   0.2003100067377091   0.0720200017094612   0.1159500032663345
v   0.1983599960803986   0.0827400013804436   0.1137999966740608
v   0.1957000046968460   0.0926399976015091   0.1101799979805946
v   0.1933300048112869   0.1027999967336655   0.1062000021338463
v   0.1897100061178207   0.1135800033807755   0.1040199995040894
v   0.1856299936771393   0.1238700002431870   0.1001899987459183
v   0.1289300024509430  -0.1887899935245514   0.0966200008988380
v   0.1367300003767014  -0.1809999942779541   0.0978699997067452
v   0.1436499953269959  -0.1722099930047989   0.1009199991822243
v   0.1498900055885315  -0.1630900055170059   0.1035799980163574
v   0.1558900028467178  -0.1539099961519241   0.1061699986457825
v   0.1619399935007095  -0.1446799933910370   0.1088000014424324
v   0.1674100011587143  -0.1350200027227402   0.1108900010585785
v   0.1724700033664703  -0.1251900047063828   0.1125700026750565
v   0.1775899976491928  -0.1155799999833107   0.1142899990081787
v   0.1821800023317337  -0.1058299988508225   0.1155499964952469
v   0.1867100000381470  -0.0964000001549721   0.1168100014328957
v   0.1914899945259094  -0.0875900015234947   0.1183599978685379
v   0.1957000046968460  -0.0785700008273125   0.1195999979972839
v   0.1994799971580505  -0.0690800026059151   0.1204899996519089
v   0.2031800001859665  -0.0595399998128414   0.1214900016784668
v   0.2066199928522110  -0.0500399991869926   0.1225199997425079
v   0.2096399962902069  -0.0404400005936623   0.1233199983835220
v   0.2117899954319000  -0.0303600002080202   0.1233699992299080
v   0.2129800021648407  -0.0199699997901917   0.1227800026535988
v   0.2131399959325790  -0.0095600001513958   0.1216799989342690
v   0.2131599932909012   0.0009200000204146   0.1206599995493889
v   0.2130199968814850   0.0114799998700619   0.1194999963045120
v   0.2126799970865250   0.0220899991691113   0.1180400028824806
v   0.2126500010490418   0.0328399986028671   0.1165900006890297
v   0.2117699980735779   0.0432600006461144   0.1142000034451485
v   0.2107400000095367   0.0531900003552437   0.1114899963140488
v   0.2088900059461594   0.0631200000643730   0.1083199977874756
v   0.2077099978923798   0.0742899999022484   0.1067700013518333
v   0.2055599987506867   0.0854699984192848   0.1047099977731705
v   0.2015199959278107   0.0954900011420250   0.1010899990797043
v   0.1980600059032440   0.1058799996972084   0.0982400029897690
v   0.1945399940013886   0.1164700016379356   0.0957399979233742
v   0.1890300065279007   0.1259600073099136   0.0944100022315979
v   0.1330399960279465  -0.1943300068378449   0.0868399962782860
v   0.1403599977493286  -0.1857199966907501   0.0897599980235100
v   0.1472900062799454  -0.1762100011110306   0.0919699966907501
v   0.1541499942541122  -0.1675799936056137   0.0949900001287460
v   0.1604100018739700  -0.1582500040531158   0.0972699970006943
v   0.1665800064802170  -0.1487800031900406   0.0997499972581863
v   0.1719300001859665  -0.1386699974536896   0.1014399975538254
v   0.1770599931478500  -0.1285499930381775   0.1030500009655953
v   0.1825200021266937  -0.1185399964451790   0.1049700006842613
v   0.1872999966144562  -0.1084600016474724   0.1058000028133392
v   0.1923000067472458  -0.0980100035667419   0.1067200005054474
v   0.1974799931049347  -0.0899899974465370   0.1087599992752075
v   0.2021799981594086  -0.0812499970197678   0.1102000027894974
v   0.2058299928903580  -0.0711300000548363   0.1108599975705147
v   0.2100400030612946  -0.0612000003457069   0.1121599972248077
v   0.2135300040245056  -0.0515299998223782   0.1128100007772446
v   0.2167399972677231  -0.0418399982154369   0.1134900003671646
v   0.2194100022315979  -0.0314900018274784   0.1137600019574165
v   0.2209500074386597  -0.0208599995821714   0.1131099984049797
v   0.2218700051307678  -0.0100199999287725   0.1132899969816208
v   0.2215799987316132   0.0005900000105612   0.1126800030469894
v   0.2207099944353104   0.0119500001892447   0.1106000021100044
v   0.2199500054121018   0.0231999997049570   0.1094100028276444
v   0.2196699976921082   0.0344300009310246   0.1072800010442734
v   0.2192099988460541   0.0458699986338615   0.1052699983119965
v   0.2181899994611740   0.0551499985158443   0.1028700023889542
v   0.2170799970626831   0.0640600025653839   0.0990300029516220
v   0.2149499952793121   0.0765099972486496   0.0983700007200241
v   0.2117200046777725   0.0879399999976158   0.0946500003337860
v   0.2067400068044663   0.0979800000786781   0.0922299996018410
v   0.2030600011348724   0.1088699996471405   0.0898699983954430
v   0.1991800069808960   0.1193400025367737   0.0880199968814850
v   0.1945900022983551   0.1293399930000305   0.0853499993681908
v   0.1351100057363510  -0.1986500024795532   0.0804100036621094
v   0.1438499987125397  -0.1908099949359894   0.0817900002002716
v   0.1515199989080429  -0.1816499978303909   0.0843700021505356
v   0.1586299985647202  -0.1723999977111816   0.0867599993944168
v   0.1650000065565109  -0.1626800000667572   0.0887299999594688
v   0.1705400049686432  -0.1524100005626679   0.0902799963951111
v   0.1756699979305267  -0.1419200003147125   0.0916000008583069
v   0.1810899972915649  -0.1316500008106232   0.0930899977684021
v   0.1874099969863892  -0.1219699978828430   0.0950900018215179
v   0.1927399933338165  -0.1117900013923645   0.0963599979877472
v   0.1979800015687943  -0.1019100025296211   0.0976400002837181
v   0.2036200016736984  -0.0928499996662140   0.0994200035929680
v   0.2083600014448166  -0.0833500027656555   0.1006100028753281
v   0.2123499959707260  -0.0732700005173683   0.1012500002980232
v   0.2166199982166290  -0.0632399991154671   0.1021799966692925
v   0.2206300050020218  -0.0531900003552437   0.1030500009655953
v   0.2243900001049042  -0.0431200005114079   0.1039199978113174
v   0.2266599982976914  -0.0325400009751320   0.1038300022482872
v   0.2289800047874451  -0.0217099990695715   0.1041999980807304
v   0.2309799939393997  -0.0103299999609590   0.1048699989914894
v   0.2299199998378754   0.0011599999852479   0.1031899973750114
v   0.2278800010681152   0.0124300001189113   0.1005199998617172
v   0.2275799959897995   0.0240599997341633   0.0993300005793572
v   0.2268899977207184   0.0358199998736382   0.0979000031948090
v   0.2250999957323074   0.0468900017440319   0.0957800000905991
v   0.2234999984502792   0.0568099990487099   0.0937500000000000
v   0.2220200002193451   0.0668200030922890   0.0918599963188171
v   0.2205300033092499   0.0785999968647957   0.0905399993062019
v   0.2163300067186356   0.0898799970746040   0.0872799977660179
v   0.2117799967527390   0.1006100028753281   0.0843100026249886
v   0.2080200016498566   0.1116200014948845   0.0824500024318695
v   0.2040500044822693   0.1223800033330917   0.0807000026106834
v   0.1984499990940094   0.1321900039911270   0.0798299983143807
v   0.1381199955940247  -0.2049099951982498   0.0707800015807152
v   0.1471700072288513  -0.1958400011062622   0.0737200006842613
v   0.1546999961137772  -0.1854600012302399   0.0753900036215782
v   0.1616600006818771  -0.1759900003671646   0.0773700028657913
v   0.1690099984407425  -0.1665800064802170   0.0795100033283234
v   0.1748600006103516  -0.1562100052833557   0.0810599997639656
v   0.1807300001382828  -0.1459999978542328   0.0826999992132187
v   0.1857099980115891  -0.1350899934768677   0.0834899991750717
v   0.1910900026559830  -0.1245400011539459   0.0845500007271767
v   0.1968699991703033  -0.1144199967384338   0.0860499963164330
v   0.2031899988651276  -0.1048699989914894   0.0879399999976158
v   0.2091799974441528  -0.0954800024628639   0.0896100029349327
v   0.2147800028324127  -0.0858300030231476   0.0911799967288971
v   0.2191099971532822  -0.0755600035190582   0.0915900021791458
v   0.2230100035667419  -0.0650700032711029   0.0918999984860420
v   0.2274899929761887  -0.0547100007534027   0.0929400026798248
v   0.2315299957990646  -0.0442899987101555   0.0937300026416779
v   0.2342900037765503  -0.0335900001227856   0.0942000001668930
v   0.2364999949932098  -0.0228300001472235   0.0943299978971481
v   0.2379699945449829  -0.0106399999931455   0.0944299995899200
v   0.2370799928903580   0.0015200000489131   0.0927999988198280
v   0.2351000010967255   0.0127900000661612   0.0903299972414970
v   0.2344699949026108   0.0245999991893768   0.0885799974203110
v   0.2336699962615967   0.0367599986493588   0.0881500020623207
v   0.2313199937343597   0.0490900017321110   0.0863299965858460
v   0.2289299964904785   0.0586499981582165   0.0851000025868416
v   0.2271499931812286   0.0681099966168404   0.0848900005221367
v   0.2254099994897842   0.0806500017642975   0.0826200023293495
v   0.2213599979877472   0.0923499986529350   0.0795800015330315
v   0.2171999961137772   0.1033499985933304   0.0770199969410896
v   0.2128199934959412   0.1144800037145615   0.0748099982738495
v   0.2088200002908707   0.1252799928188324   0.0732799991965294
v   0.2043499946594238   0.1359000056982040   0.0715999975800514
v   0.1408299952745438  -0.2076099961996079   0.0639500021934509
v   0.1502099931240082  -0.1997600048780441   0.0650499984622002
v   0.1581200063228607  -0.1900099962949753   0.0667700022459030
v   0.1643799990415573  -0.1792200058698654   0.0677900016307831
v   0.1713500022888184  -0.1691299974918366   0.0694499984383583
v   0.1786299943923950  -0.1595200002193451   0.0714100003242493
v   0.1847900003194809  -0.1492000073194504   0.0728100016713142
v   0.1902299970388413  -0.1382800042629242   0.0737200006842613
v   0.1947200000286102  -0.1268900036811829   0.0742599964141846
v   0.2007299959659576  -0.1166500002145767   0.0756200030446053
v   0.2068399935960770  -0.1067100018262863   0.0771199986338615
v   0.2138199955224991  -0.0974799990653992   0.0790299996733666
v   0.2204799950122833  -0.0880400016903877   0.0807299986481667
v   0.2257899940013886  -0.0777600035071373   0.0816000029444695
v   0.2304600030183792  -0.0671800002455711   0.0822699964046478
v   0.2342499941587448  -0.0562399998307228   0.0827199965715408
v   0.2378299981355667  -0.0453400015830994   0.0833199992775917
v   0.2414100021123886  -0.0344499982893467   0.0840599983930588
v   0.2439199984073639  -0.0230199992656708   0.0843600034713745
v   0.2439800053834915  -0.0109900003299117   0.0833399966359139
v   0.2431100010871887   0.0010699999984354   0.0818800032138825
v   0.2416999936103821   0.0129500003531575   0.0799899995326996
v   0.2411600053310394   0.0250799991190434   0.0791099965572357
v   0.2409400045871735   0.0372899994254112   0.0790299996733666
v   0.2393099963665009   0.0490599982440472   0.0784299969673157
v   0.2361100018024445   0.0600900016725063   0.0769099965691567
v   0.2337999939918518   0.0713699981570244   0.0760900005698204
v   0.2311200052499771   0.0831800028681755   0.0744099989533424
v   0.2274100035429001   0.0948399975895882   0.0719799995422363
v   0.2230200022459030   0.1060300022363663   0.0695400014519692
v   0.2182500064373016   0.1169599965214729   0.0672900006175041
v   0.2125699967145920   0.1272699981927872   0.0648000016808510
v   0.2066999971866608   0.1375800073146820   0.0641999989748001
v   0.1441600024700165  -0.2119600027799606   0.0544699989259243
v   0.1526200026273727  -0.2028000056743622   0.0560499988496304
v   0.1609600037336350  -0.1937599927186966   0.0573300011456013
v   0.1681700050830841  -0.1831700056791306   0.0589900016784668
v   0.1749600023031235  -0.1722699999809265   0.0599500015377998
v   0.1827100068330765  -0.1630499958992004   0.0620499998331070
v   0.1889400035142899  -0.1526000052690506   0.0629900023341179
v   0.1939200013875961  -0.1409199982881546   0.0635100007057190
v   0.1992900073528290  -0.1294800043106079   0.0641599968075752
v   0.2050199955701828  -0.1190200001001358   0.0653100013732910
v   0.2113700062036514  -0.1091699972748756   0.0669599995017052
v   0.2190099954605103  -0.0998999997973442   0.0687099993228912
v   0.2253399938344955  -0.0896200016140938   0.0696899965405464
v   0.2308800071477890  -0.0792799964547157   0.0706600025296211
v   0.2368399947881699  -0.0687600001692772   0.0714899972081184
v   0.2410199940204620  -0.0578400008380413   0.0725999996066093
v   0.2445300072431564  -0.0464899986982346   0.0729800015687943
v   0.2486499994993210  -0.0353100001811981   0.0739199966192246
v   0.2517800033092499  -0.0236699990928173   0.0742700025439262
v   0.2515000104904175  -0.0112600000575185   0.0732700005173683
v   0.2507599890232086   0.0008699999889359   0.0719600021839142
v   0.2500500082969666   0.0133499996736646   0.0709000006318092
v   0.2490199953317642   0.0257500000298023   0.0699400007724762
v   0.2482099980115891   0.0377499982714653   0.0698200017213821
v   0.2460200041532517   0.0491699986159802   0.0690900012850761
v   0.2432900071144104   0.0616299994289875   0.0680800005793572
v   0.2389999926090241   0.0735199972987175   0.0666000023484230
v   0.2361499965190888   0.0852999985218048   0.0649399980902672
v   0.2327699959278107   0.0971200019121170   0.0634299963712692
v   0.2281399965286255   0.1082699969410896   0.0610300004482269
v   0.2236000001430512   0.1194500029087067   0.0591900013387203
v   0.2172800004482269   0.1299100071191788   0.0567900016903877
v   0.2112800031900406   0.1402499973773956   0.0547499991953373
v   0.1461099982261658  -0.2146899998188019   0.0470700003206730
v   0.1547899991273880  -0.2055599987506867   0.0472900010645390
v   0.1634600013494492  -0.1964399963617325   0.0488299988210201
v   0.1713999956846237  -0.1865099966526032   0.0501900017261505
v   0.1789399981498718  -0.1762900054454804   0.0514700002968311
v   0.1859499961137772  -0.1659599989652634   0.0524000003933907
v   0.1927700042724609  -0.1554699987173080   0.0533300004899502
v   0.1981099992990494  -0.1438200026750565   0.0536499992012978
v   0.2036000043153763  -0.1324200034141541   0.0541799999773502
v   0.2097799926996231  -0.1218400001525879   0.0551799982786179
v   0.2171200066804886  -0.1123099997639656   0.0568599998950958
v   0.2240100055932999  -0.1022899970412254   0.0582100003957748
v   0.2305700033903122  -0.0920199975371361   0.0594200007617474
v   0.2364500015974045  -0.0814099982380867   0.0604300014674664
v   0.2419400066137314  -0.0705600008368492   0.0613900013267994
v   0.2471099942922592  -0.0593799985945225   0.0623099990189076
v   0.2515900135040283  -0.0478399991989136   0.0629699975252152
v   0.2558600008487701  -0.0362300015985966   0.0636499971151352
v   0.2582300007343292  -0.0240299999713898   0.0636299997568131
v   0.2597100138664246  -0.0114700002595782   0.0635600015521050
v   0.2601599991321564   0.0012900000438094   0.0633599981665611
v   0.2587299942970276   0.0139300003647804   0.0618599988520145
v   0.2563399970531464   0.0262700002640486   0.0600700005888939
v   0.2550199925899506   0.0386000014841557   0.0597800016403198
v   0.2526400089263916   0.0507399998605251   0.0590099990367889
v   0.2486999928951263   0.0627200007438660   0.0574599988758564
v   0.2442000061273575   0.0746299996972084   0.0557399988174439
v   0.2408100068569183   0.0868699997663498   0.0547300018370152
v   0.2367900013923645   0.0988000035285950   0.0533900000154972
v   0.2335599958896637   0.1110000014305115   0.0524000003933907
v   0.2290699928998947   0.1227300018072128   0.0512299984693527
v   0.2227700054645538   0.1335300058126450   0.0492600016295910
v   0.2144999951124191   0.1430200040340424   0.0474999994039536
v   0.1483599990606308  -0.2179699987173080   0.0375699996948242
v   0.1575500071048737  -0.2089300006628037   0.0392300002276897
v   0.1655700057744980  -0.1988400071859360   0.0398899987339973
v   0.1738799959421158  -0.1891800016164780   0.0413199998438358
v   0.1818699985742569  -0.1792600005865097   0.0422799997031689
v   0.1882400065660477  -0.1681299954652786   0.0425999984145165
v   0.1950200051069260  -0.1576700061559677   0.0427899993956089
v   0.2018299996852875  -0.1463900059461594   0.0437700003385544
v   0.2085199952125549  -0.1352500021457672   0.0443699993193150
v   0.2140800058841705  -0.1243200004100800   0.0450100004673004
v   0.2212599962949753  -0.1143700033426285   0.0459799990057945
v   0.2286199927330017  -0.1045100018382072   0.0476499982178211
v   0.2356700003147125  -0.0942300036549568   0.0488200001418591
v   0.2413700073957443  -0.0833799988031387   0.0498999990522862
v   0.2472400069236755  -0.0726099982857704   0.0512599982321262
v   0.2534799873828888  -0.0612300001084805   0.0520800016820431
v   0.2577899992465973  -0.0487900003790855   0.0522099994122982
v   0.2610400021076202  -0.0368000008165836   0.0522900000214577
v   0.2635700106620789  -0.0243699997663498   0.0519200004637241
v   0.2658599913120270  -0.0115900002419949   0.0525100007653236
v   0.2678599953651428   0.0015300000086427   0.0529499985277653
v   0.2666200101375580   0.0144800003618002   0.0519400015473366
v   0.2641899883747101   0.0271400008350611   0.0504200011491776
v   0.2623600065708160   0.0397900007665157   0.0498300008475781
v   0.2594299912452698   0.0520300008356571   0.0487499982118607
v   0.2552199959754944   0.0643000006675720   0.0473200008273125
v   0.2513299882411957   0.0765099972486496   0.0460599996149540
v   0.2464099973440170   0.0886799991130829   0.0448299981653690
v   0.2419999986886978   0.1009500026702881   0.0437900014221668
v   0.2382500022649765   0.1133399978280067   0.0431599989533424
v   0.2340500056743622   0.1255500018596649   0.0421999990940094
v   0.2271900027990341   0.1367900073528290   0.0409899987280369
v   0.2181500047445297   0.1458300054073334   0.0381099991500378
v   0.1491000056266785  -0.2189700007438660   0.0301099997013807
v   0.1585900038480759  -0.2104099988937378   0.0306899994611740
v   0.1672600060701370  -0.2010399997234345   0.0315899997949600
v   0.1764599978923798  -0.1918099969625473   0.0327299982309341
v   0.1841599941253662  -0.1812600046396256   0.0331399999558926
v   0.1913100033998489  -0.1705300062894821   0.0334299989044666
v   0.1982399970293045  -0.1596699953079224   0.0336299985647202
v   0.2047300040721893  -0.1484400033950806   0.0339200012385845
v   0.2111700028181076  -0.1372999995946884   0.0343599990010262
v   0.2174900025129318  -0.1263799965381622   0.0348999984562397
v   0.2244099974632263  -0.1159799993038178   0.0357900001108646
v   0.2319300025701523  -0.1059800013899803   0.0368099994957447
v   0.2387499958276749  -0.0954599976539612   0.0376700013875961
v   0.2453099936246872  -0.0847899988293648   0.0386699996888638
v   0.2516100108623505  -0.0738200023770332   0.0396800003945828
v   0.2569699883460999  -0.0620200000703335   0.0402199998497963
v   0.2614800035953522  -0.0497400015592575   0.0404499992728233
v   0.2647100090980530  -0.0372000001370907   0.0404799990355969
v   0.2675000131130219  -0.0245299991220236   0.0405200012028217
v   0.2707200050354004  -0.0116999996826053   0.0408199988305569
v   0.2730500102043152   0.0014400000218302   0.0410099998116493
v   0.2729099988937378   0.0147700002416968   0.0405699983239174
v   0.2714099884033203   0.0279600005596876   0.0398599989712238
v   0.2694300115108490   0.0410000011324883   0.0393499992787838
v   0.2658900022506714   0.0536499992012978   0.0383200012147427
v   0.2614099979400635   0.0659999996423721   0.0370000004768372
v   0.2566500008106232   0.0783300027251244   0.0358100011944771
v   0.2508299946784973   0.0901599973440170   0.0343800000846386
v   0.2461899966001511   0.1024999991059303   0.0337399989366531
v   0.2409300059080124   0.1145099997520447   0.0329999998211861
v   0.2366800010204315   0.1268499940633774   0.0327400006353855
v   0.2308599948883057   0.1389099955558777   0.0321200005710125
v   0.2216600030660629   0.1485799998044968   0.0308899991214275
v   0.1500300019979477  -0.2200399935245514   0.0214699991047382
v   0.1592800021171570  -0.2112299948930740   0.0221100002527237
v   0.1689900010824204  -0.2035000026226044   0.0233500003814697
v   0.1781300008296967  -0.1934700012207031   0.0237000007182360
v   0.1860100030899048  -0.1827600002288818   0.0240299999713898
v   0.1932599991559982  -0.1720300018787384   0.0239599999040365
v   0.2005400061607361  -0.1612399965524674   0.0239799991250038
v   0.2082999944686890  -0.1508300006389618   0.0245299991220236
v   0.2143100053071976  -0.1393399983644486   0.0243400000035763
v   0.2209600061178207  -0.1285399943590164   0.0250199995934963
v   0.2276300042867661  -0.1176500022411346   0.0255299992859364
v   0.2348300069570541  -0.1074400022625923   0.0260400008410215
v   0.2426099926233292  -0.0972400009632111   0.0265599992126226
v   0.2495599985122681  -0.0865399986505508   0.0274899993091822
v   0.2549600005149841  -0.0748199969530106   0.0277999993413687
v   0.2594299912452698  -0.0626000016927719   0.0281199999153614
v   0.2633199989795685  -0.0499899983406067   0.0281000006943941
v   0.2660300135612488  -0.0371900014579296   0.0284100007265806
v   0.2696999907493591  -0.0245299991220236   0.0285899993032217
v   0.2734299898147583  -0.0116900000721216   0.0286800004541874
v   0.2761000096797943   0.0015099999727681   0.0282000005245209
v   0.2768400013446808   0.0149400001391768   0.0283499993383884
v   0.2754400074481964   0.0283799991011620   0.0272700004279614
v   0.2736200094223023   0.0417400002479553   0.0274400003254414
v   0.2725000083446503   0.0552100017666817   0.0275500006973743
v   0.2670100033283234   0.0677900016307831   0.0265699997544289
v   0.2605400085449219   0.0794999971985817   0.0245999991893768
v   0.2542299926280975   0.0912699997425079   0.0238799992948771
v   0.2488999962806702   0.1034900024533272   0.0228799991309643
v   0.2436999976634979   0.1156700029969215   0.0231299996376038
v   0.2396000027656555   0.1281200051307678   0.0231699999421835
v   0.2331400066614151   0.1401800066232681   0.0227799993008375
v   0.2246699929237366   0.1508200019598007   0.0215600002557039
v   0.1511999964714050  -0.2218399941921234   0.0132299996912479
v   0.1604599952697754  -0.2125999927520752   0.0134300002828240
v   0.1704999953508377  -0.2044699937105179   0.0140100000426173
v   0.1791899949312210  -0.1945499926805496   0.0141899995505810
v   0.1872799992561340  -0.1839900016784668   0.0142900003120303
v   0.1947200000286102  -0.1731500029563904   0.0142099997028708
v   0.2023099958896637  -0.1625300049781799   0.0143499998375773
v   0.2104199975728989  -0.1522399932146072   0.0146500002592802
v   0.2164999991655350  -0.1408600062131882   0.0146500002592802
v   0.2235900014638901  -0.1303399950265884   0.0148999998345971
v   0.2309699952602387  -0.1200399994850159   0.0153900003060699
v   0.2378199994564056  -0.1092600002884865   0.0153500000014901
v   0.2454199939966202  -0.0988100022077560   0.0156199997290969
v   0.2529599964618683  -0.0879200026392937   0.0159300006926060
v   0.2585200071334839  -0.0758899971842766   0.0161199998110533
v   0.2619400024414063  -0.0632700026035309   0.0163000002503395
v   0.2638899981975555  -0.0501700006425381   0.0165299996733665
v   0.2661400139331818  -0.0370899997651577   0.0167200006544590
v   0.2697899937629700  -0.0242199990898371   0.0168500002473593
v   0.2737599909305573  -0.0113099999725819   0.0166900008916855
v   0.2770699858665466   0.0017600000137463   0.0164599996060133
v   0.2788000106811523   0.0149900000542402   0.0163300000131130
v   0.2787800133228302   0.0285400003194809   0.0161499995738268
v   0.2785199880599976   0.0426499992609024   0.0163100007921457
v   0.2766999900341034   0.0566699989140034   0.0165899991989136
v   0.2714299857616425   0.0692699998617172   0.0159300006926060
v   0.2641299962997437   0.0807000026106834   0.0148400003090501
v   0.2574299871921539   0.0923300012946129   0.0141000002622604
v   0.2519499957561493   0.1045600026845932   0.0137999998405576
v   0.2466100007295609   0.1168700009584427   0.0137400003150105
v   0.2413000017404556   0.1292500048875809   0.0136700002476573
v   0.2350399941205978   0.1413799971342087   0.0134800001978874
v   0.2265499979257584   0.1520400047302246   0.0131999999284744
v   0.1518799960613251  -0.2225099951028824   0.0044300002045929
v   0.1620599925518036  -0.2142699956893921   0.0045199999585748
v   0.1713600009679794  -0.2051700055599213   0.0046000001020730
v   0.1795299947261810  -0.1947399973869324   0.0043799998238683
v   0.1881700009107590  -0.1847099959850311   0.0043999999761581
v   0.1962500065565109  -0.1743600070476532   0.0043100002221763
v   0.2038799971342087  -0.1636400073766708   0.0045099998824298
v   0.2107899934053421  -0.1525299996137619   0.0043100002221763
v   0.2172099947929382  -0.1412599980831146   0.0045599997974932
v   0.2247200012207031  -0.1312599927186966   0.0043000001460314
v   0.2319499999284744  -0.1208999976515770   0.0044200001284480
v   0.2390100061893463  -0.1100199967622757   0.0041800001636148
v   0.2461799979209900  -0.0992200002074242   0.0041600000113249
v   0.2535699903964996  -0.0882000029087067   0.0038799999747425
v   0.2604399919509888  -0.0761599987745285   0.0038499999791384
v   0.2624100148677826  -0.0635100007057190   0.0043000001460314
v   0.2641499936580658  -0.0503499992191792   0.0051500000990927
v   0.2665799856185913  -0.0372200012207031   0.0048299999907613
v   0.2693600058555603  -0.0239199995994568   0.0051199998706579
v   0.2729899883270264  -0.0110299997031689   0.0046600000932813
v   0.2765699923038483   0.0023300000466406   0.0045699998736382
v   0.2792100012302399   0.0148900002241135   0.0042500002309680
v   0.2815299928188324   0.0280799996107817   0.0044900001958013
v   0.2824099957942963   0.0430799983441830   0.0044100000523031
v   0.2787699997425079   0.0580600015819073   0.0050300001166761
v   0.2731299996376038   0.0698499977588654   0.0045099998824298
v   0.2662000060081482   0.0812000036239624   0.0049100001342595
v   0.2598699927330017   0.0932699963450432   0.0042900000698864
v   0.2540499866008759   0.1051400005817413   0.0046100001782179
v   0.2483900040388107   0.1177299991250038   0.0041999998502433
v   0.2417400032281876   0.1295700073242188   0.0040299999527633
v   0.2352499961853027   0.1415199935436249   0.0040199998766184
v   0.2273000031709671   0.1523600071668625   0.0040400000289083
v   0.1522199958562851  -0.2233200073242188  -0.0047399997711182
v   0.1625799983739853  -0.2147500067949295  -0.0047200000844896
v   0.1721200048923492  -0.2054899930953980  -0.0051199998706579
v   0.1796800047159195  -0.1945800036191940  -0.0055100000463426
v   0.1879999935626984  -0.1843899935483933  -0.0058699999935925
v   0.1963099986314774  -0.1743700057268143  -0.0061200000345707
v   0.2040700018405914  -0.1639399975538254  -0.0064099999144673
v   0.2104000002145767  -0.1524699926376343  -0.0064300000667572
v   0.2163999974727631  -0.1409499943256378  -0.0065000001341105
v   0.2236099988222122  -0.1304699927568436  -0.0066599999554455
v   0.2308800071477890  -0.1201199963688850  -0.0070199999026954
v   0.2384500056505203  -0.1099200025200844  -0.0073500000871718
v   0.2462999969720841  -0.0996999964118004  -0.0078600002452731
v   0.2523800134658814  -0.0879300013184547  -0.0082799997180700
v   0.2580099999904633  -0.0759800001978874  -0.0085100000724196
v   0.2615000009536743  -0.0633499994874001  -0.0081299999728799
v   0.2629500031471252  -0.0501700006425381  -0.0077100000344217
v   0.2664699852466583  -0.0373300015926361  -0.0077499998733401
v   0.2689999938011169  -0.0242199990898371  -0.0077700000256300
v   0.2710199952125549  -0.0110200000926852  -0.0076399999670684
v   0.2737199962139130   0.0020000000949949  -0.0077200001105666
v   0.2769500017166138   0.0148600004613400  -0.0081599997356534
v   0.2805800139904022   0.0281799994409084  -0.0089999996125698
v   0.2811900079250336   0.0428300015628338  -0.0089299995452166
v   0.2778800129890442   0.0571100004017353  -0.0084499996155500
v   0.2732599973678589   0.0700099989771843  -0.0080099999904633
v   0.2671700119972229   0.0820500031113625  -0.0074999998323619
v   0.2609300017356873   0.0940200015902519  -0.0068199997767806
v   0.2540000081062317   0.1056199967861176  -0.0061300001107156
v   0.2472199946641922   0.1172399967908859  -0.0057799997739494
v   0.2407699972391129   0.1290899962186813  -0.0056199999526143
v   0.2344900071620941   0.1411799937486649  -0.0054100002162158
v   0.2268999963998795   0.1524800062179565  -0.0052100000903010
v   0.1521700024604797  -0.2234199941158295  -0.0130500001832843
v   0.1623300015926361  -0.2143799960613251  -0.0140599999576807
v   0.1715999990701675  -0.2046400010585785  -0.0147900003939867
v   0.1796700060367584  -0.1942200064659119  -0.0155400000512600
v   0.1877799928188324  -0.1837899982929230  -0.0162199996411800
v   0.1954900026321411  -0.1737100034952164  -0.0166800003498793
v   0.2023299932479858  -0.1631599962711334  -0.0170699991285801
v   0.2086199969053268  -0.1513900011777878  -0.0172000005841255
v   0.2142000049352646  -0.1395599991083145  -0.0173199996352196
v   0.2209199965000153  -0.1288200020790100  -0.0175299998372793
v   0.2285500019788742  -0.1184500008821487  -0.0177800003439188
v   0.2361399978399277  -0.1089999973773956  -0.0188999995589256
v   0.2440900057554245  -0.0989099964499474  -0.0197599995881319
v   0.2494000047445297  -0.0870499983429909  -0.0203000009059906
v   0.2540200054645538  -0.0750799998641014  -0.0206300001591444
v   0.2587099969387054  -0.0627800002694130  -0.0206000003963709
v   0.2610299885272980  -0.0499100014567375  -0.0202200002968311
v   0.2641200125217438  -0.0371299982070923  -0.0203300006687641
v   0.2664799988269806  -0.0241299998015165  -0.0203399993479252
v   0.2671700119972229  -0.0110999997705221  -0.0197400003671646
v   0.2704299986362457   0.0018100000452250  -0.0196599997580051
v   0.2726700007915497   0.0147200003266335  -0.0203900001943111
v   0.2751500010490418   0.0278200004249811  -0.0212500002235174
v   0.2751500010490418   0.0419799983501434  -0.0212299991399050
v   0.2731699943542481   0.0560000017285347  -0.0209999997168779
v   0.2697399854660034   0.0688899978995323  -0.0203799996525049
v   0.2645500004291534   0.0810400024056435  -0.0196899995207787
v   0.2586399912834168   0.0933199971914291  -0.0181900002062321
v   0.2520200014114380   0.1050899997353554  -0.0164500009268522
v   0.2448800057172775   0.1162300035357475  -0.0158900003880262
v   0.2386399954557419   0.1278100013732910  -0.0152399996295571
v   0.2325399965047836   0.1401100009679794  -0.0148499999195337
v   0.2252700030803680   0.1516200006008148  -0.0138299996033311
v   0.1526499986648560  -0.2232699990272522  -0.0232200007885695
v   0.1618999987840653  -0.2136099934577942  -0.0236000008881092
v   0.1703799962997437  -0.2032999992370606  -0.0245699994266033
v   0.1787600070238113  -0.1931400001049042  -0.0255999993532896
v   0.1870300024747849  -0.1831499934196472  -0.0265599992126226
v   0.1945199966430664  -0.1728000044822693  -0.0271899998188019
v   0.2001100033521652  -0.1612900048494339  -0.0273100007325411
v   0.2054899930953980  -0.1494899988174439  -0.0273899994790554
v   0.2116400003433228  -0.1381700038909912  -0.0278399996459484
v   0.2181999981403351  -0.1274600028991699  -0.0285100005567074
v   0.2252800017595291  -0.1172700002789497  -0.0293700005859137
v   0.2334100008010864  -0.1078599989414215  -0.0305599998682737
v   0.2385600060224533  -0.0963699966669083  -0.0307500008493662
v   0.2437800019979477  -0.0848499983549118  -0.0311399996280670
v   0.2492399960756302  -0.0733200013637543  -0.0318000018596649
v   0.2545500099658966  -0.0615900009870529  -0.0324500016868115
v   0.2584100067615509  -0.0493299998342991  -0.0326800011098385
v   0.2613700032234192  -0.0368699990212917  -0.0326600000262260
v   0.2632099986076355  -0.0241199992597103  -0.0324300006031990
v   0.2639299929141998  -0.0112399999052286  -0.0319599993526936
v   0.2653900086879730   0.0015800000401214  -0.0318999998271465
v   0.2674799859523773   0.0144199999049306  -0.0322000011801720
v   0.2687099874019623   0.0275400001555681  -0.0324399992823601
v   0.2691200077533722   0.0410699993371964  -0.0325599983334541
v   0.2676500082015991   0.0544600002467632  -0.0320900008082390
v   0.2643800079822540   0.0673099979758263  -0.0313199982047081
v   0.2598499953746796   0.0797799974679947  -0.0302000008523464
v   0.2544299960136414   0.0918499976396561  -0.0288299992680550
v   0.2485599964857101   0.1036899983882904  -0.0274299997836351
v   0.2420600056648254   0.1151399984955788  -0.0261599998921156
v   0.2360499948263168   0.1269100010395050  -0.0252899993211031
v   0.2299499958753586   0.1387799978256226  -0.0243599992245436
v   0.2221000045537949   0.1494999974966049  -0.0235600005835295
v   0.1515299975872040  -0.2213999927043915  -0.0316499993205071
v   0.1600800007581711  -0.2113700062036514  -0.0329199992120266
v   0.1685300022363663  -0.2011799961328507  -0.0341200008988380
v   0.1767199933528900  -0.1911100000143051  -0.0353900007903576
v   0.1846799999475479  -0.1810400038957596  -0.0366699993610382
v   0.1928600072860718  -0.1712999939918518  -0.0375399999320507
v   0.1987700015306473  -0.1602199971675873  -0.0377199985086918
v   0.2029200047254562  -0.1477700024843216  -0.0377600006759167
v   0.2085800021886826  -0.1361400038003922  -0.0379300005733967
v   0.2150299996137619  -0.1258600056171417  -0.0394299998879433
v   0.2220399975776672  -0.1160300001502037  -0.0411200001835823
v   0.2288299947977066  -0.1057500019669533  -0.0415600016713142
v   0.2339700013399124  -0.0946900025010109  -0.0416599996387959
v   0.2394900023937225  -0.0833199992775917  -0.0424299985170364
v   0.2452899962663651  -0.0720899999141693  -0.0433599986135960
v   0.2514199912548065  -0.0609400011599064  -0.0445300005376339
v   0.2546499967575073  -0.0484500005841255  -0.0445500016212463
v   0.2571600079536438  -0.0363899990916252  -0.0444299988448620
v   0.2599500119686127  -0.0240599997341633  -0.0444899983704090
v   0.2616899907588959  -0.0114599997177720  -0.0446400009095669
v   0.2619200050830841   0.0011699999449775  -0.0443600006401539
v   0.2644500136375427   0.0140199996531010  -0.0448499992489815
v   0.2641699910163879   0.0268300008028746  -0.0443399995565414
v   0.2628999948501587   0.0401000007987022  -0.0434699989855289
v   0.2624500095844269   0.0531000010669231  -0.0429200008511543
v   0.2593599855899811   0.0660400018095970  -0.0423999987542629
v   0.2544899880886078   0.0782300010323525  -0.0407700017094612
v   0.2499800026416779   0.0903899967670441  -0.0394000001251698
v   0.2448499947786331   0.1021699979901314  -0.0379800014197826
v   0.2387000024318695   0.1137600019574165  -0.0362300015985966
v   0.2331999987363815   0.1256999969482422  -0.0351000018417835
v   0.2269300073385239   0.1371300071477890  -0.0337899997830391
v   0.2196699976921082   0.1479900032281876  -0.0319599993526936
v   0.1492699980735779  -0.2181300073862076  -0.0415100008249283
v   0.1582999974489212  -0.2088800072669983  -0.0421199984848499
v   0.1664299964904785  -0.1987300068140030  -0.0435400009155273
v   0.1746000051498413  -0.1888599991798401  -0.0450199991464615
v   0.1827100068330765  -0.1791500002145767  -0.0464899986982346
v   0.1904699951410294  -0.1692299991846085  -0.0476800017058849
v   0.1965299993753433  -0.1581899970769882  -0.0482599996030331
v   0.2011300027370453  -0.1463699936866760  -0.0486100018024445
v   0.2059199959039688  -0.1348000019788742  -0.0492600016295910
v   0.2125300019979477  -0.1246299967169762  -0.0505100004374981
v   0.2192700058221817  -0.1147300004959106  -0.0518399998545647
v   0.2245199978351593  -0.1038499996066093  -0.0523900017142296
v   0.2299399971961975  -0.0929600000381470  -0.0529699996113777
v   0.2354999929666519  -0.0820199996232987  -0.0538300015032291
v   0.2411900013685226  -0.0710500031709671  -0.0549100004136562
v   0.2467699944972992  -0.0598599985241890  -0.0560199990868568
v   0.2502599954605103  -0.0478699989616871  -0.0562600009143353
v   0.2520900070667267  -0.0356899984180927  -0.0558100007474422
v   0.2549999952316284  -0.0236300006508827  -0.0562199987471104
v   0.2568599879741669  -0.0113199995830655  -0.0562900006771088
v   0.2574200034141541   0.0012000000569969  -0.0559399984776974
v   0.2589499950408936   0.0137799996882677  -0.0562900006771088
v   0.2589200139045715   0.0265200007706881  -0.0559200011193752
v   0.2578299939632416   0.0392800010740757  -0.0551100000739098
v   0.2564199864864349   0.0520699992775917  -0.0543400011956692
v   0.2539499998092651   0.0648299977183342  -0.0533000007271767
v   0.2497500032186508   0.0770199969410896  -0.0514600016176701
v   0.2450899928808212   0.0887800008058548  -0.0494499988853931
v   0.2404299974441528   0.1005500033497810  -0.0478099994361401
v   0.2355300039052963   0.1124299988150597  -0.0463799983263016
v   0.2297700047492981   0.1239700019359589  -0.0449200011789799
v   0.2231499999761581   0.1348199993371964  -0.0428400002419949
v   0.2153699994087219   0.1447799950838089  -0.0415600016713142
v   0.1476500034332275  -0.2155299931764603  -0.0491599999368191
v   0.1567299962043762  -0.2065100073814392  -0.0514499992132187
v   0.1647700071334839  -0.1963399946689606  -0.0529199987649918
v   0.1724099963903427  -0.1864199936389923  -0.0545599982142448
v   0.1803900003433228  -0.1768500059843063  -0.0562900006771088
v   0.1876199990510941  -0.1667200028896332  -0.0576400011777878
v   0.1940000057220459  -0.1560699939727783  -0.0585700012743473
v   0.1993599981069565  -0.1448999941349030  -0.0595199987292290
v   0.2045300006866455  -0.1337700039148331  -0.0605700016021729
v   0.2107499986886978  -0.1237599998712540  -0.0617499984800816
v   0.2166000008583069  -0.1136000007390976  -0.0628800019621849
v   0.2211299985647202  -0.1023899987339973  -0.0633800029754639
v   0.2255800068378449  -0.0911900028586388  -0.0638400018215179
v   0.2307399958372116  -0.0803200006484985  -0.0647400021553040
v   0.2365899980068207  -0.0699200034141541  -0.0660799965262413
v   0.2413599938154221  -0.0586399994790554  -0.0670600011944771
v   0.2450599968433380  -0.0468700006604195  -0.0676100030541420
v   0.2472700029611588  -0.0350399985909462  -0.0674299970269203
v   0.2483399957418442  -0.0230700001120567  -0.0668099969625473
v   0.2501100003719330  -0.0109400004148483  -0.0667399987578392
v   0.2521499991416931   0.0011899999808520  -0.0670600011944771
v   0.2526699900627136   0.0135399997234344  -0.0670899972319603
v   0.2513200044631958   0.0259499996900558  -0.0661799982190132
v   0.2504900097846985   0.0382400006055832  -0.0651699975132942
v   0.2490700036287308   0.0505799986422062  -0.0642599985003471
v   0.2470200061798096   0.0631200000643730  -0.0629099979996681
v   0.2438800036907196   0.0754500031471252  -0.0612500011920929
v   0.2404800057411194   0.0872899964451790  -0.0594099983572960
v   0.2361299991607666   0.0987500026822090  -0.0570599995553494
v   0.2309100031852722   0.1101899966597557  -0.0554200001060963
v   0.2247100025415421   0.1212100014090538  -0.0532100014388561
v   0.2186100035905838   0.1320600062608719  -0.0511300005018711
v   0.2117899954319000   0.1419200003147125  -0.0486200004816055
v   0.1448799967765808  -0.2117200046777725  -0.0593799985945225
v   0.1542599946260452  -0.2033499926328659  -0.0604300014674664
v   0.1623300015926361  -0.1935500055551529  -0.0622900016605854
v   0.1698800027370453  -0.1836100071668625  -0.0640299990773201
v   0.1773499995470047  -0.1738400012254715  -0.0658299997448921
v   0.1842699944972992  -0.1637399941682816  -0.0673400014638901
v   0.1908199936151505  -0.1534799933433533  -0.0687500014901161
v   0.1966699957847595  -0.1428699940443039  -0.0700000002980232
v   0.2020599991083145  -0.1321900039911270  -0.0711399987339973
v   0.2075400054454804  -0.1218099966645241  -0.0724399983882904
v   0.2117599993944168  -0.1108800023794174  -0.0730599984526634
v   0.2154999971389771  -0.0996100008487701  -0.0732299983501434
v   0.2210099995136261  -0.0893199965357781  -0.0744799971580505
v   0.2269199937582016  -0.0792500004172325  -0.0760599970817566
v   0.2317900061607361  -0.0685800015926361  -0.0772200003266335
v   0.2359800040721893  -0.0574500001966953  -0.0780399963259697
v   0.2388200014829636  -0.0458399988710880  -0.0781100019812584
v   0.2400700002908707  -0.0340499989688396  -0.0773700028657913
v   0.2410600036382675  -0.0222299993038178  -0.0766000002622604
v   0.2432699948549271  -0.0105400001630187  -0.0768600031733513
v   0.2456900030374527   0.0012000000569969  -0.0775400027632713
v   0.2458799928426743   0.0132200000807643  -0.0772799998521805
v   0.2443500012159348   0.0251700002700090  -0.0759399980306625
v   0.2426099926233292   0.0370300002396107  -0.0742700025439262
v   0.2418400049209595   0.0491500012576580  -0.0733600035309792
v   0.2404800057411194   0.0614200010895729  -0.0722799971699715
v   0.2376199960708618   0.0732999965548515  -0.0703599974513054
v   0.2350900024175644   0.0851700007915497  -0.0687199980020523
v   0.2311300039291382   0.0965799987316132  -0.0665299966931343
v   0.2254900038242340   0.1074599996209145  -0.0639699995517731
v   0.2203799933195114   0.1187999993562698  -0.0618700012564659
v   0.2145300060510635   0.1296000033617020  -0.0594099983572960
v   0.2071399986743927   0.1391900032758713  -0.0576400011777878
v   0.1418099999427795  -0.2076800018548966  -0.0656400024890900
v   0.1509699970483780  -0.1992699950933456  -0.0688299983739853
v   0.1594700068235397  -0.1900800019502640  -0.0712699964642525
v   0.1672299951314926  -0.1807000041007996  -0.0736000016331673
v   0.1741400063037872  -0.1705700010061264  -0.0752599984407425
v   0.1806199997663498  -0.1605000048875809  -0.0769099965691567
v   0.1875499933958054  -0.1507200002670288  -0.0786999985575676
v   0.1932100057601929  -0.1403599977493286  -0.0801699981093407
v   0.1985899955034256  -0.1298300027847290  -0.0813099965453148
v   0.2035499960184097  -0.1192900016903877  -0.0827099978923798
v   0.2070000022649765  -0.1082300022244453  -0.0833700001239777
v   0.2110400050878525  -0.0974100008606911  -0.0837400034070015
v   0.2165399938821793  -0.0874999985098839  -0.0850400030612946
v   0.2218700051307678  -0.0775600001215935  -0.0866400003433228
v   0.2257699966430664  -0.0668099969625473  -0.0876199975609779
v   0.2294300049543381  -0.0559000000357628  -0.0880500003695488
v   0.2322099953889847  -0.0447000004351139  -0.0881299972534180
v   0.2326799929141998  -0.0330299995839596  -0.0867199972271919
v   0.2338699996471405  -0.0214300006628037  -0.0862599983811379
v   0.2362599968910217  -0.0101800002157688  -0.0864999964833260
v   0.2385700047016144   0.0011899999808520  -0.0870999991893768
v   0.2393400073051453   0.0128699997439981  -0.0872199982404709
v   0.2380599975585938   0.0244299992918968  -0.0864000022411346
v   0.2366899996995926   0.0361299999058247  -0.0842999964952469
v   0.2364600002765656   0.0479400008916855  -0.0835099965333939
v   0.2352900058031082   0.0600900016725063  -0.0820600017905235
v   0.2334499955177307   0.0719899982213974  -0.0805300027132034
v   0.2318899929523468   0.0838100016117096  -0.0788799971342087
v   0.2278199940919876   0.0949100032448769  -0.0766199976205826
v   0.2219499945640564   0.1057699993252754  -0.0735099986195564
v   0.2166700065135956   0.1169399991631508  -0.0708900019526482
v   0.2107699960470200   0.1275099962949753  -0.0679500028491020
v   0.2036399990320206   0.1370899975299835  -0.0642099976539612
v   0.1383499950170517  -0.2025000005960465  -0.0755800008773804
v   0.1478600054979324  -0.1952600032091141  -0.0773999989032745
v   0.1560299992561340  -0.1861999928951263  -0.0801099985837936
v   0.1633999943733215  -0.1766400039196014  -0.0824000015854836
v   0.1701699942350388  -0.1668100059032440  -0.0843800008296967
v   0.1768299937248230  -0.1571500003337860  -0.0864899978041649
v   0.1834300011396408  -0.1475799977779388  -0.0886500030755997
v   0.1897200047969818  -0.1378400027751923  -0.0906099975109100
v   0.1949799954891205  -0.1275500059127808  -0.0920099988579750
v   0.1990099996328354  -0.1168200001120567  -0.0927700027823448
v   0.2030699998140335  -0.1062899976968765  -0.0936399996280670
v   0.2078800052404404  -0.0961799994111061  -0.0949700027704239
v   0.2125400006771088  -0.0860700011253357  -0.0961100012063980
v   0.2169999927282333  -0.0759299993515015  -0.0971800014376640
v   0.2197600007057190  -0.0651199966669083  -0.0973199978470802
v   0.2215999960899353  -0.0539700016379356  -0.0966100022196770
v   0.2237499952316284  -0.0428799986839294  -0.0962800011038780
v   0.2253600060939789  -0.0317899994552136  -0.0957100018858910
v   0.2269700020551682  -0.0207899995148182  -0.0953600034117699
v   0.2289800047874451  -0.0099400002509356  -0.0955099985003471
v   0.2311500012874603   0.0009299999801442  -0.0961199998855591
v   0.2338300049304962   0.0121400002390146  -0.0973600000143051
v   0.2335499972105026   0.0237799994647503  -0.0961999967694283
v   0.2312700003385544   0.0353100001811981  -0.0940800011157990
v   0.2304199934005737   0.0470400005578995  -0.0925099998712540
v   0.2294600009918213   0.0586600005626679  -0.0909899994730949
v   0.2297299951314926   0.0705199986696243  -0.0901300013065338
v   0.2282599955797195   0.0823900029063225  -0.0885500013828278
v   0.2258200049400330   0.0942199975252152  -0.0863000005483627
v   0.2207199931144714   0.1055499985814095  -0.0837699994444847
v   0.2136500030755997   0.1155100017786026  -0.0801300033926964
v   0.2063899934291840   0.1247600018978119  -0.0762000009417534
v   0.1987700015306473   0.1335400044918060  -0.0738700032234192
v   0.1361899971961975  -0.1994899958372116  -0.0825399979948998
v   0.1445199996232987  -0.1909700036048889  -0.0859299972653389
v   0.1525699943304062  -0.1819700002670288  -0.0887399986386299
v   0.1591800004243851  -0.1721500009298325  -0.0909399986267090
v   0.1664299964904785  -0.1629900038242340  -0.0934799984097481
v   0.1729100048542023  -0.1536999940872192  -0.0961700007319450
v   0.1791699975728989  -0.1442199945449829  -0.0984599962830544
v   0.1854500025510788  -0.1348499953746796  -0.1007900014519692
v   0.1903800070285797  -0.1245900020003319  -0.1019800007343292
v   0.1940000057220459  -0.1139699965715408  -0.1025800034403801
v   0.1986099928617477  -0.1040600016713142  -0.1037900000810623
v   0.2037499994039536  -0.0945200026035309  -0.1057799980044365
v   0.2081999927759171  -0.0842799991369247  -0.1070699989795685
v   0.2108999937772751  -0.0736699998378754  -0.1068999990820885
v   0.2124599963426590  -0.0632100030779839  -0.1058200001716614
v   0.2136200070381165  -0.0520900003612042  -0.1049999967217445
v   0.2154999971389771  -0.0410099998116493  -0.1044600009918213
v   0.2169400006532669  -0.0304199997335672  -0.1038099974393845
v   0.2187999933958054  -0.0198199991136789  -0.1031299978494644
v   0.2208900004625320  -0.0095199998468161  -0.1038499996066093
v   0.2242799997329712   0.0003699999942910  -0.1051300019025803
v   0.2268799990415573   0.0113599998876452  -0.1066899970173836
v   0.2268500030040741   0.0227600000798702  -0.1055399999022484
v   0.2247699946165085   0.0343899987637997  -0.1029800027608872
v   0.2235600054264069   0.0460699982941151  -0.1006800010800362
v   0.2234600037336350   0.0573100000619888  -0.0998099967837334
v   0.2239399999380112   0.0688199996948242  -0.0989399999380112
v   0.2234099954366684   0.0807100012898445  -0.0979200005531311
v   0.2225600033998489   0.0927700027823448  -0.0959900021553040
v   0.2177200019359589   0.1045299991965294  -0.0937400013208389
v   0.2103199958801270   0.1141799986362457  -0.0895700007677078
v   0.2027499973773956   0.1224900037050247  -0.0849800035357475
v   0.1956399977207184   0.1313299983739853  -0.0806500017642975
v   0.1321499943733215  -0.1935900002717972  -0.0925799980759621
v   0.1408099979162216  -0.1861200034618378  -0.0942400023341179
v   0.1482300013303757  -0.1771000027656555  -0.0972300022840500
v   0.1554200053215027  -0.1681399941444397  -0.1002100035548210
v   0.1620099991559982  -0.1588699966669083  -0.1028399989008904
v   0.1681800037622452  -0.1495800018310547  -0.1054100021719933
v   0.1746300011873245  -0.1406199932098389  -0.1082400009036064
v   0.1802199929952622  -0.1310700029134750  -0.1103300005197525
v   0.1845500022172928  -0.1208899989724159  -0.1113800033926964
v   0.1885000020265579  -0.1107899993658066  -0.1122099980711937
v   0.1930000036954880  -0.1011499986052513  -0.1136699989438057
v   0.1976899951696396  -0.0915699973702431  -0.1154299974441528
v   0.2016000002622604  -0.0816200003027916  -0.1166599988937378
v   0.2033099979162216  -0.0711800009012222  -0.1156800016760826
v   0.2043700069189072  -0.0607799999415875  -0.1145099997520447
v   0.2062499970197678  -0.0503499992191792  -0.1142200008034706
v   0.2074400037527084  -0.0397799983620644  -0.1134499981999397
v   0.2089100033044815  -0.0293300002813339  -0.1127699986100197
v   0.2111099958419800  -0.0191099997609854  -0.1128399968147278
v   0.2132499963045120  -0.0090600000694394  -0.1132400035858154
v   0.2160100042819977   0.0009500000160187  -0.1144199967384338
v   0.2178699970245361   0.0115400003269315  -0.1147900000214577
v   0.2183800041675568   0.0225300006568432  -0.1140400022268295
v   0.2169499993324280   0.0334200002253056  -0.1112300008535385
v   0.2154999971389771   0.0445000007748604  -0.1086300015449524
v   0.2157800048589706   0.0558199994266033  -0.1078099980950356
v   0.2165299952030182   0.0671800002455711  -0.1074500009417534
v   0.2178499996662140   0.0788000002503395  -0.1076000034809113
v   0.2167699933052063   0.0905399993062019  -0.1062999963760376
v   0.2132200002670288   0.1022000014781952  -0.1035899966955185
v   0.2068700045347214   0.1121599972248077  -0.0991400033235550
v   0.1994100064039230   0.1202600002288818  -0.0940599963068962
v   0.1912100017070770   0.1275999993085861  -0.0906200036406517
v   0.1293099969625473  -0.1893199980258942  -0.0985900014638901
v   0.1369400024414063  -0.1810999959707260  -0.1026199981570244
v   0.1441300064325333  -0.1722400039434433  -0.1057600006461144
v   0.1509300023317337  -0.1634099930524826  -0.1090599969029427
v   0.1573500037193298  -0.1541299968957901  -0.1116300001740456
v   0.1628199964761734  -0.1448699980974197  -0.1141699999570847
v   0.1688099950551987  -0.1360300034284592  -0.1170900017023087
v   0.1740899980068207  -0.1266099959611893  -0.1190899983048439
v   0.1785199940204620  -0.1168100014328957  -0.1203000023961067
v   0.1826999932527542  -0.1073900014162064  -0.1216899976134300
v   0.1866499930620194  -0.0978100001811981  -0.1228699982166290
v   0.1906999945640564  -0.0882899984717369  -0.1243399977684021
v   0.1940000057220459  -0.0783599987626076  -0.1251499950885773
v   0.1960400044918060  -0.0685800015926361  -0.1247500032186508
v   0.1984699964523315  -0.0588200017809868  -0.1246299967169762
v   0.2002799957990646  -0.0486800000071526  -0.1246600002050400
v   0.2001200020313263  -0.0385299995541573  -0.1231800019741058
v   0.2007600069046021  -0.0283000003546476  -0.1218400001525879
v   0.2023700028657913  -0.0180699992924929  -0.1213100031018257
v   0.2051800042390823  -0.0085500003769994  -0.1224099993705750
v   0.2073999941349030   0.0013099999632686  -0.1232300028204918
v   0.2086700052022934   0.0114700002595782  -0.1227699965238571
v   0.2092799991369247   0.0218499992042780  -0.1217499971389771
v   0.2086299955844879   0.0322900004684925  -0.1195899993181229
v   0.2080900073051453   0.0431400015950203  -0.1170499995350838
v   0.2082699984312058   0.0540799982845783  -0.1165300011634827
v   0.2093199938535690   0.0653600022196770  -0.1161300018429756
v   0.2104399949312210   0.0762099996209145  -0.1164200007915497
v   0.2102600038051605   0.0874100029468536  -0.1156100034713745
v   0.2077099978923798   0.0994900017976761  -0.1131199970841408
v   0.2027200013399124   0.1100400015711784  -0.1085999980568886
v   0.1954900026321411   0.1178300008177757  -0.1029900014400482
v   0.1886299997568131   0.1249200031161308  -0.0971800014376640
v   0.1244100034236908  -0.1823399960994721  -0.1085299998521805
v   0.1326300054788590  -0.1754900068044663  -0.1106000021100044
v   0.1392100006341934  -0.1664800047874451  -0.1137799993157387
v   0.1456200033426285  -0.1577299982309341  -0.1170900017023087
v   0.1516399979591370  -0.1488800048828125  -0.1201199963688850
v   0.1569499969482422  -0.1396699994802475  -0.1224500015377998
v   0.1619600057601929  -0.1305399984121323  -0.1245900020003319
v   0.1671600043773651  -0.1217299997806549  -0.1270000040531158
v   0.1722699999809265  -0.1129499971866608  -0.1292899996042252
v   0.1762699931859970  -0.1036399975419045  -0.1306300014257431
v   0.1801699995994568  -0.0943899974226952  -0.1319400072097778
v   0.1840399950742722  -0.0852300003170967  -0.1334799975156784
v   0.1870899945497513  -0.0757900029420853  -0.1342899948358536
v   0.1895599961280823  -0.0663100033998489  -0.1345700025558472
v   0.1920900046825409  -0.0568399988114834  -0.1349000036716461
v   0.1942799985408783  -0.0470799989998341  -0.1351599991321564
v   0.1951500028371811  -0.0372000001370907  -0.1342200040817261
v   0.1945399940013886  -0.0274199992418289  -0.1323399990797043
v   0.1948499977588654  -0.0176999997347593  -0.1310199946165085
v   0.1972800046205521  -0.0082299998030066  -0.1315000057220459
v   0.1989499926567078   0.0013699999544770  -0.1315400004386902
v   0.1995700001716614   0.0111199999228120  -0.1307699978351593
v   0.2008199989795685   0.0209699999541044  -0.1305000036954880
v   0.2017299979925156   0.0311299990862608  -0.1296299993991852
v   0.2016099989414215   0.0414399988949299  -0.1279200017452240
v   0.2016900032758713   0.0518900007009506  -0.1265300065279007
v   0.2020999938249588   0.0625400021672249  -0.1256199926137924
v   0.2023400068283081   0.0733800008893013  -0.1246600002050400
v   0.2026000022888184   0.0845699980854988  -0.1239100024104118
v   0.2012999951839447   0.0964799970388413  -0.1220199987292290
v   0.1972499936819077   0.1073099970817566  -0.1178800016641617
v   0.1914499998092651   0.1159100010991097  -0.1121800020337105
v   0.1842599958181381   0.1233400031924248  -0.1081999987363815
v   0.1209700033068657  -0.1769499927759171  -0.1132100000977516
v   0.1275700032711029  -0.1685200035572052  -0.1173399984836578
v   0.1342000067234039  -0.1601600050926209  -0.1213100031018257
v   0.1400399953126907  -0.1517100036144257  -0.1248300001025200
v   0.1455599963665009  -0.1428499966859818  -0.1278000026941299
v   0.1508599966764450  -0.1342999935150147  -0.1305200010538101
v   0.1558099985122681  -0.1253399997949600  -0.1326700001955032
v   0.1605799943208695  -0.1169599965214729  -0.1352200061082840
v   0.1654700040817261  -0.1085999980568886  -0.1377300024032593
v   0.1696099936962128  -0.0997899994254112  -0.1395400017499924
v   0.1737399995326996  -0.0909299999475479  -0.1410800069570541
v   0.1767700016498566  -0.0818400010466576  -0.1420699954032898
v   0.1797000020742416  -0.0728999972343445  -0.1429699957370758
v   0.1822499930858612  -0.0638400018215179  -0.1437000036239624
v   0.1848900020122528  -0.0548599995672703  -0.1446100026369095
v   0.1871600002050400  -0.0452399998903275  -0.1448799967765808
v   0.1874800026416779  -0.0355999991297722  -0.1437900066375732
v   0.1877699941396713  -0.0264299996197224  -0.1422300040721893
v   0.1886100023984909  -0.0174800008535385  -0.1414999961853027
v   0.1898200064897537  -0.0081200003623962  -0.1408199965953827
v   0.1908899992704392   0.0012799999676645  -0.1401000022888184
v   0.1912299990653992   0.0105499997735024  -0.1393200010061264
v   0.1924899965524674   0.0198400001972914  -0.1396100074052811
v   0.1948900073766708   0.0296299997717142  -0.1397600024938583
v   0.1958000063896179   0.0396399982273579  -0.1390500068664551
v   0.1952400058507919   0.0497899986803532  -0.1368400007486343
v   0.1949000060558319   0.0595799982547760  -0.1350300014019013
v   0.1949499994516373   0.0703800022602081  -0.1335999965667725
v   0.1950400024652481   0.0809800028800964  -0.1319500058889389
v   0.1939799934625626   0.0929500013589859  -0.1302800029516220
v   0.1911199986934662   0.1041700020432472  -0.1262000054121018
v   0.1858599931001663   0.1128100007772446  -0.1206400021910667
v   0.1811600029468536   0.1217999979853630  -0.1146700009703636
v   0.1150600016117096  -0.1680099964141846  -0.1218700036406517
v   0.1228199973702431  -0.1621800065040588  -0.1249499991536140
v   0.1290100067853928  -0.1542699933052063  -0.1293099969625473
v   0.1342699974775314  -0.1455300003290176  -0.1323000043630600
v   0.1393299996852875  -0.1369699984788895  -0.1351899951696396
v   0.1445000022649765  -0.1287399977445602  -0.1382800042629242
v   0.1491899937391281  -0.1202900037169457  -0.1408399939537048
v   0.1532099992036820  -0.1115500032901764  -0.1424800008535385
v   0.1570399999618530  -0.1029800027608872  -0.1442500054836273
v   0.1614000052213669  -0.0949200019240379  -0.1466300040483475
v   0.1656699925661087  -0.0869499966502190  -0.1491799950599670
v   0.1693799942731857  -0.0785299986600876  -0.1507499963045120
v   0.1721300035715103  -0.0697299987077713  -0.1515399962663651
v   0.1744700074195862  -0.0609499998390675  -0.1522399932146072
v   0.1768500059843063  -0.0521599985659123  -0.1530199944972992
v   0.1785600036382675  -0.0431599989533424  -0.1530099958181381
v   0.1794999986886978  -0.0341500006616116  -0.1523399949073792
v   0.1797599941492081  -0.0253699999302626  -0.1508399993181229
v   0.1802199929952622  -0.0166500005871058  -0.1496399939060211
v   0.1817000061273575  -0.0078699998557568  -0.1494700014591217
v   0.1830199956893921   0.0010100000072271  -0.1492500007152557
v   0.1839199960231781   0.0099499998614192  -0.1487099975347519
v   0.1847199946641922   0.0190200004726648  -0.1480800062417984
v   0.1865500062704086   0.0283000003546476  -0.1482799947261810
v   0.1881500035524368   0.0379300005733967  -0.1483200043439865
v   0.1878200024366379   0.0475599989295006  -0.1462099999189377
v   0.1874800026416779   0.0573300011456013  -0.1441999971866608
v   0.1872700005769730   0.0675100013613701  -0.1424600034952164
v   0.1870000064373016   0.0781000033020973  -0.1406500041484833
v   0.1856900006532669   0.0890199989080429  -0.1379400044679642
v   0.1837899982929230   0.1000799983739853  -0.1349100023508072
v   0.1799000054597855   0.1093899980187416  -0.1294700056314468
v   0.1741800010204315   0.1171900033950806  -0.1258399933576584
v   0.1123000010848045  -0.1644300073385239  -0.1288200020790100
v   0.1168200001120567  -0.1581799983978272  -0.1320099979639053
v   0.1241199970245361  -0.1480699926614761  -0.1370799988508225
v   0.1276099979877472  -0.1416199952363968  -0.1393100023269653
v   0.1338299959897995  -0.1314499974250794  -0.1436599940061569
v   0.1372999995946884  -0.1249400004744530  -0.1455900073051453
v   0.1414400041103363  -0.1140400022268295  -0.1468800008296967
v   0.1441199928522110  -0.1069400012493134  -0.1475899964570999
v   0.1484699994325638  -0.0969600006937981  -0.1498199999332428
v   0.1520400047302246  -0.0907199978828430  -0.1521199941635132
v   0.1570899933576584  -0.0822099968791008  -0.1556899994611740
v   0.1608899980783463  -0.0759999975562096  -0.1585000008344650
v   0.1649899929761887  -0.0667499974370003  -0.1607699990272522
v   0.1667100042104721  -0.0586399994790554  -0.1609400063753128
v   0.1686999946832657  -0.0494499988853931  -0.1611900031566620
v   0.1701200008392334  -0.0412300005555153  -0.1610800027847290
v   0.1705999970436096  -0.0325799994170666  -0.1597699970006943
v   0.1711899936199188  -0.0240000002086163  -0.1586499959230423
v   0.1715800017118454  -0.0159300006926060  -0.1574600040912628
v   0.1731099933385849  -0.0069400002248585  -0.1573700010776520
v   0.1749500036239624   0.0007399999885820  -0.1580500006675720
v   0.1761499941349030   0.0103799998760223  -0.1573199927806854
v   0.1767400056123734   0.0179699994623661  -0.1565600037574768
v   0.1782699972391129   0.0283400006592274  -0.1562799960374832
v   0.1790300011634827   0.0359000004827976  -0.1558600068092346
v   0.1794199943542481   0.0471299998462200  -0.1540900021791458
v   0.1792400032281876   0.0546300001442432  -0.1526699960231781
v   0.1793300062417984   0.0668400004506111  -0.1506199985742569
v   0.1789499968290329   0.0745600014925003  -0.1491499990224838
v   0.1778199970722199   0.0877799987792969  -0.1457400023937225
v   0.1764000058174133   0.0959199965000153  -0.1431799978017807
v   0.1726000010967255   0.1076899990439415  -0.1367599964141846
v   0.1695600003004074   0.1140199974179268  -0.1319299936294556
v  -0.1655499935150147  -0.1103399991989136  -0.1278800070285797
v  -0.1589699983596802  -0.1145199984312058  -0.1307500004768372
v  -0.1481799930334091  -0.1212799996137619  -0.1353600025177002
v  -0.1417199969291687  -0.1250499933958054  -0.1375599950551987
v  -0.1309300065040588  -0.1306799948215485  -0.1407299935817719
v  -0.1249699965119362  -0.1345600038766861  -0.1433600038290024
v  -0.1149900034070015  -0.1399099975824356  -0.1465899944305420
v  -0.1082200035452843  -0.1427499949932098  -0.1479000002145767
v  -0.0983000025153160  -0.1469199955463409  -0.1499699950218201
v  -0.0913299992680550  -0.1495500057935715  -0.1510899960994721
v  -0.0815600007772446  -0.1527200043201447  -0.1522700041532517
v  -0.0743300020694733  -0.1551499962806702  -0.1530299931764603
v  -0.0652500018477440  -0.1584700047969818  -0.1543699949979782
v  -0.0581599995493889  -0.1616500020027161  -0.1565899997949600
v  -0.0496000014245510  -0.1649499982595444  -0.1589400023221970
v  -0.0422599986195564  -0.1687700003385544  -0.1613799929618835
v  -0.0332800000905991  -0.1715800017118454  -0.1626199930906296
v  -0.0242599993944168  -0.1724299937486649  -0.1610199958086014
v  -0.0162099990993738  -0.1723999977111816  -0.1586499959230423
v  -0.0074300002306700  -0.1726299971342087  -0.1570599973201752
v  -0.0001800000027288  -0.1732199937105179  -0.1555700004100800
v   0.0096000004559755  -0.1730699986219406  -0.1544599980115891
v   0.0166999995708466  -0.1722699999809265  -0.1527500003576279
v   0.0270000007003546  -0.1710599958896637  -0.1496900022029877
v   0.0346999987959862  -0.1707099974155426  -0.1483100056648254
v   0.0456500016152859  -0.1704600006341934  -0.1460999995470047
v   0.0528899990022182  -0.1698500066995621  -0.1442299932241440
v   0.0643299967050552  -0.1694400012493134  -0.1419100016355515
v   0.0717500001192093  -0.1691700071096420  -0.1402499973773956
v   0.0838000029325485  -0.1679700016975403  -0.1372099965810776
v   0.0908500030636787  -0.1662199944257736  -0.1340399980545044
v   0.1041100025177002  -0.1650499999523163  -0.1307999938726425
v   0.1123000010848045  -0.1644300073385239  -0.1288200020790100
v  -0.1676699966192246  -0.1032200008630753  -0.1313699930906296
v  -0.1589599996805191  -0.1059800013899803  -0.1357299983501434
v  -0.1502899974584580  -0.1113199964165688  -0.1396200060844421
v  -0.1418900042772293  -0.1164899989962578  -0.1433500051498413
v  -0.1334400027990341  -0.1213100031018257  -0.1466300040483475
v  -0.1250800043344498  -0.1259399950504303  -0.1497499942779541
v  -0.1168999969959259  -0.1304800063371658  -0.1528999954462051
v  -0.1081800013780594  -0.1341699957847595  -0.1547999978065491
v  -0.0993900001049042  -0.1374099999666214  -0.1562599986791611
v  -0.0911500006914139  -0.1411200016736984  -0.1585700064897537
v  -0.0823900029063225  -0.1438799947500229  -0.1596300005912781
v  -0.0737800002098084  -0.1466200053691864  -0.1606499999761581
v  -0.0655400007963181  -0.1498699933290482  -0.1623799949884415
v  -0.0573000013828278  -0.1530299931764603  -0.1643099933862686
v  -0.0486899986863136  -0.1555300056934357  -0.1654600054025650
v  -0.0403099991381168  -0.1586499959230423  -0.1674800068140030
v  -0.0315999984741211  -0.1613299995660782  -0.1690299957990646
v  -0.0226300004869699  -0.1624400019645691  -0.1675200015306473
v  -0.0138600002974272  -0.1626400053501129  -0.1653099954128265
v  -0.0051899999380112  -0.1629099994897842  -0.1635600030422211
v   0.0034300000406802  -0.1637399941682816  -0.1626999974250794
v   0.0121499998494983  -0.1641699969768524  -0.1613799929618835
v   0.0207499992102385  -0.1633200049400330  -0.1584600061178207
v   0.0296700000762939  -0.1621399968862534  -0.1554699987173080
v   0.0392200015485287  -0.1620900034904480  -0.1538199931383133
v   0.0485000014305115  -0.1616400033235550  -0.1516699939966202
v   0.0578700006008148  -0.1613299995660782  -0.1496299952268601
v   0.0673300027847290  -0.1607300043106079  -0.1471100002527237
v   0.0772399976849556  -0.1607200056314468  -0.1454699933528900
v   0.0868899971246719  -0.1595499962568283  -0.1422200053930283
v   0.0969199985265732  -0.1583299934864044  -0.1390600055456162
v   0.1076499968767166  -0.1576599925756455  -0.1365099996328354
v   0.1168200001120567  -0.1581799983978272  -0.1320099979639053
v  -0.1699800044298172  -0.0907900035381317  -0.1356700062751770
v  -0.1608500033617020  -0.0961799994111061  -0.1395999938249588
v  -0.1520999968051910  -0.1014999970793724  -0.1440200060606003
v  -0.1435800045728684  -0.1065599992871285  -0.1477899998426437
v  -0.1352200061082840  -0.1115199998021126  -0.1518100053071976
v  -0.1268700063228607  -0.1163100004196167  -0.1553499996662140
v  -0.1179099977016449  -0.1203799992799759  -0.1579200029373169
v  -0.1090499982237816  -0.1241500005126000  -0.1600999981164932
v  -0.1004099994897842  -0.1280200034379959  -0.1625799983739853
v  -0.0920300036668778  -0.1318700015544891  -0.1653199940919876
v  -0.0830599963665009  -0.1348599940538406  -0.1669099926948547
v  -0.0742899999022484  -0.1379500031471252  -0.1683699935674667
v  -0.0653200000524521  -0.1404000073671341  -0.1690900027751923
v  -0.0563100017607212  -0.1429499983787537  -0.1699800044298172
v  -0.0474100001156330  -0.1455000042915344  -0.1709599941968918
v  -0.0386100001633167  -0.1481399983167648  -0.1725499927997589
v  -0.0296700000762939  -0.1506099998950958  -0.1738100051879883
v  -0.0205199997872114  -0.1523399949073792  -0.1734399944543839
v  -0.0114500001072884  -0.1536899954080582  -0.1728000044822693
v  -0.0021599999163300  -0.1544599980115891  -0.1715900003910065
v   0.0069800000637770  -0.1545599997043610  -0.1700199991464615
v   0.0155499996617436  -0.1543900072574616  -0.1671800017356873
v   0.0242800004780293  -0.1536599993705750  -0.1637600064277649
v   0.0339299999177456  -0.1533100008964539  -0.1612599939107895
v   0.0437600016593933  -0.1533000022172928  -0.1591500043869019
v   0.0530700013041496  -0.1529400050640106  -0.1570000052452087
v   0.0625799968838692  -0.1525699943304062  -0.1548299938440323
v   0.0722599998116493  -0.1520600020885468  -0.1520400047302246
v   0.0821299999952316  -0.1514600068330765  -0.1493600010871887
v   0.0922399982810020  -0.1510999947786331  -0.1468400061130524
v   0.1024200022220612  -0.1502500027418137  -0.1440400034189224
v   0.1134399995207787  -0.1498100012540817  -0.1412400007247925
v   0.1241199970245361  -0.1480699926614761  -0.1370799988508225
v  -0.1715099960565567  -0.0835800021886826  -0.1383599936962128
v  -0.1627500057220459  -0.0866200029850006  -0.1434500068426132
v  -0.1537899971008301  -0.0917100012302399  -0.1477199941873550
v  -0.1453800052404404  -0.0969000011682510  -0.1523600071668625
v  -0.1369899958372116  -0.1018899977207184  -0.1567299962043762
v  -0.1281699985265732  -0.1063899993896484  -0.1601199954748154
v  -0.1191100031137466  -0.1104599982500076  -0.1629599928855896
v  -0.1098899990320206  -0.1142499968409538  -0.1653800010681152
v  -0.1010100021958351  -0.1181399971246719  -0.1682299971580505
v  -0.0925500020384789  -0.1223099976778030  -0.1715099960565567
v  -0.0836199969053268  -0.1258199959993362  -0.1738400012254715
v  -0.0744699984788895  -0.1289300024509430  -0.1755699962377548
v  -0.0647400021553040  -0.1306899935007095  -0.1752700060606003
v  -0.0552899986505508  -0.1326999962329865  -0.1753399968147278
v  -0.0459900014102459  -0.1352200061082840  -0.1763499975204468
v  -0.0367400012910366  -0.1376399993896484  -0.1773200035095215
v  -0.0275400001555681  -0.1400399953126907  -0.1783300042152405
v  -0.0182499997317791  -0.1421599984169006  -0.1787800043821335
v  -0.0088900001719594  -0.1443299949169159  -0.1794099956750870
v   0.0007600000244565  -0.1461299955844879  -0.1795500069856644
v   0.0103700002655387  -0.1464000046253204  -0.1774400025606155
v   0.0194400008767843  -0.1456000059843063  -0.1738200038671494
v   0.0287699997425079  -0.1453099995851517  -0.1707800030708313
v   0.0383399985730648  -0.1451700031757355  -0.1679899990558624
v   0.0478399991989136  -0.1446200013160706  -0.1649300009012222
v   0.0577200017869473  -0.1449300050735474  -0.1632499992847443
v   0.0672999992966652  -0.1442199945449829  -0.1602099984884262
v   0.0770400017499924  -0.1435099989175797  -0.1569100022315979
v   0.0868699997663498  -0.1425399929285049  -0.1532599925994873
v   0.0972900018095970  -0.1425399929285049  -0.1509300023317337
v   0.1078500002622604  -0.1421599984169006  -0.1481599956750870
v   0.1185699999332428  -0.1413599997758865  -0.1448100060224533
v   0.1276099979877472  -0.1416199952363968  -0.1393100023269653
v  -0.1721500009298325  -0.0713699981570244  -0.1406400054693222
v  -0.1638499945402145  -0.0768700018525124  -0.1462700068950653
v  -0.1550000011920929  -0.0818800032138825  -0.1512099951505661
v  -0.1467799991369247  -0.0871800035238266  -0.1563500016927719
v  -0.1382499933242798  -0.0920900031924248  -0.1611000001430512
v  -0.1291300058364868  -0.0964000001549721  -0.1643500030040741
v  -0.1201400011777878  -0.1005500033497810  -0.1676300019025803
v  -0.1106199994683266  -0.1043799966573715  -0.1704999953508377
v  -0.1013699993491173  -0.1083000004291534  -0.1736799925565720
v  -0.0927499979734421  -0.1123699992895126  -0.1769299954175949
v  -0.0835999995470047  -0.1161400005221367  -0.1796800047159195
v  -0.0743300020694733  -0.1193799972534180  -0.1818899959325790
v  -0.0643199980258942  -0.1212999969720841  -0.1819700002670288
v  -0.0544900000095367  -0.1231999993324280  -0.1819400042295456
v  -0.0446900017559528  -0.1254200041294098  -0.1824299991130829
v  -0.0350599996745586  -0.1275400072336197  -0.1828400045633316
v  -0.0255600009113550  -0.1300099939107895  -0.1838500052690506
v  -0.0159200001507998  -0.1320800036191940  -0.1841100007295609
v  -0.0063399998471141  -0.1342200040817261  -0.1845400035381317
v   0.0035500000230968  -0.1359799951314926  -0.1845699995756149
v   0.0134800001978874  -0.1369599997997284  -0.1834200024604797
v   0.0232800003141165  -0.1372099965810776  -0.1807799935340881
v   0.0329900011420250  -0.1368300020694733  -0.1774400025606155
v   0.0424199998378754  -0.1363800019025803  -0.1739100068807602
v   0.0518100000917912  -0.1357699930667877  -0.1702499985694885
v   0.0615600012242794  -0.1351300030946732  -0.1670400053262711
v   0.0715700015425682  -0.1351500004529953  -0.1648100018501282
v   0.0817499980330467  -0.1351799964904785  -0.1619299948215485
v   0.0916899964213371  -0.1344600021839142  -0.1580899953842163
v   0.1022400036454201  -0.1343100070953369  -0.1552499979734421
v   0.1128500029444695  -0.1339599937200546  -0.1521299928426743
v   0.1233899965882301  -0.1329600065946579  -0.1481599956750870
v   0.1338299959897995  -0.1314499974250794  -0.1436599940061569
v  -0.1727200001478195  -0.0639699995517731  -0.1424800008535385
v  -0.1646299958229065  -0.0672499984502792  -0.1488000005483627
v  -0.1565500050783157  -0.0725700035691261  -0.1547400057315826
v  -0.1483100056648254  -0.0777100026607513  -0.1603700071573257
v  -0.1394000053405762  -0.0824000015854836  -0.1648799926042557
v  -0.1303099989891052  -0.0867599993944168  -0.1689800024032593
v  -0.1209900006651878  -0.0908899977803230  -0.1725600063800812
v  -0.1112599968910217  -0.0945099964737892  -0.1754699945449829
v  -0.1020099967718124  -0.0984899997711182  -0.1789000034332275
v  -0.0928499996662140  -0.1023800000548363  -0.1822399944067001
v  -0.0837199985980988  -0.1062700003385544  -0.1855199933052063
v  -0.0742599964141846  -0.1098800003528595  -0.1883099973201752
v  -0.0640100017189980  -0.1122199967503548  -0.1889899969100952
v  -0.0537699982523918  -0.1139400005340576  -0.1888599991798401
v  -0.0437199994921684  -0.1160899996757507  -0.1892600059509277
v  -0.0336700007319450  -0.1181199997663498  -0.1894699931144714
v  -0.0236799996346235  -0.1202099993824959  -0.1897799968719482
v  -0.0137400003150105  -0.1222399994730949  -0.1898500025272369
v  -0.0037599999923259  -0.1242699995636940  -0.1899999976158142
v   0.0063700000755489  -0.1261299997568131  -0.1899300068616867
v   0.0166299995034933  -0.1277800053358078  -0.1894599944353104
v   0.0267299991101027  -0.1281599998474121  -0.1868599951267242
v   0.0364799983799458  -0.1276900023221970  -0.1831000000238419
v   0.0462299995124340  -0.1272300034761429  -0.1793300062417984
v   0.0559299997985363  -0.1265999972820282  -0.1754499971866608
v   0.0655499994754791  -0.1256899982690811  -0.1712200045585632
v   0.0758899971842766  -0.1262100040912628  -0.1690800040960312
v   0.0863199979066849  -0.1266700029373169  -0.1666299998760223
v   0.0967399999499321  -0.1266600042581558  -0.1634899973869324
v   0.1071899980306625  -0.1263000071048737  -0.1599400043487549
v   0.1179099977016449  -0.1259800046682358  -0.1564600020647049
v   0.1281799972057343  -0.1247199997305870  -0.1516399979591370
v   0.1372999995946884  -0.1249400004744530  -0.1455900073051453
v  -0.1736599951982498  -0.0525700002908707  -0.1454199999570847
v  -0.1650999933481216  -0.0577800013124943  -0.1510300040245056
v  -0.1573899984359741  -0.0630500018596649  -0.1576299965381622
v  -0.1495099961757660  -0.0681800022721291  -0.1640899926424027
v  -0.1401199996471405  -0.0724999979138374  -0.1683699935674667
v  -0.1307000070810318  -0.0766699984669685  -0.1725600063800812
v  -0.1215199977159500  -0.0808999985456467  -0.1771100014448166
v  -0.1122799962759018  -0.0850400030612946  -0.1811300069093704
v  -0.1028600037097931  -0.0889599993824959  -0.1849099993705750
v  -0.0931800007820129  -0.0925699993968010  -0.1878699958324432
v  -0.0836400017142296  -0.0962200015783310  -0.1910099983215332
v  -0.0740099996328354  -0.0998699963092804  -0.1940799951553345
v  -0.0636800006031990  -0.1029599979519844  -0.1959999948740006
v  -0.0530799999833107  -0.1049500033259392  -0.1962800025939941
v  -0.0428400002419949  -0.1070799976587296  -0.1966799944639206
v  -0.0324099995195866  -0.1090999990701675  -0.1967899948358536
v  -0.0220599994063377  -0.1112700030207634  -0.1969099938869476
v  -0.0117499995976686  -0.1132799983024597  -0.1970600038766861
v  -0.0013500000350177  -0.1148099973797798  -0.1962700039148331
v   0.0091099999845028  -0.1167799979448319  -0.1961800009012222
v   0.0196899995207787  -0.1182499974966049  -0.1950699985027313
v   0.0299299992620945  -0.1185799986124039  -0.1921900063753128
v   0.0402299985289574  -0.1191800013184547  -0.1895499974489212
v   0.0505400002002716  -0.1186999976634979  -0.1854600012302399
v   0.0601899996399879  -0.1176299974322319  -0.1808499991893768
v   0.0699599981307983  -0.1173200011253357  -0.1767899990081787
v   0.0803200006484985  -0.1179699972271919  -0.1744199991226196
v   0.0907799974083901  -0.1181700006127358  -0.1711899936199188
v   0.1013500019907951  -0.1182399988174439  -0.1680099964141846
v   0.1119399964809418  -0.1180099993944168  -0.1643099933862686
v   0.1218099966645241  -0.1167500019073486  -0.1587599962949753
v   0.1314900070428848  -0.1153599992394447  -0.1526399999856949
v   0.1414400041103363  -0.1140400022268295  -0.1468800008296967
v  -0.1736900061368942  -0.0454699993133545  -0.1467099934816361
v  -0.1652700006961823  -0.0485199987888336  -0.1530800014734268
v  -0.1568000018596649  -0.0532400012016296  -0.1590500026941299
v  -0.1492400020360947  -0.0581399984657764  -0.1660699993371964
v  -0.1403100043535233  -0.0625300034880638  -0.1713600009679794
v  -0.1308500021696091  -0.0665699988603592  -0.1758700013160706
v  -0.1222700029611588  -0.0710899978876114  -0.1815599948167801
v  -0.1129999980330467  -0.0752200037240982  -0.1862300038337708
v  -0.1031700000166893  -0.0789399966597557  -0.1897699981927872
v  -0.0933500006794930  -0.0825700014829636  -0.1931799948215485
v  -0.0834600031375885  -0.0861499980092049  -0.1963900029659271
v  -0.0730300024151802  -0.0891499966382980  -0.1985799968242645
v  -0.0628999993205071  -0.0924799963831902  -0.2014299929141998
v  -0.0524999983608723  -0.0955099985003471  -0.2033900022506714
v  -0.0419199988245964  -0.0981400012969971  -0.2042099982500076
v  -0.0311600007116795  -0.1003400012850761  -0.2047799974679947
v  -0.0204199999570847  -0.1026600003242493  -0.2050999999046326
v  -0.0096599999815226  -0.1046100035309792  -0.2049500048160553
v   0.0010499999625608  -0.1054299995303154  -0.2028200030326843
v   0.0117600001394749  -0.1067399978637695  -0.2014099955558777
v   0.0223600007593632  -0.1076600030064583  -0.1992100030183792
v   0.0330599993467331  -0.1087199971079826  -0.1972700059413910
v   0.0437600016593933  -0.1093000024557114  -0.1944500058889389
v   0.0540600009262562  -0.1091599985957146  -0.1903100013732910
v   0.0640700012445450  -0.1088100001215935  -0.1858599931001663
v   0.0742999985814095  -0.1090900003910065  -0.1824699938297272
v   0.0846500024199486  -0.1094700023531914  -0.1791400015354157
v   0.0949900001287460  -0.1094399988651276  -0.1751900017261505
v   0.1057799980044365  -0.1098000034689903  -0.1718299984931946
v   0.1157900020480156  -0.1087699979543686  -0.1665000021457672
v   0.1247199997305870  -0.1070199981331825  -0.1593399941921234
v   0.1343899965286255  -0.1059900000691414  -0.1531099975109100
v   0.1441199928522110  -0.1069400012493134  -0.1475899964570999
v  -0.1743199974298477  -0.0350099988281727  -0.1493999958038330
v  -0.1656499952077866  -0.0395199991762638  -0.1554200053215027
v  -0.1569100022315979  -0.0438699983060360  -0.1613399982452393
v  -0.1487600058317184  -0.0482699982821941  -0.1678200066089630
v  -0.1400900036096573  -0.0524399988353252  -0.1739500015974045
v  -0.1313900053501129  -0.0567199997603893  -0.1797199994325638
v  -0.1222499981522560  -0.0607700012624264  -0.1849700063467026
v  -0.1130900010466576  -0.0649200007319450  -0.1903000026941299
v  -0.1030599996447563  -0.0685700029134750  -0.1940100044012070
v  -0.0931499972939491  -0.0721900016069412  -0.1977500021457672
v  -0.0830100029706955  -0.0757199972867966  -0.2012100070714951
v  -0.0723799988627434  -0.0786899998784065  -0.2035900056362152
v  -0.0615900009870529  -0.0814400017261505  -0.2053599953651428
v  -0.0510400012135506  -0.0843999981880188  -0.2074600011110306
v  -0.0405599996447563  -0.0877899974584580  -0.2103299945592880
v  -0.0298299994319677  -0.0909499973058701  -0.2124799937009811
v  -0.0185599997639656  -0.0935100018978119  -0.2131099998950958
v  -0.0072699999436736  -0.0949999988079071  -0.2116799950599670
v   0.0034600000362843  -0.0956199988722801  -0.2087000012397766
v   0.0143600003793836  -0.0963599979877472  -0.2061100006103516
v   0.0251000002026558  -0.0976800024509430  -0.2044399976730347
v   0.0362799987196922  -0.0987799987196922  -0.2022899985313416
v   0.0468100011348724  -0.0988999977707863  -0.1983100026845932
v   0.0572700016200542  -0.0990300029516220  -0.1939799934625626
v   0.0679899975657463  -0.0996299982070923  -0.1904900074005127
v   0.0783099979162216  -0.1002700030803680  -0.1871699988842011
v   0.0883700028061867  -0.1002100035548210  -0.1824599951505661
v   0.0989999994635582  -0.1005799993872643  -0.1788399964570999
v   0.1096699982881546  -0.1007699966430664  -0.1749300062656403
v   0.1190200001001358  -0.0993800014257431  -0.1677799969911575
v   0.1280000060796738  -0.0976200029253960  -0.1605599969625473
v   0.1380400061607361  -0.0972900018095970  -0.1550199985504150
v   0.1484699994325638  -0.0969600006937981  -0.1498199999332428
v  -0.1744800060987473  -0.0277800001204014  -0.1507900059223175
v  -0.1654600054025650  -0.0304400008171797  -0.1569299995899200
v  -0.1568499952554703  -0.0345700010657311  -0.1632899940013886
v  -0.1484799981117249  -0.0386399999260902  -0.1699199974536896
v  -0.1400599926710129  -0.0426700003445149  -0.1764999926090241
v  -0.1315400004386902  -0.0467099994421005  -0.1830800026655197
v  -0.1217299997806549  -0.0503199994564056  -0.1876900047063828
v  -0.1124200001358986  -0.0542399995028973  -0.1929599940776825
v  -0.1020900011062622  -0.0576700009405613  -0.1965599954128265
v  -0.0921899974346161  -0.0612899996340275  -0.2008800059556961
v  -0.0821299999952316  -0.0648199990391731  -0.2049899995326996
v  -0.0716900005936623  -0.0681300014257431  -0.2085199952125549
v  -0.0605800002813339  -0.0707599967718124  -0.2100500017404556
v  -0.0494400002062321  -0.0732600018382072  -0.2109799981117249
v  -0.0386199988424778  -0.0761500000953674  -0.2133499979972839
v  -0.0278299991041422  -0.0794999971985817  -0.2161699980497360
v  -0.0167100001126528  -0.0828299969434738  -0.2188200056552887
v  -0.0051099997945130  -0.0845300033688545  -0.2172999978065491
v   0.0060999998822808  -0.0851500034332275  -0.2139099985361099
v   0.0172000005841255  -0.0862900018692017  -0.2115499973297119
v   0.0282899998128414  -0.0873999968171120  -0.2090799957513809
v   0.0390699990093708  -0.0879599973559380  -0.2052800059318543
v   0.0500500015914440  -0.0887600034475327  -0.2021300047636032
v   0.0607599988579750  -0.0894099995493889  -0.1983300000429153
v   0.0713900029659271  -0.0900700017809868  -0.1944800019264221
v   0.0819900035858154  -0.0908299982547760  -0.1908199936151505
v   0.0921600013971329  -0.0909600034356117  -0.1859699934720993
v   0.1029499992728233  -0.0917000025510788  -0.1823599934577942
v   0.1134800016880035  -0.0918300002813339  -0.1776199936866760
v   0.1227400004863739  -0.0907400026917458  -0.1705500036478043
v   0.1319299936294556  -0.0895700007677078  -0.1633999943733215
v   0.1421000063419342  -0.0893400013446808  -0.1577199995517731
v   0.1520400047302246  -0.0907199978828430  -0.1521199941635132
v  -0.1745299994945526  -0.0177500005811453  -0.1525699943304062
v  -0.1655600070953369  -0.0215900000184774  -0.1588599979877472
v  -0.1564400047063828  -0.0252400003373623  -0.1648699939250946
v  -0.1475300043821335  -0.0290200002491474  -0.1709800064563751
v  -0.1394300013780594  -0.0327700003981590  -0.1782899945974350
v  -0.1305900067090988  -0.0365299992263317  -0.1848099976778030
v  -0.1209599971771240  -0.0399800017476082  -0.1897599995136261
v  -0.1111000031232834  -0.0434900000691414  -0.1944299936294556
v  -0.1009299978613854  -0.0468299984931946  -0.1987500041723251
v  -0.0910599976778030  -0.0503300018608570  -0.2034700065851212
v  -0.0812600031495094  -0.0539299994707108  -0.2087000012397766
v  -0.0703999996185303  -0.0570200011134148  -0.2117899954319000
v  -0.0594299994409084  -0.0599600002169609  -0.2142699956893921
v  -0.0481700003147125  -0.0625900030136108  -0.2160499989986420
v  -0.0369599983096123  -0.0649600028991699  -0.2168300002813339
v  -0.0256600007414818  -0.0678199976682663  -0.2188999950885773
v  -0.0145100001245737  -0.0713199973106384  -0.2220200002193451
v  -0.0027799999807030  -0.0737299993634224  -0.2223999947309494
v   0.0088299997150898  -0.0750000029802322  -0.2199500054121018
v   0.0202900003641844  -0.0762299969792366  -0.2171400040388107
v   0.0313900001347065  -0.0770300030708313  -0.2132900059223175
v   0.0420599989593029  -0.0772999972105026  -0.2086499929428101
v   0.0531000010669231  -0.0783500000834465  -0.2053000032901764
v   0.0641700029373169  -0.0795900002121925  -0.2024199962615967
v   0.0750499963760376  -0.0806400030851364  -0.1988700032234192
v   0.0856399983167648  -0.0813400000333786  -0.1944400072097778
v   0.0957800000905991  -0.0816799998283386  -0.1892800033092499
v   0.1063700020313263  -0.0822400003671646  -0.1847900003194809
v   0.1169499978423119  -0.0828500017523766  -0.1801500022411346
v   0.1268800050020218  -0.0824600011110306  -0.1737699955701828
v   0.1364499926567078  -0.0819099992513657  -0.1672299951314926
v   0.1464200019836426  -0.0817700028419495  -0.1609999984502792
v   0.1570899933576584  -0.0822099968791008  -0.1556899994611740
v  -0.1744900047779083  -0.0102899996563792  -0.1539700031280518
v  -0.1653400063514710  -0.0127900000661612  -0.1604000031948090
v  -0.1562400013208389  -0.0162400007247925  -0.1666299998760223
v  -0.1473000049591065  -0.0197199992835522  -0.1729499995708466
v  -0.1385000050067902  -0.0230899993330240  -0.1795600056648254
v  -0.1296599954366684  -0.0264999996870756  -0.1861499994993210
v  -0.1202799975872040  -0.0298500005155802  -0.1919399946928024
v  -0.1097399964928627  -0.0328800007700920  -0.1959200054407120
v  -0.1001899987459183  -0.0362499989569187  -0.2014899998903275
v  -0.0900299996137619  -0.0394599996507168  -0.2061699926853180
v  -0.0800499990582466  -0.0427699983119965  -0.2114000022411346
v  -0.0695300027728081  -0.0460500009357929  -0.2157199978828430
v  -0.0583700016140938  -0.0490499995648861  -0.2185399979352951
v  -0.0472199991345406  -0.0520399995148182  -0.2215899974107742
v  -0.0357099995017052  -0.0547700002789497  -0.2231899946928024
v  -0.0239300001412630  -0.0570399984717369  -0.2244199961423874
v  -0.0124700004234910  -0.0602300018072128  -0.2271900027990341
v  -0.0004699999990407  -0.0626799985766411  -0.2273299992084503
v   0.0115000000223517  -0.0644600018858910  -0.2254499942064285
v   0.0231800004839897  -0.0657100006937981  -0.2222000062465668
v   0.0344699993729591  -0.0665600001811981  -0.2179100066423416
v   0.0455100014805794  -0.0672200024127960  -0.2134799957275391
v   0.0563500002026558  -0.0678400024771690  -0.2088399976491928
v   0.0675600022077560  -0.0693000033497810  -0.2057300060987473
v   0.0789299979805946  -0.0712699964642525  -0.2033900022506714
v   0.0896200016140938  -0.0721300020813942  -0.1987800002098084
v   0.0995699986815453  -0.0722299963235855  -0.1926700025796890
v   0.1099599972367287  -0.0728700011968613  -0.1875000000000000
v   0.1207899972796440  -0.0738999992609024  -0.1831199973821640
v   0.1309999972581863  -0.0741899982094765  -0.1772599965333939
v   0.1408600062131882  -0.0743400007486343  -0.1708000004291534
v   0.1511700004339218  -0.0746399983763695  -0.1649599969387054
v   0.1608899980783463  -0.0759999975562096  -0.1585000008344650
v  -0.1735900044441223  -0.0008200000156648  -0.1546799987554550
v  -0.1647399961948395  -0.0040099998004735  -0.1615100055932999
v  -0.1561100035905838  -0.0072099999524653  -0.1685999929904938
v  -0.1467500030994415  -0.0104299997910857  -0.1746200025081635
v  -0.1370600014925003  -0.0136500000953674  -0.1798799932003021
v  -0.1278499960899353  -0.0164899993687868  -0.1862500011920929
v  -0.1190200001001358  -0.0193799994885921  -0.1933500021696091
v  -0.1092500016093254  -0.0225099995732307  -0.1986799985170364
v  -0.0996999964118004  -0.0255800001323223  -0.2046499997377396
v  -0.0893800035119057  -0.0286100003868341  -0.2096299976110458
v  -0.0788400024175644  -0.0316199995577335  -0.2139099985361099
v  -0.0685300007462502  -0.0347599983215332  -0.2191299945116043
v  -0.0573199987411499  -0.0378299988806248  -0.2228800058364868
v  -0.0458999983966351  -0.0409100018441677  -0.2263199985027313
v  -0.0343800000846386  -0.0439499989151955  -0.2293300032615662
v  -0.0226199999451637  -0.0467800013720989  -0.2317799925804138
v  -0.0104200001806021  -0.0492700003087521  -0.2330300062894821
v   0.0019199999514967  -0.0511000007390976  -0.2315399944782257
v   0.0141500001773238  -0.0534599982202053  -0.2307800054550171
v   0.0261799991130829  -0.0550700016319752  -0.2275400012731552
v   0.0376100018620491  -0.0559200011193752  -0.2223799973726273
v   0.0488599985837936  -0.0568500012159348  -0.2180600017309189
v   0.0599600002169609  -0.0577099993824959  -0.2133000046014786
v   0.0711899995803833  -0.0594099983572960  -0.2101799994707108
v   0.0824399963021278  -0.0610300004482269  -0.2065600007772446
v   0.0935600027441979  -0.0625000000000000  -0.2024700045585632
v   0.1037399992346764  -0.0632200017571449  -0.1968999952077866
v   0.1139300018548966  -0.0638500005006790  -0.1911900043487549
v   0.1244399994611740  -0.0648299977183342  -0.1858099997043610
v   0.1347600072622299  -0.0654700025916100  -0.1800500005483627
v   0.1449899971485138  -0.0659800022840500  -0.1740400046110153
v   0.1551699936389923  -0.0666199997067452  -0.1678799986839294
v   0.1649899929761887  -0.0667499974370003  -0.1607699990272522
v  -0.1729899942874908   0.0069200000725687  -0.1555999964475632
v  -0.1642899960279465   0.0047200000844896  -0.1628500074148178
v  -0.1553499996662140   0.0018700000364333  -0.1696999967098236
v  -0.1458500027656555  -0.0009800000116229  -0.1757600009441376
v  -0.1356800049543381  -0.0037299999967217  -0.1807200014591217
v  -0.1262599974870682  -0.0065999999642372  -0.1868000030517578
v  -0.1173499971628189  -0.0092299999669194  -0.1938100010156632
v  -0.1079400032758713  -0.0120200002565980  -0.2000000029802322
v  -0.0984899997711182  -0.0148499999195337  -0.2065699994564056
v  -0.0879700034856796  -0.0175100006163120  -0.2116499990224838
v  -0.0770900025963783  -0.0200399998575449  -0.2158100008964539
v  -0.0669500008225441  -0.0232100002467632  -0.2214500010013580
v  -0.0559299997985363  -0.0261300001293421  -0.2260600030422211
v  -0.0444799996912479  -0.0292499996721745  -0.2300100028514862
v  -0.0329999998211861  -0.0325599983334541  -0.2342099994421005
v  -0.0208100005984306  -0.0352500006556511  -0.2371399998664856
v  -0.0081399995833635  -0.0373999997973442  -0.2370900064706802
v   0.0043799998238683  -0.0395199991762638  -0.2363799959421158
v   0.0168600007891655  -0.0422200001776218  -0.2360299974679947
v   0.0292499996721745  -0.0442599989473820  -0.2334599941968918
v   0.0408999994397163  -0.0454099997878075  -0.2283100038766861
v   0.0520099997520447  -0.0461600013077259  -0.2225700020790100
v   0.0632899999618530  -0.0474799983203411  -0.2178599983453751
v   0.0749400034546852  -0.0494400002062321  -0.2146800011396408
v   0.0861200019717217  -0.0508899986743927  -0.2102899998426437
v   0.0969500020146370  -0.0522600002586842  -0.2054399996995926
v   0.1077499985694885  -0.0539099983870983  -0.2006500065326691
v   0.1178399994969368  -0.0545199997723103  -0.1942999958992004
v   0.1278900057077408  -0.0553199984133244  -0.1879500001668930
v   0.1380899995565414  -0.0563299991190434  -0.1819899976253510
v   0.1477400064468384  -0.0569300018250942  -0.1751500070095062
v   0.1573600023984909  -0.0575499981641769  -0.1681900024414063
v   0.1667100042104721  -0.0586399994790554  -0.1609400063753128
v  -0.1723199933767319   0.0159300006926060  -0.1566399931907654
v  -0.1637399941682816   0.0134300002828240  -0.1641300022602081
v  -0.1543699949979782   0.0109999999403954  -0.1704799979925156
v  -0.1449799984693527   0.0084300003945827  -0.1770900040864945
v  -0.1348000019788742   0.0059400000609457  -0.1822600066661835
v  -0.1246699988842011   0.0032099999953061  -0.1873800009489059
v  -0.1152700036764145   0.0006900000153109  -0.1934400051832199
v  -0.1058799996972084  -0.0015999999595806  -0.1998700052499771
v  -0.0966100022196770  -0.0039499998092651  -0.2068700045347214
v  -0.0858599990606308  -0.0065299998968840  -0.2125400006771088
v  -0.0753199979662895  -0.0089699998497963  -0.2169599980115891
v  -0.0647699981927872  -0.0116699999198318  -0.2219399958848953
v  -0.0542499981820583  -0.0145600000396371  -0.2280600070953369
v  -0.0430699996650219  -0.0173300001770258  -0.2331700026988983
v  -0.0311900004744530  -0.0202399995177984  -0.2380599975585938
v  -0.0187599994242191  -0.0231699999421835  -0.2417200058698654
v  -0.0057700001634657  -0.0250199995934963  -0.2409999966621399
v   0.0068299998529255  -0.0276399999856949  -0.2407999932765961
v   0.0195700004696846  -0.0301799997687340  -0.2405699938535690
v   0.0320600010454655  -0.0323700010776520  -0.2373899966478348
v   0.0438200011849403  -0.0339299999177456  -0.2326599955558777
v   0.0551000013947487  -0.0351900011301041  -0.2264900058507919
v   0.0662899985909462  -0.0366800017654896  -0.2211599946022034
v   0.0783099979162216  -0.0388199985027313  -0.2180899977684021
v   0.0897400006651878  -0.0404100008308888  -0.2132699936628342
v   0.1001000031828880  -0.0416299998760223  -0.2073000073432922
v   0.1109400019049645  -0.0433400012552738  -0.2028699964284897
v   0.1215400025248528  -0.0448700003325939  -0.1965699940919876
v   0.1307599991559982  -0.0455700010061264  -0.1888999938964844
v   0.1401399970054627  -0.0466799996793270  -0.1820500046014786
v   0.1493600010871887  -0.0476999990642071  -0.1746899932622910
v   0.1592099964618683  -0.0486400015652180  -0.1682700067758560
v   0.1686999946832657  -0.0494499988853931  -0.1611900031566620
v  -0.1710399985313416   0.0239100009202957  -0.1570200026035309
v  -0.1622699946165085   0.0220500007271767  -0.1643400043249130
v  -0.1533100008964539   0.0199699997901917  -0.1715099960565567
v  -0.1434099972248077   0.0177500005811453  -0.1774999946355820
v  -0.1331000030040741   0.0154400002211332  -0.1827699989080429
v  -0.1221299991011620   0.0127999996766448  -0.1863500028848648
v  -0.1120700016617775   0.0104999998584390  -0.1918099969625473
v  -0.1033900007605553   0.0086799999698997  -0.1994400024414063
v  -0.0945200026035309   0.0068100001662970  -0.2070699930191040
v  -0.0849699974060059   0.0045099998824298  -0.2142300009727478
v  -0.0744400024414063   0.0017300000181422  -0.2195200026035309
v  -0.0632599964737892  -0.0002200000017183  -0.2242999970912933
v  -0.0520300008356571  -0.0026899999938905  -0.2294500023126602
v  -0.0408600009977818  -0.0051699997857213  -0.2353799939155579
v  -0.0293799992650747  -0.0076999999582767  -0.2416100054979324
v  -0.0166400000452995  -0.0104400003328919  -0.2446600049734116
v  -0.0035000001080334  -0.0127900000661612  -0.2435400038957596
v   0.0093200001865625  -0.0152000002563000  -0.2428999990224838
v   0.0221800003200769  -0.0176699999719858  -0.2425400018692017
v   0.0346600003540516  -0.0200299993157387  -0.2395000010728836
v   0.0465900003910065  -0.0219700001180172  -0.2346999943256378
v   0.0580600015819073  -0.0237399991601706  -0.2291599959135056
v   0.0693100020289421  -0.0254399999976158  -0.2235199958086014
v   0.0811100006103516  -0.0275699999183416  -0.2199900001287460
v   0.0926200002431870  -0.0295899994671345  -0.2156199961900711
v   0.1039400026202202  -0.0314900018274784  -0.2101099938154221
v   0.1148599982261658  -0.0334200002253056  -0.2042700052261353
v   0.1241699978709221  -0.0346900001168251  -0.1969799995422363
v   0.1328099966049194  -0.0358199998736382  -0.1892700046300888
v   0.1417299956083298  -0.0371299982070923  -0.1817499995231628
v   0.1507299989461899  -0.0384400002658367  -0.1742399930953980
v   0.1606200039386749  -0.0397900007665157  -0.1679199934005737
v   0.1701200008392334  -0.0412300005555153  -0.1610800027847290
v  -0.1694799959659576   0.0322800017893314  -0.1571699976921082
v  -0.1602600067853928   0.0304799992591143  -0.1638499945402145
v  -0.1512999981641769   0.0287800002843142  -0.1708800047636032
v  -0.1416500061750412   0.0270899999886751  -0.1776400059461594
v  -0.1308699995279312   0.0248799994587898  -0.1823000013828278
v  -0.1196200028061867   0.0224699992686510  -0.1852100044488907
v  -0.1093899980187416   0.0204000007361174  -0.1911299973726273
v  -0.1013600006699562   0.0190999992191792  -0.1993000060319901
v  -0.0924699977040291   0.0174800008535385  -0.2070199996232987
v  -0.0829999968409538   0.0156800001859665  -0.2142599970102310
v  -0.0727000012993813   0.0137000000104308  -0.2205599993467331
v  -0.0615900009870529   0.0115499999374151  -0.2259899973869324
v  -0.0502099990844727   0.0094299996271729  -0.2313199937343597
v  -0.0389100015163422   0.0071999998763204  -0.2371799945831299
v  -0.0265100002288818   0.0049499999731779  -0.2416300028562546
v  -0.0139600001275539   0.0024399999529123  -0.2437900006771088
v  -0.0011200000299141  -0.0001599999959581  -0.2445999979972839
v   0.0118100000545383  -0.0026100000832230  -0.2436999976634979
v   0.0245399996638298  -0.0051099997945130  -0.2427899986505508
v   0.0371400006115437  -0.0075699998997152  -0.2405299991369247
v   0.0492199994623661  -0.0098700001835823  -0.2362699955701828
v   0.0612399987876415  -0.0120599996298552  -0.2315399944782257
v   0.0726500004529953  -0.0141000002622604  -0.2261500060558319
v   0.0836699977517128  -0.0161499995738268  -0.2212200015783310
v   0.0950400009751320  -0.0183400008827448  -0.2172400057315826
v   0.1074300035834312  -0.0209699999541044  -0.2124300003051758
v   0.1193199977278709  -0.0233500003814697  -0.2053100019693375
v   0.1264099925756455  -0.0245099999010563  -0.1970099955797195
v   0.1348000019788742  -0.0261000003665686  -0.1898400038480759
v   0.1438799947500229  -0.0277900006622076  -0.1822099983692169
v   0.1525599956512451  -0.0293799992650747  -0.1742900013923645
v   0.1617300063371658  -0.0309999994933605  -0.1672900021076202
v   0.1705999970436096  -0.0325799994170666  -0.1597699970006943
v  -0.1676100045442581   0.0406300015747547  -0.1568800061941147
v  -0.1584800034761429   0.0390000008046627  -0.1637199968099594
v  -0.1486800014972687   0.0374099984765053  -0.1695699989795685
v  -0.1391000002622604   0.0360199995338917  -0.1758199930191040
v  -0.1282500028610230   0.0341200008988380  -0.1799100041389465
v  -0.1172299981117249   0.0323200002312660  -0.1842000037431717
v  -0.1081800013780594   0.0309500005096197  -0.1920199990272522
v  -0.0994200035929680   0.0296199992299080  -0.1994999945163727
v  -0.0901300013065338   0.0282000005245209  -0.2065400034189224
v  -0.0799499973654747   0.0266100000590086  -0.2127300053834915
v  -0.0693299993872643   0.0249600000679493  -0.2185399979352951
v  -0.0591400004923344   0.0233399998396635  -0.2256399989128113
v  -0.0480599999427795   0.0214699991047382  -0.2315700054168701
v  -0.0365500003099442   0.0195799991488457  -0.2373100072145462
v  -0.0240700002759695   0.0173799991607666  -0.2405299991369247
v  -0.0113599998876452   0.0149600002914667  -0.2419400066137314
v   0.0013800000306219   0.0127800004556775  -0.2436400055885315
v   0.0141200004145503   0.0100800003856421  -0.2429800033569336
v   0.0268399994820356   0.0075599998235703  -0.2421600073575974
v   0.0396299995481968   0.0049999998882413  -0.2413499951362610
v   0.0520399995148182   0.0023099998943508  -0.2378800064325333
v   0.0636700019240379   0.0000000000000000  -0.2322899997234345
v   0.0749799981713295  -0.0023099998943508  -0.2268799990415573
v   0.0864500030875206  -0.0047399997711182  -0.2225500047206879
v   0.0979999974370003  -0.0072099999524653  -0.2180600017309189
v   0.1093500033020973  -0.0097300000488758  -0.2123900055885315
v   0.1200700029730797  -0.0121400002390146  -0.2059600055217743
v   0.1292500048875809  -0.0144300004467368  -0.1985400021076202
v   0.1379400044679642  -0.0165999997407198  -0.1909700036048889
v   0.1462299972772598  -0.0185000002384186  -0.1827799975872040
v   0.1540399938821793  -0.0203200001269579  -0.1740300059318543
v   0.1625099927186966  -0.0222699996083975  -0.1661999970674515
v   0.1711899936199188  -0.0240000002086163  -0.1586499959230423
v  -0.1652200073003769   0.0482800006866455  -0.1558600068092346
v  -0.1554400026798248   0.0469300001859665  -0.1618099957704544
v  -0.1461600065231323   0.0458099991083145  -0.1682900041341782
v  -0.1367000043392181   0.0449299998581409  -0.1745299994945526
v  -0.1267600059509277   0.0438599996268749  -0.1792999953031540
v  -0.1156999990344048   0.0423500016331673  -0.1845699995756149
v  -0.1060400009155273   0.0414399988949299  -0.1918199956417084
v  -0.0975200012326241   0.0401900000870228  -0.1993699967861176
v  -0.0880699977278709   0.0388499982655048  -0.2061000019311905
v  -0.0774699971079826   0.0375600010156632  -0.2118300050497055
v  -0.0669799968600273   0.0362999998033047  -0.2179300040006638
v  -0.0567199997603893   0.0350200012326241  -0.2247100025415421
v  -0.0454399995505810   0.0333800017833710  -0.2303500026464462
v  -0.0337200015783310   0.0316100008785725  -0.2350099980831146
v  -0.0214399993419647   0.0294899996370077  -0.2382999956607819
v  -0.0087799998000264   0.0274299997836351  -0.2401199936866760
v   0.0037299999967217   0.0249700006097555  -0.2402199953794479
v   0.0163100007921457   0.0224399995058775  -0.2397799938917160
v   0.0289099998772144   0.0198299996554852  -0.2394199967384338
v   0.0414500012993813   0.0176199991255999  -0.2392600029706955
v   0.0541400015354157   0.0149600002914667  -0.2372599989175797
v   0.0662999972701073   0.0121200000867248  -0.2323399931192398
v   0.0770400017499924   0.0094299996271729  -0.2263700067996979
v   0.0886500030755997   0.0068600000813603  -0.2227299958467484
v   0.1003099977970123   0.0042799999937415  -0.2178100049495697
v   0.1106799989938736   0.0015300000086427  -0.2116100043058395
v   0.1207100003957748  -0.0011099999537691  -0.2053200006484985
v   0.1306499987840653  -0.0039300001226366  -0.1983399987220764
v   0.1394599974155426  -0.0067300000227988  -0.1905200034379959
v   0.1476500034332275  -0.0089299995452166  -0.1821999996900559
v   0.1558700054883957  -0.0112600000575185  -0.1739999949932098
v   0.1638299971818924  -0.0135700004175305  -0.1658100038766861
v   0.1715800017118454  -0.0159300006926060  -0.1574600040912628
v  -0.1627700030803680   0.0571400001645088  -0.1552100032567978
v  -0.1531900018453598   0.0552899986505508  -0.1611800044775009
v  -0.1435499936342239   0.0542699992656708  -0.1671400070190430
v  -0.1339599937200546   0.0536400005221367  -0.1731500029563904
v  -0.1245300024747849   0.0530700013041496  -0.1797100007534027
v  -0.1141600012779236   0.0522000007331371  -0.1851900070905685
v  -0.1044299975037575   0.0513699986040592  -0.1917199939489365
v  -0.0957800000905991   0.0507999993860722  -0.1995099931955338
v  -0.0863199979066849   0.0498099997639656  -0.2064899951219559
v  -0.0753299966454506   0.0486800000071526  -0.2113700062036514
v  -0.0640999972820282   0.0472100004553795  -0.2158299982547760
v  -0.0535399988293648   0.0461600013077259  -0.2220499962568283
v  -0.0426600016653538   0.0451399981975555  -0.2280499935150147
v  -0.0309299994260073   0.0434800013899803  -0.2324099987745285
v  -0.0187500007450581   0.0416500009596348  -0.2355699986219406
v  -0.0062500000931323   0.0393600016832352  -0.2361100018024445
v   0.0060899998061359   0.0366399995982647  -0.2347799986600876
v   0.0184400007128716   0.0343800000846386  -0.2353899925947189
v   0.0308899991214275   0.0322499983012676  -0.2362200021743774
v   0.0432499982416630   0.0297400001436472  -0.2349999994039536
v   0.0555699989199638   0.0273000001907349  -0.2332399934530258
v   0.0676399990916252   0.0243800003081560  -0.2305700033903122
v   0.0791599974036217   0.0212099999189377  -0.2264399975538254
v   0.0907799974083901   0.0185300000011921  -0.2222799956798554
v   0.1017400026321411   0.0155999995768070  -0.2167800068855286
v   0.1123899966478348   0.0126299997791648  -0.2110799998044968
v   0.1224799975752831   0.0096500003710389  -0.2046300023794174
v   0.1317899972200394   0.0065899998880923  -0.1974000036716461
v   0.1409299969673157   0.0035999999381602  -0.1900800019502640
v   0.1491100043058395   0.0007699999841861  -0.1817000061273575
v   0.1574900001287460  -0.0020600000862032  -0.1737699955701828
v   0.1656800061464310  -0.0048600002191961  -0.1659699976444244
v   0.1731099933385849  -0.0069400002248585  -0.1573700010776520
v  -0.1598899960517883   0.0641700029373169  -0.1536100059747696
v  -0.1509499996900559   0.0637200027704239  -0.1605100035667419
v  -0.1413200050592423   0.0628499984741211  -0.1666200011968613
v  -0.1312700062990189   0.0623899996280670  -0.1721100062131882
v  -0.1218200027942658   0.0623399987816811  -0.1787600070238113
v  -0.1116200014948845   0.0616700015962124  -0.1842799931764603
v  -0.1017000004649162   0.0610899999737740  -0.1902800053358078
v  -0.0929199978709221   0.0610099993646145  -0.1976500004529953
v  -0.0837000012397766   0.0607799999415875  -0.2049400061368942
v  -0.0720399990677834   0.0590800009667873  -0.2082699984312058
v  -0.0610399991273880   0.0578900016844273  -0.2129400074481964
v  -0.0508299991488457   0.0574200004339218  -0.2197699993848801
v  -0.0396599993109703   0.0563100017607212  -0.2249000072479248
v  -0.0280200000852346   0.0548800006508827  -0.2284699976444244
v  -0.0160099994391203   0.0531900003552437  -0.2312600016593933
v  -0.0036400000099093   0.0508599989116192  -0.2313700020313263
v   0.0084400000050664   0.0483699999749661  -0.2302300035953522
v   0.0204799994826317   0.0460500009357929  -0.2307099997997284
v   0.0326999984681606   0.0439300015568733  -0.2310999929904938
v   0.0446100011467934   0.0410999990999699  -0.2291900068521500
v   0.0567599982023239   0.0388900004327297  -0.2283899933099747
v   0.0688600018620491   0.0362499989569187  -0.2272599935531616
v   0.0808599963784218   0.0333300009369850  -0.2247399985790253
v   0.0924900025129318   0.0302700009196997  -0.2210199981927872
v   0.1036299988627434   0.0270499996840954  -0.2163800001144409
v   0.1138999983668327   0.0237300004810095  -0.2098100036382675
v   0.1239899992942810   0.0203399993479252  -0.2033600062131882
v   0.1335799992084503   0.0171300005167723  -0.1969700008630753
v   0.1424400061368942   0.0138699999079108  -0.1896599978208542
v   0.1509599983692169   0.0105100004002452  -0.1816300004720688
v   0.1599300056695938   0.0071299998089671  -0.1740899980068207
v   0.1676300019025803   0.0039400001987815  -0.1661799997091293
v   0.1749500036239624   0.0007399999885820  -0.1580500006675720
v  -0.1565700024366379   0.0724800005555153  -0.1517499983310700
v  -0.1474699974060059   0.0713300034403801  -0.1583299934864044
v  -0.1375299990177155   0.0708300024271011  -0.1638199985027313
v  -0.1280000060796738   0.0708400011062622  -0.1700100004673004
v  -0.1184900030493736   0.0712300017476082  -0.1763300001621246
v  -0.1085299998521805   0.0708699971437454  -0.1821800023317337
v  -0.0986500009894371   0.0707100033760071  -0.1881600022315979
v  -0.0894600003957748   0.0707700029015541  -0.1950400024652481
v  -0.0794899985194206   0.0703599974513054  -0.2007499933242798
v  -0.0689800009131432   0.0695199966430664  -0.2057300060987473
v  -0.0580199994146824   0.0684600025415421  -0.2100200057029724
v  -0.0472999997437000   0.0677599981427193  -0.2152400016784668
v  -0.0364499986171722   0.0670500025153160  -0.2204000055789948
v  -0.0248799994587898   0.0657100006937981  -0.2235500067472458
v  -0.0132099995389581   0.0643000006675720  -0.2262299954891205
v  -0.0012499999720603   0.0625599995255470  -0.2277899980545044
v   0.0106600001454353   0.0599899999797344  -0.2270500063896179
v   0.0225300006568432   0.0575199984014034  -0.2263399958610535
v   0.0342699997127056   0.0547499991953373  -0.2250600010156632
v   0.0460500009357929   0.0522500015795231  -0.2241600006818771
v   0.0578499995172024   0.0497200004756451  -0.2230000048875809
v   0.0697799995541573   0.0472499988973141  -0.2219599932432175
v   0.0819299966096878   0.0449599996209145  -0.2211100012063980
v   0.0935800001025200   0.0419000014662743  -0.2182800024747849
v   0.1047199964523315   0.0386399999260902  -0.2139299958944321
v   0.1148400008678436   0.0348600000143051  -0.2077600061893463
v   0.1248499974608421   0.0312500000000000  -0.2016299962997437
v   0.1342799961566925   0.0276500005275011  -0.1949899941682816
v   0.1441099941730499   0.0240100007504225  -0.1890199929475784
v   0.1530099958181381   0.0203200001269579  -0.1817999929189682
v   0.1611900031566620   0.0166200008243322  -0.1738999933004379
v   0.1687400043010712   0.0129699995741248  -0.1657100021839142
v   0.1761499941349030   0.0103799998760223  -0.1573199927806854
v  -0.1540099978446960   0.0792599990963936  -0.1503600031137466
v  -0.1431999951601028   0.0784000009298325  -0.1548600047826767
v  -0.1335799992084503   0.0778499990701675  -0.1606599986553192
v  -0.1237599998712540   0.0788799971342087  -0.1667400002479553
v  -0.1145799979567528   0.0793400034308434  -0.1729000061750412
v  -0.1052900031208992   0.0803600028157234  -0.1799400001764298
v  -0.0965899974107742   0.0810699984431267  -0.1876100003719330
v  -0.0866699963808060   0.0811399966478348  -0.1935900002717972
v  -0.0759899988770485   0.0802399963140488  -0.1976799964904785
v  -0.0656299963593483   0.0797400027513504  -0.2024700045585632
v  -0.0548899993300438   0.0787599980831146  -0.2064500004053116
v  -0.0442400015890598   0.0784199982881546  -0.2115699946880341
v  -0.0336299985647202   0.0781000033020973  -0.2168499976396561
v  -0.0222500003874302   0.0771199986338615  -0.2202900052070618
v  -0.0105600003153086   0.0755999982357025  -0.2222300022840500
v   0.0011599999852479   0.0735500007867813  -0.2227700054645538
v   0.0128499995917082   0.0713199973106384  -0.2225500047206879
v   0.0243400000035763   0.0684000030159950  -0.2210599929094315
v   0.0359600000083447   0.0659599974751473  -0.2204000055789948
v   0.0476099997758865   0.0636499971151352  -0.2201800048351288
v   0.0591400004923344   0.0609100013971329  -0.2188400030136108
v   0.0707300007343292   0.0583500005304813  -0.2174099981784821
v   0.0827199965715408   0.0561399981379509  -0.2167800068855286
v   0.0939899981021881   0.0529999993741512  -0.2138900011777878
v   0.1050600036978722   0.0496900007128716  -0.2104800045490265
v   0.1157699972391129   0.0460500009357929  -0.2056799978017807
v   0.1255300045013428   0.0421499982476234  -0.1991599947214127
v   0.1351500004529953   0.0381999984383583  -0.1931699961423874
v   0.1448500007390976   0.0341500006616116  -0.1872099936008453
v   0.1536799967288971   0.0302499998360872  -0.1803199946880341
v   0.1617700010538101   0.0261499993503094  -0.1726599931716919
v   0.1695400029420853   0.0220999997109175  -0.1648100018501282
v   0.1767400056123734   0.0179699994623661  -0.1565600037574768
v  -0.1490000039339066   0.0876300036907196  -0.1464899927377701
v  -0.1388999968767166   0.0860799998044968  -0.1516900062561035
v  -0.1291099935770035   0.0868600010871887  -0.1581400036811829
v  -0.1195600032806397   0.0880500003695488  -0.1643300056457520
v  -0.1106700003147125   0.0895299986004829  -0.1711100041866303
v  -0.1019800007343292   0.0905800014734268  -0.1780900061130524
v  -0.0938500016927719   0.0917000025510788  -0.1860499978065491
v  -0.0841699987649918   0.0919300019741058  -0.1923400014638901
v  -0.0737200006842613   0.0913200005888939  -0.1971800029277802
v  -0.0624499991536140   0.0902300029993057  -0.1994699984788895
v  -0.0519100017845631   0.0895700007677078  -0.2034900039434433
v  -0.0416500009596348   0.0895399972796440  -0.2088900059461594
v  -0.0311099998652935   0.0896800011396408  -0.2143699973821640
v  -0.0196000002324581   0.0887200012803078  -0.2174299955368042
v  -0.0078900000080466   0.0861300006508827  -0.2169100046157837
v   0.0034300000406802   0.0836599990725517  -0.2163400053977966
v   0.0147500000894070   0.0814300030469894  -0.2161400020122528
v   0.0259600002318621   0.0786300003528595  -0.2148399949073792
v   0.0374599993228912   0.0767799988389015  -0.2153200060129166
v   0.0489099994301796   0.0746299996972084  -0.2152300029993057
v   0.0603200010955334   0.0721800029277802  -0.2144600003957748
v   0.0716999992728233   0.0695599988102913  -0.2131299972534180
v   0.0831200033426285   0.0669400021433830  -0.2116599977016449
v   0.0942400023341179   0.0638099983334541  -0.2092500030994415
v   0.1052400022745132   0.0604799985885620  -0.2062399983406067
v   0.1160800009965897   0.0568999983370304  -0.2023199945688248
v   0.1261900067329407   0.0529199987649918  -0.1969899982213974
v   0.1357900053262711   0.0487900003790855  -0.1911000013351440
v   0.1449899971485138   0.0445300005376339  -0.1847800016403198
v   0.1538899987936020   0.0401900000870228  -0.1782100051641464
v   0.1624999940395355   0.0358199998736382  -0.1713699996471405
v   0.1706400066614151   0.0313500016927719  -0.1642300039529800
v   0.1782699972391129   0.0283400006592274  -0.1562799960374832
v  -0.1462199985980988   0.0940599963068962  -0.1442500054836273
v  -0.1352600008249283   0.0947799980640411  -0.1500499993562698
v  -0.1251599937677383   0.0958399996161461  -0.1569299995899200
v  -0.1161900013685226   0.0980499982833862  -0.1632499992847443
v  -0.1071100011467934   0.1005299985408783  -0.1698700040578842
v  -0.0988200008869171   0.1009600013494492  -0.1764400005340576
v  -0.0903099998831749   0.1018899977207184  -0.1831199973821640
v  -0.0812200009822846   0.1025499999523163  -0.1899800002574921
v  -0.0701500028371811   0.1020599976181984  -0.1941500008106232
v  -0.0594599992036819   0.1007400006055832  -0.1965399980545044
v  -0.0493599995970726   0.1003699973225594  -0.2009499967098236
v  -0.0389299988746643   0.1006100028753281  -0.2059199959039688
v  -0.0279799997806549   0.1002900004386902  -0.2096299976110458
v  -0.0166100002825260   0.0992500036954880  -0.2122199982404709
v  -0.0052100000903010   0.0961500033736229  -0.2109699994325638
v   0.0056799999438226   0.0939100012183189  -0.2105399966239929
v   0.0166900008916855   0.0918300002813339  -0.2102500051259995
v   0.0276399999856949   0.0891499966382980  -0.2093800008296967
v   0.0388099998235703   0.0872199982404709  -0.2094900012016296
v   0.0500600002706051   0.0854400023818016  -0.2099999934434891
v   0.0611100010573864   0.0827099978923798  -0.2086700052022934
v   0.0722199976444244   0.0800300016999245  -0.2074099928140640
v   0.0835599973797798   0.0777399986982346  -0.2067600041627884
v   0.0946199968457222   0.0748199969530106  -0.2051499933004379
v   0.1053700000047684   0.0713099986314774  -0.2021799981594086
v   0.1159600019454956   0.0675100013613701  -0.1982100009918213
v   0.1264999955892563   0.0636200010776520  -0.1941200047731400
v   0.1360799968242645   0.0593699999153614  -0.1884700059890747
v   0.1452700048685074   0.0549100004136562  -0.1824800074100494
v   0.1541099995374680   0.0502500012516975  -0.1760800033807755
v   0.1630000025033951   0.0454000011086464  -0.1697500050067902
v   0.1712100058794022   0.0407899990677834  -0.1630499958992004
v   0.1790300011634827   0.0359000004827976  -0.1558600068092346
v  -0.1424800008535385   0.1044899970293045  -0.1442299932241440
v  -0.1325699985027313   0.1041200011968613  -0.1500400006771088
v  -0.1221700012683868   0.1056400015950203  -0.1557600051164627
v  -0.1131099984049797   0.1079799979925156  -0.1623100042343140
v  -0.1047900021076202   0.1100900024175644  -0.1691700071096420
v  -0.0960600003600121   0.1110299974679947  -0.1753199994564056
v  -0.0866200029850006   0.1112900003790855  -0.1803700029850006
v  -0.0768399983644486   0.1115199998021126  -0.1849599927663803
v  -0.0665099993348122   0.1111499965190888  -0.1885900050401688
v  -0.0562900006771088   0.1109300032258034  -0.1928299963474274
v  -0.0459700003266335   0.1107700020074844  -0.1971199959516525
v  -0.0357099995017052   0.1112499982118607  -0.2019699960947037
v  -0.0247099995613098   0.1104699969291687  -0.2043000012636185
v  -0.0136200003325939   0.1088699996471405  -0.2055899947881699
v  -0.0026499999221414   0.1067999973893166  -0.2057700008153915
v   0.0081099998205900   0.1045899987220764  -0.2055799961090088
v   0.0185400005429983   0.1015900000929833  -0.2039099931716919
v   0.0292700007557869   0.0996199995279312  -0.2039500027894974
v   0.0401300005614758   0.0978799983859062  -0.2042199969291687
v   0.0509300008416176   0.0953800007700920  -0.2035100013017654
v   0.0617399998009205   0.0926700010895729  -0.2023199945688248
v   0.0724999979138374   0.0899500027298927  -0.2010499984025955
v   0.0837400034070015   0.0881699994206429  -0.2015299946069717
v   0.0946599990129471   0.0853499993681908  -0.1999499946832657
v   0.1054299995303154   0.0820600017905235  -0.1975699961185455
v   0.1161300018429756   0.0783900022506714  -0.1946199983358383
v   0.1264699995517731   0.0743499994277954  -0.1906699985265732
v   0.1358699947595596   0.0698899999260902  -0.1851900070905685
v   0.1448799967765808   0.0652299970388413  -0.1792999953031540
v   0.1532399952411652   0.0601599998772144  -0.1727299988269806
v   0.1625400036573410   0.0553699992597103  -0.1673700064420700
v   0.1713300049304962   0.0504099987447262  -0.1613599956035614
v   0.1794199943542481   0.0471299998462200  -0.1540900021791458
v  -0.1396999955177307   0.1113499999046326  -0.1431600004434586
v  -0.1287699937820435   0.1129499971866608  -0.1484300047159195
v  -0.1188300028443337   0.1152200028300285  -0.1551800072193146
v  -0.1111899986863136   0.1180699989199638  -0.1624200046062470
v  -0.1028200015425682   0.1209399998188019  -0.1690600067377091
v  -0.0932400003075600   0.1208000034093857  -0.1742199957370758
v  -0.0828000009059906   0.1200700029730797  -0.1769399940967560
v  -0.0727000012993813   0.1197400018572807  -0.1793400049209595
v  -0.0632100030779839   0.1207000017166138  -0.1834799945354462
v  -0.0529000014066696   0.1208600029349327  -0.1884299963712692
v  -0.0423399992287159   0.1205699965357781  -0.1926199942827225
v  -0.0320100001990795   0.1205599978566170  -0.1958699971437454
v  -0.0213099997490644   0.1196900010108948  -0.1979199945926666
v  -0.0107100000604987   0.1181500032544136  -0.1987500041723251
v  -0.0000599999984843   0.1168999969959259  -0.1998700052499771
v   0.0103299999609590   0.1143599972128868  -0.1991900056600571
v   0.0205499995499849   0.1117699965834618  -0.1982399970293045
v   0.0309100002050400   0.1097699999809265  -0.1981700062751770
v   0.0410199984908104   0.1073800027370453  -0.1974100023508072
v   0.0513399988412857   0.1037599965929985  -0.1949000060558319
v   0.0621500015258789   0.1017900034785271  -0.1948900073766708
v   0.0728799998760223   0.1004600003361702  -0.1957499980926514
v   0.0836400017142296   0.0982400029897690  -0.1953299939632416
v   0.0940899997949600   0.0949499979615212  -0.1931100040674210
v   0.1045100018382072   0.0917299985885620  -0.1909199953079224
v   0.1153199970722199   0.0885299965739250  -0.1891199946403503
v   0.1260100007057190   0.0848100036382675  -0.1865299940109253
v   0.1358499974012375   0.0805699974298477  -0.1819400042295456
v   0.1441600024700165   0.0754700005054474  -0.1757600009441376
v   0.1532000005245209   0.0705400034785271  -0.1703799962997437
v   0.1619299948215485   0.0652899965643883  -0.1646399945020676
v   0.1704899966716766   0.0601500011980534  -0.1585599929094315
v   0.1792400032281876   0.0546300001442432  -0.1526699960231781
v  -0.1338299959897995   0.1208999976515770  -0.1396500021219254
v  -0.1244599968194962   0.1213100031018257  -0.1461499929428101
v  -0.1160499975085259   0.1245800033211708  -0.1541000008583069
v  -0.1077499985694885   0.1273200064897537  -0.1609299927949905
v  -0.0995000004768372   0.1294399946928024  -0.1671700030565262
v  -0.0897900015115738   0.1297899931669235  -0.1711300015449524
v  -0.0794100016355515   0.1289999932050705  -0.1729899942874908
v  -0.0690800026059151   0.1285399943590164  -0.1749500036239624
v  -0.0592699982225895   0.1296000033617020  -0.1791200041770935
v  -0.0494499988853931   0.1308899968862534  -0.1843000054359436
v  -0.0389200001955032   0.1307000070810318  -0.1877299994230270
v  -0.0282899998128414   0.1292800009250641  -0.1888699978590012
v  -0.0180699992924929   0.1280699968338013  -0.1901700049638748
v  -0.0078600002452731   0.1269599944353104  -0.1914899945259094
v   0.0023000000510365   0.1255699992179871  -0.1922399997711182
v   0.0124800000339746   0.1241199970245361  -0.1928499937057495
v   0.0225900001823902   0.1221600025892258  -0.1928000003099442
v   0.0322900004684925   0.1191200017929077  -0.1910600066184998
v   0.0421699993312359   0.1164000034332275  -0.1899199932813644
v   0.0522300004959106   0.1139200031757355  -0.1889899969100952
v   0.0625199973583221   0.1118400022387505  -0.1886499971151352
v   0.0729999989271164   0.1102399975061417  -0.1892199963331223
v   0.0834399983286858   0.1078799962997437  -0.1886699944734573
v   0.0939399972558022   0.1052300035953522  -0.1876700073480606
v   0.1038900017738342   0.1014200001955032  -0.1847700029611588
v   0.1142000034451485   0.0982199981808662  -0.1827899962663651
v   0.1248300001025200   0.0951900035142899  -0.1811800003051758
v   0.1349299997091293   0.0911799967288971  -0.1778399944305420
v   0.1443399935960770   0.0863400027155876  -0.1733800023794174
v   0.1539700031280518   0.0816200003027916  -0.1691100001335144
v   0.1622100025415421   0.0760599970817566  -0.1627600044012070
v   0.1705700010061264   0.0704199969768524  -0.1567700058221817
v   0.1793300062417984   0.0668400004506111  -0.1506199985742569
v  -0.1314100027084351   0.1276299953460693  -0.1384499967098236
v  -0.1213999986648560   0.1304299980401993  -0.1450199931859970
v  -0.1110100001096726   0.1330199986696243  -0.1517399996519089
v  -0.1029400005936623   0.1349699944257736  -0.1573099941015244
v  -0.0947899967432022   0.1367399990558624  -0.1630499958992004
v  -0.0851999968290329   0.1368200033903122  -0.1651999950408936
v  -0.0755600035190582   0.1362800002098084  -0.1671600043773651
v  -0.0651099979877472   0.1371899992227554  -0.1702300012111664
v  -0.0553699992597103   0.1382700055837631  -0.1739200055599213
v  -0.0455499999225140   0.1398400068283081  -0.1786199957132340
v  -0.0346900001168251   0.1398299932479858  -0.1815399974584580
v  -0.0248399991542101   0.1385200023651123  -0.1826699972152710
v  -0.0150199998170137   0.1371700018644333  -0.1836699992418289
v  -0.0051000001840293   0.1366200000047684  -0.1855400055646896
v   0.0048099998384714   0.1347900032997131  -0.1857399940490723
v   0.0145899998024106   0.1332899928092957  -0.1858599931001663
v   0.0241199992597103   0.1311600059270859  -0.1847299933433533
v   0.0337699986994267   0.1285099983215332  -0.1842299997806549
v   0.0435799993574619   0.1265600025653839  -0.1844400018453598
v   0.0532700009644032   0.1241599991917610  -0.1833900064229965
v   0.0627000033855438   0.1214800029993057  -0.1816499978303909
v   0.0729100033640862   0.1195100024342537  -0.1820500046014786
v   0.0830899998545647   0.1173999980092049  -0.1820500046014786
v   0.0936900004744530   0.1155399978160858  -0.1821999996900559
v   0.1035000011324883   0.1116700023412705  -0.1794700026512146
v   0.1131099984049797   0.1079699993133545  -0.1767800003290176
v   0.1232400014996529   0.1052199974656105  -0.1754100024700165
v   0.1334100067615509   0.1011700034141541  -0.1724199950695038
v   0.1433299928903580   0.0968500003218651  -0.1690600067377091
v   0.1528600007295609   0.0920500010251999  -0.1651100069284439
v   0.1616400033235550   0.0866499990224838  -0.1598400026559830
v   0.1705400049686432   0.0808999985456467  -0.1548199951648712
v   0.1789499968290329   0.0745600014925003  -0.1491499990224838
v  -0.1254999935626984   0.1377000063657761  -0.1351999938488007
v  -0.1169800013303757   0.1384699940681458  -0.1419200003147125
v  -0.1071600019931793   0.1404200047254562  -0.1474500000476837
v  -0.0984200015664101   0.1423799991607666  -0.1529600024223328
v  -0.0893699973821640   0.1430000066757202  -0.1570000052452087
v  -0.0797500014305115   0.1431999951601028  -0.1590200066566467
v  -0.0700599998235703   0.1440899968147278  -0.1613000035285950
v  -0.0604300014674664   0.1456200033426285  -0.1648299992084503
v  -0.0507600009441376   0.1470299959182739  -0.1685100048780441
v  -0.0410499982535839   0.1481000036001205  -0.1721300035715103
v  -0.0311299990862608   0.1480599939823151  -0.1744199991226196
v  -0.0214900001883507   0.1476200073957443  -0.1763100028038025
v  -0.0119599997997284   0.1472000032663345  -0.1782200038433075
v  -0.0022700000554323   0.1462099999189377  -0.1793700009584427
v   0.0072900000959635   0.1439200043678284  -0.1788599938154221
v   0.0164700001478195   0.1411900073289871  -0.1776099950075150
v   0.0256699994206429   0.1385599970817566  -0.1764899939298630
v   0.0352599993348122   0.1375000029802322  -0.1772799938917160
v   0.0449500009417534   0.1366699934005737  -0.1788100004196167
v   0.0543799996376038   0.1345199942588806  -0.1781300008296967
v   0.0635600015521050   0.1317099928855896  -0.1766099929809570
v   0.0729499980807304   0.1289200037717819  -0.1753100007772446
v   0.0826499983668327   0.1265300065279007  -0.1748500019311905
v   0.0927399992942810   0.1246199980378151  -0.1749400049448013
v   0.1022199988365173   0.1210800036787987  -0.1727800071239471
v   0.1115799993276596   0.1173100024461746  -0.1703100055456162
v   0.1214499995112419   0.1141699999570847  -0.1686100065708160
v   0.1315100044012070   0.1105500012636185  -0.1663199961185455
v   0.1410800069570541   0.1060900017619133  -0.1629199981689453
v   0.1504400074481964   0.1013500019907951  -0.1593199968338013
v   0.1597000062465668   0.0964099988341332  -0.1553499996662140
v   0.1693000048398972   0.0913200005888939  -0.1515599936246872
v   0.1778199970722199   0.0877799987792969  -0.1457400023937225
v  -0.1212399974465370   0.1430400013923645  -0.1320700049400330
v  -0.1118099987506867   0.1460600048303604  -0.1377499997615814
v  -0.1020200029015541   0.1477099955081940  -0.1429000049829483
v  -0.0926999971270561   0.1486500054597855  -0.1465899944305420
v  -0.0839100033044815   0.1492300033569336  -0.1511600017547607
v  -0.0744699984788895   0.1514900028705597  -0.1539800018072128
v  -0.0652199983596802   0.1528300046920776  -0.1568000018596649
v  -0.0560100004076958   0.1552399992942810  -0.1606300026178360
v  -0.0462299995124340   0.1562500000000000  -0.1633999943733215
v  -0.0367200002074242   0.1559000015258789  -0.1649399995803833
v  -0.0272100009024143   0.1557900011539459  -0.1669300049543381
v  -0.0180300008505583   0.1558199971914291  -0.1689700037240982
v  -0.0088299997150898   0.1555899977684021  -0.1706299930810928
v   0.0005699999746867   0.1544999927282333  -0.1716600060462952
v   0.0098000001162291   0.1525299996137619  -0.1714700013399124
v   0.0186400003731251   0.1500400006771088  -0.1706800013780594
v   0.0276100002229214   0.1477199941873550  -0.1702000051736832
v   0.0367899984121323   0.1466400027275085  -0.1706600040197372
v   0.0460699982941151   0.1460700035095215  -0.1719799935817719
v   0.0551600009202957   0.1439000070095062  -0.1713799983263016
v   0.0639899969100952   0.1412599980831146  -0.1700199991464615
v   0.0730400010943413   0.1386100053787231  -0.1691199988126755
v   0.0823500007390976   0.1364099979400635  -0.1687500029802322
v   0.0916600003838539   0.1334999948740006  -0.1675399988889694
v   0.1007900014519692   0.1303399950265884  -0.1659599989652634
v   0.1099800020456314   0.1266500055789948  -0.1637800037860870
v   0.1192499995231628   0.1231200024485588  -0.1617400050163269
v   0.1291099935770035   0.1195100024342537  -0.1596799939870834
v   0.1385000050067902   0.1147900000214577  -0.1565800011157990
v   0.1474200040102005   0.1102799996733666  -0.1531199961900711
v   0.1565999984741211   0.1057500019669533  -0.1496800035238266
v   0.1663399934768677   0.1006899997591972  -0.1462700068950653
v   0.1764000058174133   0.0959199965000153  -0.1431799978017807
v  -0.1146000027656555   0.1537600010633469  -0.1277599930763245
v  -0.1067600026726723   0.1546600013971329  -0.1337700039148331
v  -0.0968699976801872   0.1561699956655502  -0.1375800073146820
v  -0.0874499976634979   0.1574199944734573  -0.1413200050592423
v  -0.0785500034689903   0.1592099964618683  -0.1454000025987625
v  -0.0697200000286102   0.1613699942827225  -0.1492999941110611
v  -0.0606799982488155   0.1633799970149994  -0.1526100039482117
v  -0.0512700006365776   0.1643600016832352  -0.1550900042057037
v  -0.0417100004851818   0.1641899943351746  -0.1565600037574768
v  -0.0324500016868115   0.1637299954891205  -0.1578200012445450
v  -0.0233600009232759   0.1632999926805496  -0.1592099964618683
v  -0.0144499996677041   0.1633899956941605  -0.1610900014638901
v  -0.0055700000375509   0.1628900021314621  -0.1623499989509583
v   0.0033199999015778   0.1616200059652329  -0.1629000008106232
v   0.0121600003913045   0.1603700071573257  -0.1634500026702881
v   0.0208000000566244   0.1589999943971634  -0.1637600064277649
v   0.0293700005859137   0.1575600057840347  -0.1639499962329865
v   0.0381200015544891   0.1563500016927719  -0.1644899994134903
v   0.0468299984931946   0.1545699983835220  -0.1642599999904633
v   0.0553600005805492   0.1521500051021576  -0.1633200049400330
v   0.0637999996542931   0.1493099927902222  -0.1619099974632263
v   0.0726699978113174   0.1472000032663345  -0.1615200042724609
v   0.0816499963402748   0.1449699997901917  -0.1611099988222122
v   0.0902500003576279   0.1416600048542023  -0.1595200002193451
v   0.0992200002074242   0.1388600021600723  -0.1583999991416931
v   0.1082099974155426   0.1357800066471100  -0.1569599956274033
v   0.1173899993300438   0.1326400041580200  -0.1554400026798248
v   0.1264899969100952   0.1288000047206879  -0.1533800065517426
v   0.1355399936437607   0.1245300024747849  -0.1507000029087067
v   0.1444000005722046   0.1195700019598007  -0.1473699957132340
v   0.1537099927663803   0.1146600022912026  -0.1441899985074997
v   0.1633100062608719   0.1098299995064735  -0.1409199982881546
v   0.1726000010967255   0.1076899990439415  -0.1367599964141846
v  -0.1106700003147125   0.1606799960136414  -0.1253100037574768
v  -0.1037800014019013   0.1627800017595291  -0.1287100017070770
v  -0.0921299979090691   0.1659799963235855  -0.1334699988365173
v  -0.0852300003170967   0.1674599945545197  -0.1370400041341782
v  -0.0738499984145165   0.1699600070714951  -0.1416399925947189
v  -0.0666600018739700   0.1709599941968918  -0.1438899934291840
v  -0.0551199987530708   0.1719499975442886  -0.1460600048303604
v  -0.0476600006222725   0.1715999990701675  -0.1471800059080124
v  -0.0369499996304512   0.1723600029945374  -0.1497199982404709
v  -0.0296599995344877   0.1722600013017654  -0.1511500030755997
v  -0.0195300001651049   0.1720200031995773  -0.1527899950742722
v  -0.0119399996474385   0.1715700030326843  -0.1537699997425079
v  -0.0023399998899549   0.1710100024938583  -0.1549800038337708
v   0.0054999999701977   0.1695600003004074  -0.1551100015640259
v   0.0147200003266335   0.1680500060319901  -0.1554200053215027
v   0.0226000007241964   0.1671900004148483  -0.1560100018978119
v   0.0308299995958805   0.1663800030946732  -0.1565999984741211
v   0.0395900011062622   0.1648599952459335  -0.1568499952554703
v   0.0473800003528595   0.1624000072479248  -0.1559599936008453
v   0.0561500005424023   0.1598999947309494  -0.1550900042057037
v   0.0637700036168098   0.1582700014114380  -0.1546899974346161
v   0.0734599977731705   0.1561599969863892  -0.1546200066804886
v   0.0809599980711937   0.1537400037050247  -0.1536899954080582
v   0.0901700034737587   0.1494999974966049  -0.1515299975872040
v   0.0973000004887581   0.1470099985599518  -0.1505700051784515
v   0.1077700033783913   0.1438499987125397  -0.1493999958038330
v   0.1147300004959106   0.1415099948644638  -0.1484400033950806
v   0.1258800029754639   0.1377499997615814  -0.1470299959182739
v   0.1326600015163422   0.1348000019788742  -0.1454399973154068
v   0.1445900052785873   0.1289599984884262  -0.1423700004816055
v   0.1511600017547607   0.1241400018334389  -0.1394000053405762
v   0.1624500006437302   0.1177700012922287  -0.1347399950027466
v   0.1695600003004074   0.1140199974179268  -0.1319299936294556
f                  1        35         2
f                  1        34        35
f                 34        68        35
f                 34        67        68
f                 67       101        68
f                 67       100       101
f                100       134       101
f                100       133       134
f                133       167       134
f                133       166       167
f                166       200       167
f                166       199       200
f                199       233       200
f                199       232       233
f                232       266       233
f                232       265       266
f                265       299       266
f                265       298       299
f                298       332       299
f                298       331       332
f                331       365       332
f                331       364       365
f                364       398       365
f                364       397       398
f                397       431       398
f                397       430       431
f                430       464       431
f                430       463       464
f                463       497       464
f                463       496       497
f                496       530       497
f                496       529       530
f                529       563       530
f                529       562       563
f                562       596       563
f                562       595       596
f                595       628       596
f                596       628       629
f                628       661       629
f                629       661       662
f                661       694       662
f                662       694       695
f                694       727       695
f                695       727       728
f                727       760       728
f                728       760       761
f                760       793       761
f                761       793       794
f                793       826       794
f                794       826       827
f                826       859       827
f                827       859       860
f                859       892       860
f                860       892       893
f                892       925       893
f                893       925       926
f                925       958       926
f                926       958       959
f                958       991       959
f                959       991       992
f                991      1024       992
f                992      1024      1025
f               1024      1057      1025
f               1025      1057      1058
f                  2        36         3
f                  2        35        36
f                 35        69        36
f                 35        68        69
f                 68       102        69
f                 68       101       102
f                101       135       102
f                101       134       135
f                134       168       135
f                134       167       168
f                167       201       168
f                167       200       201
f                200       234       201
f                200       233       234
f                233       267       234
f                233       266       267
f                266       300       267
f                266       299       300
f                299       333       300
f                299       332       333
f                332       366       333
f                332       365       366
f                365       399       366
f                365       398       399
f                398       432       399
f                398       431       432
f                431       465       432
f                431       464       465
f                464       498       465
f                464       497       498
f                497       531       498
f                497       530       531
f                530       564       531
f                530       563       564
f                563       597       564
f                563       596       597
f                596       629       597
f                597       629       630
f                629       662       630
f                630       662       663
f                662       695       663
f                663       695       696
f                695       728       696
f                696       728       729
f                728       761       729
f                729       761       762
f                761       794       762
f                762       794       795
f                794       827       795
f                795       827       828
f                827       860       828
f                828       860       861
f                860       893       861
f                861       893       894
f                893       926       894
f                894       926       927
f                926       959       927
f                927       959       960
f                959       992       960
f                960       992       993
f                992      1025       993
f                993      1025      1026
f               1025      1058      1026
f               1026      1058      1059
f                  3        37         4
f                  3        36        37
f                 36        70        37
f                 36        69        70
f                 69       103        70
f                 69       102       103
f                102       136       103
f                102       135       136
f                135       169       136
f                135       168       169
f                168       202       169
f                168       201       202
f                201       235       202
f                201       234       235
f                234       268       235
f                234       267       268
f                267       301       268
f                267       300       301
f                300       334       301
f                300       333       334
f                333       367       334
f                333       366       367
f                366       400       367
f                366       399       400
f                399       433       400
f                399       432       433
f                432       466       433
f                432       465       466
f                465       499       466
f                465       498       499
f                498       532       499
f                498       531       532
f                531       565       532
f                531       564       565
f                564       597       565
f                565       597       598
f                597       630       598
f                598       630       631
f                630       663       631
f                631       663       664
f                663       696       664
f                664       696       697
f                696       729       697
f                697       729       730
f                729       762       730
f                730       762       763
f                762       795       763
f                763       795       796
f                795       828       796
f                796       828       829
f                828       861       829
f                829       861       862
f                861       894       862
f                862       894       895
f                894       927       895
f                895       927       928
f                927       960       928
f                928       960       961
f                960       993       961
f                961       993       994
f                993      1026       994
f                994      1026      1027
f               1026      1059      1027
f               1027      1059      1060
f                  4        38         5
f                  4        37        38
f                 37        71        38
f                 37        70        71
f                 70       104        71
f                 70       103       104
f                103       137       104
f                103       136       137
f                136       170       137
f                136       169       170
f                169       203       170
f                169       202       203
f                202       236       203
f                202       235       236
f                235       269       236
f                235       268       269
f                268       302       269
f                268       301       302
f                301       335       302
f                301       334       335
f                334       368       335
f                334       367       368
f                367       401       368
f                367       400       401
f                400       434       401
f                400       433       434
f                433       467       434
f                433       466       467
f                466       500       467
f                466       499       500
f                499       533       500
f                499       532       533
f                532       565       533
f                533       565       566
f                565       598       566
f                566       598       599
f                598       631       599
f                599       631       632
f                631       664       632
f                632       664       665
f                664       697       665
f                665       697       698
f                697       730       698
f                698       730       731
f                730       763       731
f                731       763       764
f                763       796       764
f                764       796       797
f                796       829       797
f                797       829       830
f                829       862       830
f                830       862       863
f                862       895       863
f                863       895       896
f                895       928       896
f                896       928       929
f                928       961       929
f                929       961       962
f                961       994       962
f                962       994       995
f                994      1027       995
f                995      1027      1028
f               1027      1060      1028
f               1028      1060      1061
f                  5        39         6
f                  5        38        39
f                 38        72        39
f                 38        71        72
f                 71       105        72
f                 71       104       105
f                104       138       105
f                104       137       138
f                137       171       138
f                137       170       171
f                170       204       171
f                170       203       204
f                203       237       204
f                203       236       237
f                236       270       237
f                236       269       270
f                269       303       270
f                269       302       303
f                302       336       303
f                302       335       336
f                335       369       336
f                335       368       369
f                368       402       369
f                368       401       402
f                401       435       402
f                401       434       435
f                434       468       435
f                434       467       468
f                467       501       468
f                467       500       501
f                500       534       501
f                500       533       534
f                533       566       534
f                534       566       567
f                566       599       567
f                567       599       600
f                599       632       600
f                600       632       633
f                632       665       633
f                633       665       666
f                665       698       666
f                666       698       699
f                698       731       699
f                699       731       732
f                731       764       732
f                732       764       765
f                764       797       765
f                765       797       798
f                797       830       798
f                798       830       831
f                830       863       831
f                831       863       864
f                863       896       864
f                864       896       897
f                896       929       897
f                897       929       930
f                929       962       930
f                930       962       963
f                962       995       963
f                963       995       996
f                995      1028       996
f                996      1028      1029
f               1028      1061      1029
f               1029      1061      1062
f                  6        40         7
f                  6        39        40
f                 39        73        40
f                 39        72        73
f                 72       106        73
f                 72       105       106
f                105       139       106
f                105       138       139
f                138       172       139
f                138       171       172
f                171       205       172
f                171       204       205
f                204       238       205
f                204       237       238
f                237       271       238
f                237       270       271
f                270       304       271
f                270       303       304
f                303       337       304
f                303       336       337
f                336       370       337
f                336       369       370
f                369       403       370
f                369       402       403
f                402       436       403
f                402       435       436
f                435       469       436
f                435       468       469
f                468       502       469
f                468       501       502
f                501       535       502
f                501       534       535
f                534       568       535
f                534       567       568
f                567       600       568
f                568       600       601
f                600       633       601
f                601       633       634
f                633       666       634
f                634       666       667
f                666       699       667
f                667       699       700
f                699       732       700
f                700       732       733
f                732       765       733
f                733       765       766
f                765       798       766
f                766       798       799
f                798       831       799
f                799       831       832
f                831       864       832
f                832       864       865
f                864       897       865
f                865       897       898
f                897       930       898
f                898       930       931
f                930       963       931
f                931       963       964
f                963       996       964
f                964       996       997
f                996      1029       997
f                997      1029      1030
f               1029      1062      1030
f               1030      1062      1063
f                  7        41         8
f                  7        40        41
f                 40        74        41
f                 40        73        74
f                 73       107        74
f                 73       106       107
f                106       140       107
f                106       139       140
f                139       173       140
f                139       172       173
f                172       206       173
f                172       205       206
f                205       239       206
f                205       238       239
f                238       272       239
f                238       271       272
f                271       305       272
f                271       304       305
f                304       338       305
f                304       337       338
f                337       371       338
f                337       370       371
f                370       404       371
f                370       403       404
f                403       437       404
f                403       436       437
f                436       470       437
f                436       469       470
f                469       503       470
f                469       502       503
f                502       536       503
f                502       535       536
f                535       568       536
f                536       568       569
f                568       601       569
f                569       601       602
f                601       634       602
f                602       634       635
f                634       667       635
f                635       667       668
f                667       700       668
f                668       700       701
f                700       733       701
f                701       733       734
f                733       766       734
f                734       766       767
f                766       799       767
f                767       799       800
f                799       832       800
f                800       832       833
f                832       865       833
f                833       865       866
f                865       898       866
f                866       898       899
f                898       931       899
f                899       931       932
f                931       964       932
f                932       964       965
f                964       997       965
f                965       997       998
f                997      1030       998
f                998      1030      1031
f               1030      1063      1031
f               1031      1063      1064
f                  8        42         9
f                  8        41        42
f                 41        75        42
f                 41        74        75
f                 74       108        75
f                 74       107       108
f                107       141       108
f                107       140       141
f                140       174       141
f                140       173       174
f                173       207       174
f                173       206       207
f                206       240       207
f                206       239       240
f                239       273       240
f                239       272       273
f                272       306       273
f                272       305       306
f                305       339       306
f                305       338       339
f                338       372       339
f                338       371       372
f                371       405       372
f                371       404       405
f                404       438       405
f                404       437       438
f                437       471       438
f                437       470       471
f                470       504       471
f                470       503       504
f                503       537       504
f                503       536       537
f                536       569       537
f                537       569       570
f                569       602       570
f                570       602       603
f                602       635       603
f                603       635       636
f                635       668       636
f                636       668       669
f                668       701       669
f                669       701       702
f                701       734       702
f                702       734       735
f                734       767       735
f                735       767       768
f                767       800       768
f                768       800       801
f                800       833       801
f                801       833       834
f                833       866       834
f                834       866       867
f                866       899       867
f                867       899       900
f                899       932       900
f                900       932       933
f                932       965       933
f                933       965       966
f                965       998       966
f                966       998       999
f                998      1031       999
f                999      1031      1032
f               1031      1064      1032
f               1032      1064      1065
f                  9        43        10
f                  9        42        43
f                 42        76        43
f                 42        75        76
f                 75       109        76
f                 75       108       109
f                108       142       109
f                108       141       142
f                141       175       142
f                141       174       175
f                174       208       175
f                174       207       208
f                207       241       208
f                207       240       241
f                240       274       241
f                240       273       274
f                273       307       274
f                273       306       307
f                306       340       307
f                306       339       340
f                339       373       340
f                339       372       373
f                372       406       373
f                372       405       406
f                405       439       406
f                405       438       439
f                438       472       439
f                438       471       472
f                471       505       472
f                471       504       505
f                504       538       505
f                504       537       538
f                537       571       538
f                537       570       571
f                570       603       571
f                571       603       604
f                603       636       604
f                604       636       637
f                636       669       637
f                637       669       670
f                669       702       670
f                670       702       703
f                702       735       703
f                703       735       736
f                735       768       736
f                736       768       769
f                768       801       769
f                769       801       802
f                801       834       802
f                802       834       835
f                834       867       835
f                835       867       868
f                867       900       868
f                868       900       901
f                900       933       901
f                901       933       934
f                933       966       934
f                934       966       967
f                966       999       967
f                967       999      1000
f                999      1032      1000
f               1000      1032      1033
f               1032      1065      1033
f               1033      1065      1066
f                 10        44        11
f                 10        43        44
f                 43        77        44
f                 43        76        77
f                 76       110        77
f                 76       109       110
f                109       143       110
f                109       142       143
f                142       176       143
f                142       175       176
f                175       209       176
f                175       208       209
f                208       242       209
f                208       241       242
f                241       275       242
f                241       274       275
f                274       308       275
f                274       307       308
f                307       341       308
f                307       340       341
f                340       374       341
f                340       373       374
f                373       407       374
f                373       406       407
f                406       440       407
f                406       439       440
f                439       473       440
f                439       472       473
f                472       506       473
f                472       505       506
f                505       539       506
f                505       538       539
f                538       572       539
f                538       571       572
f                571       605       572
f                571       604       605
f                604       637       605
f                605       637       638
f                637       670       638
f                638       670       671
f                670       703       671
f                671       703       704
f                703       736       704
f                704       736       737
f                736       769       737
f                737       769       770
f                769       802       770
f                770       802       803
f                802       835       803
f                803       835       836
f                835       868       836
f                836       868       869
f                868       901       869
f                869       901       902
f                901       934       902
f                902       934       935
f                934       967       935
f                935       967       968
f                967      1000       968
f                968      1000      1001
f               1000      1033      1001
f               1001      1033      1034
f               1033      1066      1034
f               1034      1066      1067
f                 11        45        12
f                 11        44        45
f                 44        78        45
f                 44        77        78
f                 77       111        78
f                 77       110       111
f                110       144       111
f                110       143       144
f                143       177       144
f                143       176       177
f                176       210       177
f                176       209       210
f                209       243       210
f                209       242       243
f                242       276       243
f                242       275       276
f                275       309       276
f                275       308       309
f                308       342       309
f                308       341       342
f                341       375       342
f                341       374       375
f                374       408       375
f                374       407       408
f                407       441       408
f                407       440       441
f                440       473       441
f                441       473       474
f                473       507       474
f                473       506       507
f                506       540       507
f                506       539       540
f                539       573       540
f                539       572       573
f                572       606       573
f                572       605       606
f                605       638       606
f                606       638       639
f                638       671       639
f                639       671       672
f                671       704       672
f                672       704       705
f                704       737       705
f                705       737       738
f                737       770       738
f                738       770       771
f                770       803       771
f                771       803       804
f                803       836       804
f                804       836       837
f                836       869       837
f                837       869       870
f                869       902       870
f                870       902       903
f                902       935       903
f                903       935       936
f                935       968       936
f                936       968       969
f                968      1001       969
f                969      1001      1002
f               1001      1034      1002
f               1002      1034      1035
f               1034      1067      1035
f               1035      1067      1068
f                 12        46        13
f                 12        45        46
f                 45        79        46
f                 45        78        79
f                 78       112        79
f                 78       111       112
f                111       145       112
f                111       144       145
f                144       178       145
f                144       177       178
f                177       211       178
f                177       210       211
f                210       244       211
f                210       243       244
f                243       277       244
f                243       276       277
f                276       310       277
f                276       309       310
f                309       343       310
f                309       342       343
f                342       375       343
f                343       375       376
f                375       408       376
f                376       408       409
f                408       442       409
f                408       441       442
f                441       475       442
f                441       474       475
f                474       508       475
f                474       507       508
f                507       540       508
f                508       540       541
f                540       573       541
f                541       573       574
f                573       606       574
f                574       606       607
f                606       640       607
f                606       639       640
f                639       672       640
f                640       672       673
f                672       705       673
f                673       705       706
f                705       738       706
f                706       738       739
f                738       771       739
f                739       771       772
f                771       804       772
f                772       804       805
f                804       837       805
f                805       837       838
f                837       870       838
f                838       870       871
f                870       903       871
f                871       903       904
f                903       936       904
f                904       936       937
f                936       969       937
f                937       969       970
f                969      1002       970
f                970      1002      1003
f               1002      1035      1003
f               1003      1035      1036
f               1035      1068      1036
f               1036      1068      1069
f                 13        47        14
f                 13        46        47
f                 46        80        47
f                 46        79        80
f                 79       113        80
f                 79       112       113
f                112       146       113
f                112       145       146
f                145       179       146
f                145       178       179
f                178       212       179
f                178       211       212
f                211       245       212
f                211       244       245
f                244       278       245
f                244       277       278
f                277       311       278
f                277       310       311
f                310       344       311
f                310       343       344
f                343       376       344
f                344       376       377
f                376       410       377
f                376       409       410
f                409       443       410
f                409       442       443
f                442       476       443
f                442       475       476
f                475       508       476
f                476       508       509
f                508       541       509
f                509       541       542
f                541       574       542
f                542       574       575
f                574       607       575
f                575       607       608
f                607       640       608
f                608       640       641
f                640       673       641
f                641       673       674
f                673       706       674
f                674       706       707
f                706       740       707
f                706       739       740
f                739       772       740
f                740       772       773
f                772       805       773
f                773       805       806
f                805       838       806
f                806       838       839
f                838       871       839
f                839       871       872
f                871       904       872
f                872       904       905
f                904       937       905
f                905       937       938
f                937       970       938
f                938       970       971
f                970      1003       971
f                971      1003      1004
f               1003      1036      1004
f               1004      1036      1037
f               1036      1069      1037
f               1037      1069      1070
f                 14        48        15
f                 14        47        48
f                 47        81        48
f                 47        80        81
f                 80       114        81
f                 80       113       114
f                113       147       114
f                113       146       147
f                146       180       147
f                146       179       180
f                179       213       180
f                179       212       213
f                212       246       213
f                212       245       246
f                245       279       246
f                245       278       279
f                278       312       279
f                278       311       312
f                311       344       312
f                312       344       345
f                344       377       345
f                345       377       378
f                377       410       378
f                378       410       411
f                410       444       411
f                410       443       444
f                443       477       444
f                443       476       477
f                476       509       477
f                477       509       510
f                509       542       510
f                510       542       543
f                542       575       543
f                543       575       576
f                575       608       576
f                576       608       609
f                608       641       609
f                609       641       642
f                641       674       642
f                642       674       675
f                674       708       675
f                674       707       708
f                707       741       708
f                707       740       741
f                740       773       741
f                741       773       774
f                773       806       774
f                774       806       807
f                806       839       807
f                807       839       840
f                839       872       840
f                840       872       873
f                872       905       873
f                873       905       906
f                905       938       906
f                906       938       939
f                938       971       939
f                939       971       972
f                971      1004       972
f                972      1004      1005
f               1004      1037      1005
f               1005      1037      1038
f               1037      1070      1038
f               1038      1070      1071
f                 15        49        16
f                 15        48        49
f                 48        82        49
f                 48        81        82
f                 81       114        82
f                 82       114       115
f                114       147       115
f                115       147       148
f                147       181       148
f                147       180       181
f                180       214       181
f                180       213       214
f                213       247       214
f                213       246       247
f                246       279       247
f                247       279       280
f                279       313       280
f                279       312       313
f                312       346       313
f                312       345       346
f                345       378       346
f                346       378       379
f                378       411       379
f                379       411       412
f                411       445       412
f                411       444       445
f                444       478       445
f                444       477       478
f                477       510       478
f                478       510       511
f                510       543       511
f                511       543       544
f                543       576       544
f                544       576       577
f                576       609       577
f                577       609       610
f                609       642       610
f                610       642       643
f                642       675       643
f                643       675       676
f                675       709       676
f                675       708       709
f                708       742       709
f                708       741       742
f                741       774       742
f                742       774       775
f                774       807       775
f                775       807       808
f                807       840       808
f                808       840       841
f                840       873       841
f                841       873       874
f                873       906       874
f                874       906       907
f                906       939       907
f                907       939       940
f                939       972       940
f                940       972       973
f                972      1005       973
f                973      1005      1006
f               1005      1038      1006
f               1006      1038      1039
f               1038      1071      1039
f               1039      1071      1072
f                 16        50        17
f                 16        49        50
f                 49        82        50
f                 50        82        83
f                 82       116        83
f                 82       115       116
f                115       148       116
f                116       148       149
f                148       181       149
f                149       181       182
f                181       214       182
f                182       214       215
f                214       247       215
f                215       247       248
f                247       280       248
f                248       280       281
f                280       313       281
f                281       313       314
f                313       347       314
f                313       346       347
f                346       380       347
f                346       379       380
f                379       412       380
f                380       412       413
f                412       445       413
f                413       445       446
f                445       478       446
f                446       478       479
f                478       512       479
f                478       511       512
f                511       545       512
f                511       544       545
f                544       577       545
f                545       577       578
f                577       610       578
f                578       610       611
f                610       643       611
f                611       643       644
f                643       677       644
f                643       676       677
f                676       710       677
f                676       709       710
f                709       743       710
f                709       742       743
f                742       776       743
f                742       775       776
f                775       808       776
f                776       808       809
f                808       841       809
f                809       841       842
f                841       874       842
f                842       874       875
f                874       907       875
f                875       907       908
f                907       940       908
f                908       940       941
f                940       974       941
f                940       973       974
f                973      1006       974
f                974      1006      1007
f               1006      1039      1007
f               1007      1039      1040
f               1039      1072      1040
f               1040      1072      1073
f                 17        50        18
f                 18        50        51
f                 50        83        51
f                 51        83        84
f                 83       116        84
f                 84       116       117
f                116       149       117
f                117       149       150
f                149       182       150
f                150       182       183
f                182       215       183
f                183       215       216
f                215       248       216
f                216       248       249
f                248       281       249
f                249       281       282
f                281       314       282
f                282       314       315
f                314       347       315
f                315       347       348
f                347       380       348
f                348       380       381
f                380       414       381
f                380       413       414
f                413       446       414
f                414       446       447
f                446       479       447
f                447       479       480
f                479       512       480
f                480       512       513
f                512       546       513
f                512       545       546
f                545       578       546
f                546       578       579
f                578       612       579
f                578       611       612
f                611       645       612
f                611       644       645
f                644       677       645
f                645       677       678
f                677       711       678
f                677       710       711
f                710       743       711
f                711       743       744
f                743       777       744
f                743       776       777
f                776       810       777
f                776       809       810
f                809       842       810
f                810       842       843
f                842       875       843
f                843       875       876
f                875       909       876
f                875       908       909
f                908       942       909
f                908       941       942
f                941       975       942
f                941       974       975
f                974      1008       975
f                974      1007      1008
f               1007      1041      1008
f               1007      1040      1041
f               1040      1073      1041
f               1041      1073      1074
f                 18        51        19
f                 19        51        52
f                 51        84        52
f                 52        84        85
f                 84       117        85
f                 85       117       118
f                117       150       118
f                118       150       151
f                150       183       151
f                151       183       184
f                183       216       184
f                184       216       217
f                216       249       217
f                217       249       250
f                249       282       250
f                250       282       283
f                282       315       283
f                283       315       316
f                315       348       316
f                316       348       349
f                348       381       349
f                349       381       382
f                381       414       382
f                382       414       415
f                414       447       415
f                415       447       448
f                447       480       448
f                448       480       481
f                480       513       481
f                481       513       514
f                513       546       514
f                514       546       547
f                546       580       547
f                546       579       580
f                579       613       580
f                579       612       613
f                612       646       613
f                612       645       646
f                645       679       646
f                645       678       679
f                678       711       679
f                679       711       712
f                711       745       712
f                711       744       745
f                744       778       745
f                744       777       778
f                777       811       778
f                777       810       811
f                810       844       811
f                810       843       844
f                843       877       844
f                843       876       877
f                876       910       877
f                876       909       910
f                909       943       910
f                909       942       943
f                942       976       943
f                942       975       976
f                975      1009       976
f                975      1008      1009
f               1008      1042      1009
f               1008      1041      1042
f               1041      1075      1042
f               1041      1074      1075
f                 19        52        20
f                 20        52        53
f                 52        85        53
f                 53        85        86
f                 85       118        86
f                 86       118       119
f                118       151       119
f                119       151       152
f                151       184       152
f                152       184       185
f                184       217       185
f                185       217       218
f                217       250       218
f                218       250       251
f                250       283       251
f                251       283       284
f                283       316       284
f                284       316       317
f                316       349       317
f                317       349       350
f                349       382       350
f                350       382       383
f                382       415       383
f                383       415       416
f                415       448       416
f                416       448       449
f                448       481       449
f                449       481       482
f                481       514       482
f                482       514       515
f                514       547       515
f                515       547       548
f                547       580       548
f                548       580       581
f                580       614       581
f                580       613       614
f                613       647       614
f                613       646       647
f                646       680       647
f                646       679       680
f                679       713       680
f                679       712       713
f                712       746       713
f                712       745       746
f                745       779       746
f                745       778       779
f                778       812       779
f                778       811       812
f                811       845       812
f                811       844       845
f                844       878       845
f                844       877       878
f                877       911       878
f                877       910       911
f                910       944       911
f                910       943       944
f                943       977       944
f                943       976       977
f                976      1010       977
f                976      1009      1010
f               1009      1043      1010
f               1009      1042      1043
f               1042      1076      1043
f               1042      1075      1076
f                 20        53        21
f                 21        53        54
f                 53        86        54
f                 54        86        87
f                 86       119        87
f                 87       119       120
f                119       152       120
f                120       152       153
f                152       185       153
f                153       185       186
f                185       218       186
f                186       218       219
f                218       251       219
f                219       251       252
f                251       284       252
f                252       284       285
f                284       317       285
f                285       317       318
f                317       350       318
f                318       350       351
f                350       383       351
f                351       383       384
f                383       416       384
f                384       416       417
f                416       449       417
f                417       449       450
f                449       482       450
f                450       482       483
f                482       515       483
f                483       515       516
f                515       548       516
f                516       548       549
f                548       581       549
f                549       581       582
f                581       615       582
f                581       614       615
f                614       648       615
f                614       647       648
f                647       681       648
f                647       680       681
f                680       714       681
f                680       713       714
f                713       747       714
f                713       746       747
f                746       780       747
f                746       779       780
f                779       813       780
f                779       812       813
f                812       846       813
f                812       845       846
f                845       879       846
f                845       878       879
f                878       912       879
f                878       911       912
f                911       945       912
f                911       944       945
f                944       978       945
f                944       977       978
f                977      1011       978
f                977      1010      1011
f               1010      1044      1011
f               1010      1043      1044
f               1043      1077      1044
f               1043      1076      1077
f                 21        54        22
f                 22        54        55
f                 54        87        55
f                 55        87        88
f                 87       120        88
f                 88       120       121
f                120       153       121
f                121       153       154
f                153       186       154
f                154       186       187
f                186       219       187
f                187       219       220
f                219       252       220
f                220       252       253
f                252       285       253
f                253       285       286
f                285       318       286
f                286       318       319
f                318       351       319
f                319       351       352
f                351       384       352
f                352       384       385
f                384       417       385
f                385       417       418
f                417       450       418
f                418       450       451
f                450       483       451
f                451       483       484
f                483       516       484
f                484       516       517
f                516       549       517
f                517       549       550
f                549       583       550
f                549       582       583
f                582       616       583
f                582       615       616
f                615       649       616
f                615       648       649
f                648       682       649
f                648       681       682
f                681       715       682
f                681       714       715
f                714       748       715
f                714       747       748
f                747       781       748
f                747       780       781
f                780       814       781
f                780       813       814
f                813       847       814
f                813       846       847
f                846       880       847
f                846       879       880
f                879       913       880
f                879       912       913
f                912       946       913
f                912       945       946
f                945       979       946
f                945       978       979
f                978      1012       979
f                978      1011      1012
f               1011      1045      1012
f               1011      1044      1045
f               1044      1078      1045
f               1044      1077      1078
f                 22        55        23
f                 23        55        56
f                 55        88        56
f                 56        88        89
f                 88       121        89
f                 89       121       122
f                121       154       122
f                122       154       155
f                154       187       155
f                155       187       188
f                187       220       188
f                188       220       221
f                220       253       221
f                221       253       254
f                253       286       254
f                254       286       287
f                286       319       287
f                287       319       320
f                319       352       320
f                320       352       353
f                352       385       353
f                353       385       386
f                385       418       386
f                386       418       419
f                418       452       419
f                418       451       452
f                451       484       452
f                452       484       485
f                484       518       485
f                484       517       518
f                517       551       518
f                517       550       551
f                550       583       551
f                551       583       584
f                583       617       584
f                583       616       617
f                616       650       617
f                616       649       650
f                649       683       650
f                649       682       683
f                682       716       683
f                682       715       716
f                715       749       716
f                715       748       749
f                748       782       749
f                748       781       782
f                781       815       782
f                781       814       815
f                814       848       815
f                814       847       848
f                847       881       848
f                847       880       881
f                880       914       881
f                880       913       914
f                913       947       914
f                913       946       947
f                946       980       947
f                946       979       980
f                979      1013       980
f                979      1012      1013
f               1012      1046      1013
f               1012      1045      1046
f               1045      1079      1046
f               1045      1078      1079
f                 23        56        24
f                 24        56        57
f                 56        89        57
f                 57        89        90
f                 89       122        90
f                 90       122       123
f                122       155       123
f                123       155       156
f                155       188       156
f                156       188       189
f                188       221       189
f                189       221       222
f                221       254       222
f                222       254       255
f                254       287       255
f                255       287       288
f                287       320       288
f                288       320       321
f                320       353       321
f                321       353       354
f                353       386       354
f                354       386       387
f                386       419       387
f                387       419       420
f                419       452       420
f                420       452       453
f                452       486       453
f                452       485       486
f                485       519       486
f                485       518       519
f                518       552       519
f                518       551       552
f                551       584       552
f                552       584       585
f                584       617       585
f                585       617       618
f                617       651       618
f                617       650       651
f                650       684       651
f                650       683       684
f                683       717       684
f                683       716       717
f                716       750       717
f                716       749       750
f                749       783       750
f                749       782       783
f                782       816       783
f                782       815       816
f                815       849       816
f                815       848       849
f                848       882       849
f                848       881       882
f                881       915       882
f                881       914       915
f                914       948       915
f                914       947       948
f                947       981       948
f                947       980       981
f                980      1014       981
f                980      1013      1014
f               1013      1047      1014
f               1013      1046      1047
f               1046      1080      1047
f               1046      1079      1080
f                 24        57        25
f                 25        57        58
f                 57        90        58
f                 58        90        91
f                 90       123        91
f                 91       123       124
f                123       156       124
f                124       156       157
f                156       189       157
f                157       189       190
f                189       222       190
f                190       222       223
f                222       255       223
f                223       255       256
f                255       288       256
f                256       288       289
f                288       321       289
f                289       321       322
f                321       354       322
f                322       354       355
f                354       387       355
f                355       387       388
f                387       420       388
f                388       420       421
f                420       453       421
f                421       453       454
f                453       486       454
f                454       486       487
f                486       520       487
f                486       519       520
f                519       553       520
f                519       552       553
f                552       585       553
f                553       585       586
f                585       618       586
f                586       618       619
f                618       652       619
f                618       651       652
f                651       685       652
f                651       684       685
f                684       718       685
f                684       717       718
f                717       751       718
f                717       750       751
f                750       784       751
f                750       783       784
f                783       817       784
f                783       816       817
f                816       850       817
f                816       849       850
f                849       883       850
f                849       882       883
f                882       916       883
f                882       915       916
f                915       949       916
f                915       948       949
f                948       982       949
f                948       981       982
f                981      1015       982
f                981      1014      1015
f               1014      1048      1015
f               1014      1047      1048
f               1047      1081      1048
f               1047      1080      1081
f                 25        58        26
f                 26        58        59
f                 58        91        59
f                 59        91        92
f                 91       124        92
f                 92       124       125
f                124       157       125
f                125       157       158
f                157       190       158
f                158       190       191
f                190       223       191
f                191       223       224
f                223       256       224
f                224       256       257
f                256       289       257
f                257       289       290
f                289       322       290
f                290       322       323
f                322       355       323
f                323       355       356
f                355       388       356
f                356       388       389
f                388       421       389
f                389       421       422
f                421       454       422
f                422       454       455
f                454       487       455
f                455       487       488
f                487       520       488
f                488       520       521
f                520       553       521
f                521       553       554
f                553       587       554
f                553       586       587
f                586       620       587
f                586       619       620
f                619       653       620
f                619       652       653
f                652       686       653
f                652       685       686
f                685       719       686
f                685       718       719
f                718       752       719
f                718       751       752
f                751       785       752
f                751       784       785
f                784       818       785
f                784       817       818
f                817       851       818
f                817       850       851
f                850       884       851
f                850       883       884
f                883       917       884
f                883       916       917
f                916       950       917
f                916       949       950
f                949       983       950
f                949       982       983
f                982      1016       983
f                982      1015      1016
f               1015      1049      1016
f               1015      1048      1049
f               1048      1082      1049
f               1048      1081      1082
f                 26        59        27
f                 27        59        60
f                 59        92        60
f                 60        92        93
f                 92       125        93
f                 93       125       126
f                125       158       126
f                126       158       159
f                158       191       159
f                159       191       192
f                191       224       192
f                192       224       225
f                224       257       225
f                225       257       258
f                257       290       258
f                258       290       291
f                290       323       291
f                291       323       324
f                323       356       324
f                324       356       357
f                356       389       357
f                357       389       390
f                389       422       390
f                390       422       423
f                422       455       423
f                423       455       456
f                455       488       456
f                456       488       489
f                488       521       489
f                489       521       522
f                521       554       522
f                522       554       555
f                554       588       555
f                554       587       588
f                587       621       588
f                587       620       621
f                620       654       621
f                620       653       654
f                653       687       654
f                653       686       687
f                686       720       687
f                686       719       720
f                719       753       720
f                719       752       753
f                752       786       753
f                752       785       786
f                785       819       786
f                785       818       819
f                818       852       819
f                818       851       852
f                851       885       852
f                851       884       885
f                884       918       885
f                884       917       918
f                917       951       918
f                917       950       951
f                950       984       951
f                950       983       984
f                983      1017       984
f                983      1016      1017
f               1016      1050      1017
f               1016      1049      1050
f               1049      1083      1050
f               1049      1082      1083
f                 27        60        28
f                 28        60        61
f                 60        93        61
f                 61        93        94
f                 93       126        94
f                 94       126       127
f                126       159       127
f                127       159       160
f                159       192       160
f                160       192       193
f                192       225       193
f                193       225       226
f                225       258       226
f                226       258       259
f                258       291       259
f                259       291       292
f                291       324       292
f                292       324       325
f                324       357       325
f                325       357       358
f                357       390       358
f                358       390       391
f                390       423       391
f                391       423       424
f                423       456       424
f                424       456       457
f                456       489       457
f                457       489       490
f                489       522       490
f                490       522       523
f                522       555       523
f                523       555       556
f                555       588       556
f                556       588       589
f                588       622       589
f                588       621       622
f                621       655       622
f                621       654       655
f                654       688       655
f                654       687       688
f                687       721       688
f                687       720       721
f                720       754       721
f                720       753       754
f                753       787       754
f                753       786       787
f                786       820       787
f                786       819       820
f                819       853       820
f                819       852       853
f                852       886       853
f                852       885       886
f                885       919       886
f                885       918       919
f                918       952       919
f                918       951       952
f                951       985       952
f                951       984       985
f                984      1018       985
f                984      1017      1018
f               1017      1051      1018
f               1017      1050      1051
f               1050      1084      1051
f               1050      1083      1084
f                 28        61        29
f                 29        61        62
f                 61        94        62
f                 62        94        95
f                 94       127        95
f                 95       127       128
f                127       160       128
f                128       160       161
f                160       193       161
f                161       193       194
f                193       226       194
f                194       226       227
f                226       259       227
f                227       259       260
f                259       292       260
f                260       292       293
f                292       325       293
f                293       325       326
f                325       358       326
f                326       358       359
f                358       391       359
f                359       391       392
f                391       424       392
f                392       424       425
f                424       457       425
f                425       457       458
f                457       490       458
f                458       490       491
f                490       523       491
f                491       523       524
f                523       556       524
f                524       556       557
f                556       589       557
f                557       589       590
f                589       623       590
f                589       622       623
f                622       656       623
f                622       655       656
f                655       689       656
f                655       688       689
f                688       722       689
f                688       721       722
f                721       755       722
f                721       754       755
f                754       788       755
f                754       787       788
f                787       821       788
f                787       820       821
f                820       854       821
f                820       853       854
f                853       887       854
f                853       886       887
f                886       920       887
f                886       919       920
f                919       953       920
f                919       952       953
f                952       986       953
f                952       985       986
f                985      1019       986
f                985      1018      1019
f               1018      1052      1019
f               1018      1051      1052
f               1051      1085      1052
f               1051      1084      1085
f                 29        62        30
f                 30        62        63
f                 62        95        63
f                 63        95        96
f                 95       128        96
f                 96       128       129
f                128       161       129
f                129       161       162
f                161       194       162
f                162       194       195
f                194       227       195
f                195       227       228
f                227       260       228
f                228       260       261
f                260       293       261
f                261       293       294
f                293       326       294
f                294       326       327
f                326       359       327
f                327       359       360
f                359       392       360
f                360       392       393
f                392       425       393
f                393       425       426
f                425       458       426
f                426       458       459
f                458       491       459
f                459       491       492
f                491       524       492
f                492       524       525
f                524       557       525
f                525       557       558
f                557       591       558
f                557       590       591
f                590       624       591
f                590       623       624
f                623       657       624
f                623       656       657
f                656       690       657
f                656       689       690
f                689       723       690
f                689       722       723
f                722       756       723
f                722       755       756
f                755       789       756
f                755       788       789
f                788       822       789
f                788       821       822
f                821       855       822
f                821       854       855
f                854       888       855
f                854       887       888
f                887       921       888
f                887       920       921
f                920       954       921
f                920       953       954
f                953       987       954
f                953       986       987
f                986      1020       987
f                986      1019      1020
f               1019      1053      1020
f               1019      1052      1053
f               1052      1086      1053
f               1052      1085      1086
f                 30        63        31
f                 31        63        64
f                 63        96        64
f                 64        96        97
f                 96       129        97
f                 97       129       130
f                129       162       130
f                130       162       163
f                162       195       163
f                163       195       196
f                195       228       196
f                196       228       229
f                228       261       229
f                229       261       262
f                261       294       262
f                262       294       295
f                294       327       295
f                295       327       328
f                327       360       328
f                328       360       361
f                360       393       361
f                361       393       394
f                393       426       394
f                394       426       427
f                426       459       427
f                427       459       460
f                459       492       460
f                460       492       493
f                492       525       493
f                493       525       526
f                525       558       526
f                526       558       559
f                558       591       559
f                559       591       592
f                591       625       592
f                591       624       625
f                624       658       625
f                624       657       658
f                657       691       658
f                657       690       691
f                690       724       691
f                690       723       724
f                723       757       724
f                723       756       757
f                756       790       757
f                756       789       790
f                789       823       790
f                789       822       823
f                822       856       823
f                822       855       856
f                855       889       856
f                855       888       889
f                888       922       889
f                888       921       922
f                921       955       922
f                921       954       955
f                954       988       955
f                954       987       988
f                987      1021       988
f                987      1020      1021
f               1020      1054      1021
f               1020      1053      1054
f               1053      1087      1054
f               1053      1086      1087
f                 31        64        32
f                 32        64        65
f                 64        97        65
f                 65        97        98
f                 97       130        98
f                 98       130       131
f                130       163       131
f                131       163       164
f                163       196       164
f                164       196       197
f                196       229       197
f                197       229       230
f                229       262       230
f                230       262       263
f                262       295       263
f                263       295       296
f                295       328       296
f                296       328       329
f                328       361       329
f                329       361       362
f                361       394       362
f                362       394       395
f                394       427       395
f                395       427       428
f                427       460       428
f                428       460       461
f                460       493       461
f                461       493       494
f                493       526       494
f                494       526       527
f                526       559       527
f                527       559       560
f                559       593       560
f                559       592       593
f                592       626       593
f                592       625       626
f                625       659       626
f                625       658       659
f                658       692       659
f                658       691       692
f                691       725       692
f                691       724       725
f                724       758       725
f                724       757       758
f                757       791       758
f                757       790       791
f                790       824       791
f                790       823       824
f                823       857       824
f                823       856       857
f                856       890       857
f                856       889       890
f                889       923       890
f                889       922       923
f                922       956       923
f                922       955       956
f                955       989       956
f                955       988       989
f                988      1022       989
f                988      1021      1022
f               1021      1055      1022
f               1021      1054      1055
f               1054      1088      1055
f               1054      1087      1088
f                 32        65        33
f                 33        65        66
f                 65        98        66
f                 66        98        99
f                 98       131        99
f                 99       131       132
f                131       164       132
f                132       164       165
f                164       197       165
f                165       197       198
f                197       230       198
f                198       230       231
f                230       263       231
f                231       263       264
f                263       296       264
f                264       296       297
f                296       329       297
f                297       329       330
f                329       362       330
f                330       362       363
f                362       395       363
f                363       395       396
f                395       428       396
f                396       428       429
f                428       461       429
f                429       461       462
f                461       494       462
f                462       494       495
f                494       527       495
f                495       527       528
f                527       560       528
f                528       560       561
f                560       594       561
f                560       593       594
f                593       627       594
f                593       626       627
f                626       660       627
f                626       659       660
f                659       693       660
f                659       692       693
f                692       726       693
f                692       725       726
f                725       759       726
f                725       758       759
f                758       792       759
f                758       791       792
f                791       825       792
f                791       824       825
f                824       858       825
f                824       857       858
f                857       891       858
f                857       890       891
f                890       924       891
f                890       923       924
f                923       957       924
f                923       956       957
f                956       990       957
f                956       989       990
f                989      1023       990
f                989      1022      1023
f               1022      1056      1023
f               1022      1055      1056
f               1055      1089      1056
f               1055      1088      1089
f               1057      1124      1058
f               1057      1123      1124
f               1123      1157      1124
f               1123      1156      1157
f               1156      1190      1157
f               1156      1189      1190
f               1189      1223      1190
f               1189      1222      1223
f               1222      1256      1223
f               1222      1255      1256
f               1255      1289      1256
f               1255      1288      1289
f               1288      1322      1289
f               1288      1321      1322
f               1321      1355      1322
f               1321      1354      1355
f               1354      1388      1355
f               1354      1387      1388
f               1387      1421      1388
f               1387      1420      1421
f               1420      1454      1421
f               1420      1453      1454
f               1453      1487      1454
f               1453      1486      1487
f               1486      1520      1487
f               1486      1519      1520
f               1519      1553      1520
f               1519      1552      1553
f               1552      1586      1553
f               1552      1585      1586
f               1585      1619      1586
f               1585      1618      1619
f               1618      1651      1619
f               1619      1651      1652
f               1651      1684      1652
f               1652      1684      1685
f               1684      1717      1685
f               1685      1717      1718
f               1717      1750      1718
f               1718      1750      1751
f               1750      1783      1751
f               1751      1783      1784
f               1783      1816      1784
f               1784      1816      1817
f               1816      1849      1817
f               1817      1849      1850
f               1849      1882      1850
f               1850      1882      1883
f               1882      1915      1883
f               1883      1915      1916
f               1915      1948      1916
f               1916      1948      1949
f               1948      1981      1949
f               1949      1981      1982
f               1981      2014      1982
f               1982      2014      2015
f               2014      2047      2015
f               2015      2047      2048
f               2047      2080      2048
f               2048      2080      2081
f               2080      2113      2081
f               2081      2113      2114
f               2113      2146      2114
f               2114      2146      2147
f               1058      1125      1059
f               1058      1124      1125
f               1124      1158      1125
f               1124      1157      1158
f               1157      1191      1158
f               1157      1190      1191
f               1190      1224      1191
f               1190      1223      1224
f               1223      1257      1224
f               1223      1256      1257
f               1256      1290      1257
f               1256      1289      1290
f               1289      1323      1290
f               1289      1322      1323
f               1322      1356      1323
f               1322      1355      1356
f               1355      1389      1356
f               1355      1388      1389
f               1388      1422      1389
f               1388      1421      1422
f               1421      1455      1422
f               1421      1454      1455
f               1454      1488      1455
f               1454      1487      1488
f               1487      1521      1488
f               1487      1520      1521
f               1520      1554      1521
f               1520      1553      1554
f               1553      1587      1554
f               1553      1586      1587
f               1586      1620      1587
f               1586      1619      1620
f               1619      1652      1620
f               1620      1652      1653
f               1652      1685      1653
f               1653      1685      1686
f               1685      1718      1686
f               1686      1718      1719
f               1718      1751      1719
f               1719      1751      1752
f               1751      1784      1752
f               1752      1784      1785
f               1784      1817      1785
f               1785      1817      1818
f               1817      1850      1818
f               1818      1850      1851
f               1850      1883      1851
f               1851      1883      1884
f               1883      1916      1884
f               1884      1916      1917
f               1916      1949      1917
f               1917      1949      1950
f               1949      1982      1950
f               1950      1982      1983
f               1982      2015      1983
f               1983      2015      2016
f               2015      2048      2016
f               2016      2048      2049
f               2048      2081      2049
f               2049      2081      2082
f               2081      2114      2082
f               2082      2114      2115
f               2114      2147      2115
f               2115      2147      2148
f               1059      1126      1060
f               1059      1125      1126
f               1125      1159      1126
f               1125      1158      1159
f               1158      1192      1159
f               1158      1191      1192
f               1191      1225      1192
f               1191      1224      1225
f               1224      1258      1225
f               1224      1257      1258
f               1257      1291      1258
f               1257      1290      1291
f               1290      1324      1291
f               1290      1323      1324
f               1323      1357      1324
f               1323      1356      1357
f               1356      1390      1357
f               1356      1389      1390
f               1389      1423      1390
f               1389      1422      1423
f               1422      1456      1423
f               1422      1455      1456
f               1455      1489      1456
f               1455      1488      1489
f               1488      1521      1489
f               1489      1521      1522
f               1521      1554      1522
f               1522      1554      1555
f               1554      1588      1555
f               1554      1587      1588
f               1587      1621      1588
f               1587      1620      1621
f               1620      1653      1621
f               1621      1653      1654
f               1653      1686      1654
f               1654      1686      1687
f               1686      1719      1687
f               1687      1719      1720
f               1719      1752      1720
f               1720      1752      1753
f               1752      1785      1753
f               1753      1785      1786
f               1785      1818      1786
f               1786      1818      1819
f               1818      1851      1819
f               1819      1851      1852
f               1851      1884      1852
f               1852      1884      1885
f               1884      1917      1885
f               1885      1917      1918
f               1917      1950      1918
f               1918      1950      1951
f               1950      1983      1951
f               1951      1983      1984
f               1983      2016      1984
f               1984      2016      2017
f               2016      2049      2017
f               2017      2049      2050
f               2049      2082      2050
f               2050      2082      2083
f               2082      2115      2083
f               2083      2115      2116
f               2115      2148      2116
f               2116      2148      2149
f               1060      1127      1061
f               1060      1126      1127
f               1126      1160      1127
f               1126      1159      1160
f               1159      1193      1160
f               1159      1192      1193
f               1192      1226      1193
f               1192      1225      1226
f               1225      1259      1226
f               1225      1258      1259
f               1258      1292      1259
f               1258      1291      1292
f               1291      1325      1292
f               1291      1324      1325
f               1324      1358      1325
f               1324      1357      1358
f               1357      1391      1358
f               1357      1390      1391
f               1390      1424      1391
f               1390      1423      1424
f               1423      1457      1424
f               1423      1456      1457
f               1456      1490      1457
f               1456      1489      1490
f               1489      1523      1490
f               1489      1522      1523
f               1522      1556      1523
f               1522      1555      1556
f               1555      1589      1556
f               1555      1588      1589
f               1588      1622      1589
f               1588      1621      1622
f               1621      1654      1622
f               1622      1654      1655
f               1654      1687      1655
f               1655      1687      1688
f               1687      1720      1688
f               1688      1720      1721
f               1720      1753      1721
f               1721      1753      1754
f               1753      1786      1754
f               1754      1786      1787
f               1786      1819      1787
f               1787      1819      1820
f               1819      1852      1820
f               1820      1852      1853
f               1852      1885      1853
f               1853      1885      1886
f               1885      1918      1886
f               1886      1918      1919
f               1918      1951      1919
f               1919      1951      1952
f               1951      1984      1952
f               1952      1984      1985
f               1984      2017      1985
f               1985      2017      2018
f               2017      2050      2018
f               2018      2050      2051
f               2050      2083      2051
f               2051      2083      2084
f               2083      2116      2084
f               2084      2116      2117
f               2116      2149      2117
f               2117      2149      2150
f               1061      1128      1062
f               1061      1127      1128
f               1127      1161      1128
f               1127      1160      1161
f               1160      1194      1161
f               1160      1193      1194
f               1193      1227      1194
f               1193      1226      1227
f               1226      1260      1227
f               1226      1259      1260
f               1259      1293      1260
f               1259      1292      1293
f               1292      1326      1293
f               1292      1325      1326
f               1325      1359      1326
f               1325      1358      1359
f               1358      1392      1359
f               1358      1391      1392
f               1391      1425      1392
f               1391      1424      1425
f               1424      1458      1425
f               1424      1457      1458
f               1457      1491      1458
f               1457      1490      1491
f               1490      1524      1491
f               1490      1523      1524
f               1523      1557      1524
f               1523      1556      1557
f               1556      1590      1557
f               1556      1589      1590
f               1589      1623      1590
f               1589      1622      1623
f               1622      1655      1623
f               1623      1655      1656
f               1655      1688      1656
f               1656      1688      1689
f               1688      1721      1689
f               1689      1721      1722
f               1721      1754      1722
f               1722      1754      1755
f               1754      1787      1755
f               1755      1787      1788
f               1787      1820      1788
f               1788      1820      1821
f               1820      1853      1821
f               1821      1853      1854
f               1853      1886      1854
f               1854      1886      1887
f               1886      1919      1887
f               1887      1919      1920
f               1919      1952      1920
f               1920      1952      1953
f               1952      1985      1953
f               1953      1985      1986
f               1985      2018      1986
f               1986      2018      2019
f               2018      2051      2019
f               2019      2051      2052
f               2051      2084      2052
f               2052      2084      2085
f               2084      2117      2085
f               2085      2117      2118
f               2117      2150      2118
f               2118      2150      2151
f               1062      1129      1063
f               1062      1128      1129
f               1128      1162      1129
f               1128      1161      1162
f               1161      1195      1162
f               1161      1194      1195
f               1194      1228      1195
f               1194      1227      1228
f               1227      1261      1228
f               1227      1260      1261
f               1260      1294      1261
f               1260      1293      1294
f               1293      1327      1294
f               1293      1326      1327
f               1326      1360      1327
f               1326      1359      1360
f               1359      1393      1360
f               1359      1392      1393
f               1392      1426      1393
f               1392      1425      1426
f               1425      1459      1426
f               1425      1458      1459
f               1458      1492      1459
f               1458      1491      1492
f               1491      1525      1492
f               1491      1524      1525
f               1524      1558      1525
f               1524      1557      1558
f               1557      1591      1558
f               1557      1590      1591
f               1590      1624      1591
f               1590      1623      1624
f               1623      1656      1624
f               1624      1656      1657
f               1656      1689      1657
f               1657      1689      1690
f               1689      1722      1690
f               1690      1722      1723
f               1722      1755      1723
f               1723      1755      1756
f               1755      1788      1756
f               1756      1788      1789
f               1788      1821      1789
f               1789      1821      1822
f               1821      1854      1822
f               1822      1854      1855
f               1854      1887      1855
f               1855      1887      1888
f               1887      1920      1888
f               1888      1920      1921
f               1920      1953      1921
f               1921      1953      1954
f               1953      1986      1954
f               1954      1986      1987
f               1986      2019      1987
f               1987      2019      2020
f               2019      2052      2020
f               2020      2052      2053
f               2052      2085      2053
f               2053      2085      2086
f               2085      2118      2086
f               2086      2118      2119
f               2118      2151      2119
f               2119      2151      2152
f               1063      1130      1064
f               1063      1129      1130
f               1129      1163      1130
f               1129      1162      1163
f               1162      1196      1163
f               1162      1195      1196
f               1195      1229      1196
f               1195      1228      1229
f               1228      1262      1229
f               1228      1261      1262
f               1261      1295      1262
f               1261      1294      1295
f               1294      1328      1295
f               1294      1327      1328
f               1327      1361      1328
f               1327      1360      1361
f               1360      1394      1361
f               1360      1393      1394
f               1393      1427      1394
f               1393      1426      1427
f               1426      1460      1427
f               1426      1459      1460
f               1459      1493      1460
f               1459      1492      1493
f               1492      1526      1493
f               1492      1525      1526
f               1525      1559      1526
f               1525      1558      1559
f               1558      1592      1559
f               1558      1591      1592
f               1591      1625      1592
f               1591      1624      1625
f               1624      1657      1625
f               1625      1657      1658
f               1657      1690      1658
f               1658      1690      1691
f               1690      1723      1691
f               1691      1723      1724
f               1723      1756      1724
f               1724      1756      1757
f               1756      1789      1757
f               1757      1789      1790
f               1789      1822      1790
f               1790      1822      1823
f               1822      1855      1823
f               1823      1855      1856
f               1855      1888      1856
f               1856      1888      1889
f               1888      1921      1889
f               1889      1921      1922
f               1921      1954      1922
f               1922      1954      1955
f               1954      1987      1955
f               1955      1987      1988
f               1987      2020      1988
f               1988      2020      2021
f               2020      2053      2021
f               2021      2053      2054
f               2053      2086      2054
f               2054      2086      2087
f               2086      2119      2087
f               2087      2119      2120
f               2119      2152      2120
f               2120      2152      2153
f               1064      1131      1065
f               1064      1130      1131
f               1130      1164      1131
f               1130      1163      1164
f               1163      1197      1164
f               1163      1196      1197
f               1196      1230      1197
f               1196      1229      1230
f               1229      1263      1230
f               1229      1262      1263
f               1262      1296      1263
f               1262      1295      1296
f               1295      1329      1296
f               1295      1328      1329
f               1328      1362      1329
f               1328      1361      1362
f               1361      1395      1362
f               1361      1394      1395
f               1394      1428      1395
f               1394      1427      1428
f               1427      1461      1428
f               1427      1460      1461
f               1460      1494      1461
f               1460      1493      1494
f               1493      1527      1494
f               1493      1526      1527
f               1526      1560      1527
f               1526      1559      1560
f               1559      1593      1560
f               1559      1592      1593
f               1592      1626      1593
f               1592      1625      1626
f               1625      1658      1626
f               1626      1658      1659
f               1658      1691      1659
f               1659      1691      1692
f               1691      1724      1692
f               1692      1724      1725
f               1724      1757      1725
f               1725      1757      1758
f               1757      1790      1758
f               1758      1790      1791
f               1790      1823      1791
f               1791      1823      1824
f               1823      1856      1824
f               1824      1856      1857
f               1856      1889      1857
f               1857      1889      1890
f               1889      1922      1890
f               1890      1922      1923
f               1922      1955      1923
f               1923      1955      1956
f               1955      1988      1956
f               1956      1988      1989
f               1988      2021      1989
f               1989      2021      2022
f               2021      2054      2022
f               2022      2054      2055
f               2054      2087      2055
f               2055      2087      2088
f               2087      2120      2088
f               2088      2120      2121
f               2120      2153      2121
f               2121      2153      2154
f               1065      1132      1066
f               1065      1131      1132
f               1131      1165      1132
f               1131      1164      1165
f               1164      1198      1165
f               1164      1197      1198
f               1197      1231      1198
f               1197      1230      1231
f               1230      1264      1231
f               1230      1263      1264
f               1263      1297      1264
f               1263      1296      1297
f               1296      1330      1297
f               1296      1329      1330
f               1329      1363      1330
f               1329      1362      1363
f               1362      1396      1363
f               1362      1395      1396
f               1395      1429      1396
f               1395      1428      1429
f               1428      1462      1429
f               1428      1461      1462
f               1461      1495      1462
f               1461      1494      1495
f               1494      1528      1495
f               1494      1527      1528
f               1527      1561      1528
f               1527      1560      1561
f               1560      1593      1561
f               1561      1593      1594
f               1593      1627      1594
f               1593      1626      1627
f               1626      1659      1627
f               1627      1659      1660
f               1659      1692      1660
f               1660      1692      1693
f               1692      1725      1693
f               1693      1725      1726
f               1725      1758      1726
f               1726      1758      1759
f               1758      1791      1759
f               1759      1791      1792
f               1791      1824      1792
f               1792      1824      1825
f               1824      1857      1825
f               1825      1857      1858
f               1857      1890      1858
f               1858      1890      1891
f               1890      1923      1891
f               1891      1923      1924
f               1923      1956      1924
f               1924      1956      1957
f               1956      1989      1957
f               1957      1989      1990
f               1989      2022      1990
f               1990      2022      2023
f               2022      2055      2023
f               2023      2055      2056
f               2055      2088      2056
f               2056      2088      2089
f               2088      2121      2089
f               2089      2121      2122
f               2121      2154      2122
f               2122      2154      2155
f               1066      1133      1067
f               1066      1132      1133
f               1132      1166      1133
f               1132      1165      1166
f               1165      1199      1166
f               1165      1198      1199
f               1198      1232      1199
f               1198      1231      1232
f               1231      1265      1232
f               1231      1264      1265
f               1264      1298      1265
f               1264      1297      1298
f               1297      1331      1298
f               1297      1330      1331
f               1330      1364      1331
f               1330      1363      1364
f               1363      1397      1364
f               1363      1396      1397
f               1396      1430      1397
f               1396      1429      1430
f               1429      1463      1430
f               1429      1462      1463
f               1462      1496      1463
f               1462      1495      1496
f               1495      1529      1496
f               1495      1528      1529
f               1528      1562      1529
f               1528      1561      1562
f               1561      1594      1562
f               1562      1594      1595
f               1594      1627      1595
f               1595      1627      1628
f               1627      1660      1628
f               1628      1660      1661
f               1660      1693      1661
f               1661      1693      1694
f               1693      1726      1694
f               1694      1726      1727
f               1726      1759      1727
f               1727      1759      1760
f               1759      1792      1760
f               1760      1792      1793
f               1792      1825      1793
f               1793      1825      1826
f               1825      1858      1826
f               1826      1858      1859
f               1858      1891      1859
f               1859      1891      1892
f               1891      1924      1892
f               1892      1924      1925
f               1924      1957      1925
f               1925      1957      1958
f               1957      1990      1958
f               1958      1990      1991
f               1990      2023      1991
f               1991      2023      2024
f               2023      2056      2024
f               2024      2056      2057
f               2056      2089      2057
f               2057      2089      2090
f               2089      2122      2090
f               2090      2122      2123
f               2122      2155      2123
f               2123      2155      2156
f               1067      1134      1068
f               1067      1133      1134
f               1133      1167      1134
f               1133      1166      1167
f               1166      1200      1167
f               1166      1199      1200
f               1199      1233      1200
f               1199      1232      1233
f               1232      1266      1233
f               1232      1265      1266
f               1265      1299      1266
f               1265      1298      1299
f               1298      1332      1299
f               1298      1331      1332
f               1331      1365      1332
f               1331      1364      1365
f               1364      1398      1365
f               1364      1397      1398
f               1397      1431      1398
f               1397      1430      1431
f               1430      1464      1431
f               1430      1463      1464
f               1463      1497      1464
f               1463      1496      1497
f               1496      1530      1497
f               1496      1529      1530
f               1529      1563      1530
f               1529      1562      1563
f               1562      1596      1563
f               1562      1595      1596
f               1595      1629      1596
f               1595      1628      1629
f               1628      1661      1629
f               1629      1661      1662
f               1661      1694      1662
f               1662      1694      1695
f               1694      1727      1695
f               1695      1727      1728
f               1727      1760      1728
f               1728      1760      1761
f               1760      1793      1761
f               1761      1793      1794
f               1793      1826      1794
f               1794      1826      1827
f               1826      1859      1827
f               1827      1859      1860
f               1859      1892      1860
f               1860      1892      1893
f               1892      1925      1893
f               1893      1925      1926
f               1925      1958      1926
f               1926      1958      1959
f               1958      1991      1959
f               1959      1991      1992
f               1991      2024      1992
f               1992      2024      2025
f               2024      2057      2025
f               2025      2057      2058
f               2057      2090      2058
f               2058      2090      2091
f               2090      2123      2091
f               2091      2123      2124
f               2123      2156      2124
f               2124      2156      2157
f               1068      1135      1069
f               1068      1134      1135
f               1134      1168      1135
f               1134      1167      1168
f               1167      1201      1168
f               1167      1200      1201
f               1200      1234      1201
f               1200      1233      1234
f               1233      1267      1234
f               1233      1266      1267
f               1266      1300      1267
f               1266      1299      1300
f               1299      1333      1300
f               1299      1332      1333
f               1332      1366      1333
f               1332      1365      1366
f               1365      1399      1366
f               1365      1398      1399
f               1398      1432      1399
f               1398      1431      1432
f               1431      1465      1432
f               1431      1464      1465
f               1464      1498      1465
f               1464      1497      1498
f               1497      1531      1498
f               1497      1530      1531
f               1530      1564      1531
f               1530      1563      1564
f               1563      1597      1564
f               1563      1596      1597
f               1596      1630      1597
f               1596      1629      1630
f               1629      1662      1630
f               1630      1662      1663
f               1662      1696      1663
f               1662      1695      1696
f               1695      1728      1696
f               1696      1728      1729
f               1728      1761      1729
f               1729      1761      1762
f               1761      1794      1762
f               1762      1794      1795
f               1794      1827      1795
f               1795      1827      1828
f               1827      1860      1828
f               1828      1860      1861
f               1860      1893      1861
f               1861      1893      1894
f               1893      1926      1894
f               1894      1926      1927
f               1926      1959      1927
f               1927      1959      1960
f               1959      1992      1960
f               1960      1992      1993
f               1992      2025      1993
f               1993      2025      2026
f               2025      2058      2026
f               2026      2058      2059
f               2058      2091      2059
f               2059      2091      2092
f               2091      2124      2092
f               2092      2124      2125
f               2124      2157      2125
f               2125      2157      2158
f               1069      1136      1070
f               1069      1135      1136
f               1135      1169      1136
f               1135      1168      1169
f               1168      1202      1169
f               1168      1201      1202
f               1201      1235      1202
f               1201      1234      1235
f               1234      1268      1235
f               1234      1267      1268
f               1267      1301      1268
f               1267      1300      1301
f               1300      1334      1301
f               1300      1333      1334
f               1333      1367      1334
f               1333      1366      1367
f               1366      1399      1367
f               1367      1399      1400
f               1399      1432      1400
f               1400      1432      1433
f               1432      1465      1433
f               1433      1465      1466
f               1465      1498      1466
f               1466      1498      1499
f               1498      1532      1499
f               1498      1531      1532
f               1531      1565      1532
f               1531      1564      1565
f               1564      1598      1565
f               1564      1597      1598
f               1597      1631      1598
f               1597      1630      1631
f               1630      1664      1631
f               1630      1663      1664
f               1663      1697      1664
f               1663      1696      1697
f               1696      1729      1697
f               1697      1729      1730
f               1729      1762      1730
f               1730      1762      1763
f               1762      1795      1763
f               1763      1795      1796
f               1795      1828      1796
f               1796      1828      1829
f               1828      1861      1829
f               1829      1861      1862
f               1861      1894      1862
f               1862      1894      1895
f               1894      1927      1895
f               1895      1927      1928
f               1927      1960      1928
f               1928      1960      1961
f               1960      1993      1961
f               1961      1993      1994
f               1993      2026      1994
f               1994      2026      2027
f               2026      2059      2027
f               2027      2059      2060
f               2059      2092      2060
f               2060      2092      2093
f               2092      2125      2093
f               2093      2125      2126
f               2125      2158      2126
f               2126      2158      2159
f               1070      1137      1071
f               1070      1136      1137
f               1136      1170      1137
f               1136      1169      1170
f               1169      1203      1170
f               1169      1202      1203
f               1202      1236      1203
f               1202      1235      1236
f               1235      1269      1236
f               1235      1268      1269
f               1268      1302      1269
f               1268      1301      1302
f               1301      1335      1302
f               1301      1334      1335
f               1334      1368      1335
f               1334      1367      1368
f               1367      1401      1368
f               1367      1400      1401
f               1400      1433      1401
f               1401      1433      1434
f               1433      1466      1434
f               1434      1466      1467
f               1466      1500      1467
f               1466      1499      1500
f               1499      1533      1500
f               1499      1532      1533
f               1532      1566      1533
f               1532      1565      1566
f               1565      1599      1566
f               1565      1598      1599
f               1598      1632      1599
f               1598      1631      1632
f               1631      1665      1632
f               1631      1664      1665
f               1664      1698      1665
f               1664      1697      1698
f               1697      1730      1698
f               1698      1730      1731
f               1730      1763      1731
f               1731      1763      1764
f               1763      1797      1764
f               1763      1796      1797
f               1796      1829      1797
f               1797      1829      1830
f               1829      1862      1830
f               1830      1862      1863
f               1862      1895      1863
f               1863      1895      1896
f               1895      1928      1896
f               1896      1928      1929
f               1928      1961      1929
f               1929      1961      1962
f               1961      1994      1962
f               1962      1994      1995
f               1994      2027      1995
f               1995      2027      2028
f               2027      2060      2028
f               2028      2060      2061
f               2060      2093      2061
f               2061      2093      2094
f               2093      2126      2094
f               2094      2126      2127
f               2126      2159      2127
f               2127      2159      2160
f               1071      1138      1072
f               1071      1137      1138
f               1137      1171      1138
f               1137      1170      1171
f               1170      1204      1171
f               1170      1203      1204
f               1203      1237      1204
f               1203      1236      1237
f               1236      1270      1237
f               1236      1269      1270
f               1269      1303      1270
f               1269      1302      1303
f               1302      1336      1303
f               1302      1335      1336
f               1335      1368      1336
f               1336      1368      1369
f               1368      1401      1369
f               1369      1401      1402
f               1401      1434      1402
f               1402      1434      1435
f               1434      1468      1435
f               1434      1467      1468
f               1467      1501      1468
f               1467      1500      1501
f               1500      1534      1501
f               1500      1533      1534
f               1533      1567      1534
f               1533      1566      1567
f               1566      1600      1567
f               1566      1599      1600
f               1599      1633      1600
f               1599      1632      1633
f               1632      1666      1633
f               1632      1665      1666
f               1665      1699      1666
f               1665      1698      1699
f               1698      1732      1699
f               1698      1731      1732
f               1731      1764      1732
f               1732      1764      1765
f               1764      1797      1765
f               1765      1797      1798
f               1797      1830      1798
f               1798      1830      1831
f               1830      1863      1831
f               1831      1863      1864
f               1863      1896      1864
f               1864      1896      1897
f               1896      1929      1897
f               1897      1929      1930
f               1929      1962      1930
f               1930      1962      1963
f               1962      1995      1963
f               1963      1995      1996
f               1995      2028      1996
f               1996      2028      2029
f               2028      2061      2029
f               2029      2061      2062
f               2061      2094      2062
f               2062      2094      2095
f               2094      2127      2095
f               2095      2127      2128
f               2127      2160      2128
f               2128      2160      2161
f               1072      1139      1073
f               1072      1138      1139
f               1138      1171      1139
f               1139      1171      1172
f               1171      1204      1172
f               1172      1204      1205
f               1204      1238      1205
f               1204      1237      1238
f               1237      1271      1238
f               1237      1270      1271
f               1270      1304      1271
f               1270      1303      1304
f               1303      1336      1304
f               1304      1336      1337
f               1336      1369      1337
f               1337      1369      1370
f               1369      1402      1370
f               1370      1402      1403
f               1402      1435      1403
f               1403      1435      1436
f               1435      1469      1436
f               1435      1468      1469
f               1468      1502      1469
f               1468      1501      1502
f               1501      1535      1502
f               1501      1534      1535
f               1534      1568      1535
f               1534      1567      1568
f               1567      1601      1568
f               1567      1600      1601
f               1600      1634      1601
f               1600      1633      1634
f               1633      1667      1634
f               1633      1666      1667
f               1666      1700      1667
f               1666      1699      1700
f               1699      1733      1700
f               1699      1732      1733
f               1732      1765      1733
f               1733      1765      1766
f               1765      1798      1766
f               1766      1798      1799
f               1798      1831      1799
f               1799      1831      1832
f               1831      1865      1832
f               1831      1864      1865
f               1864      1898      1865
f               1864      1897      1898
f               1897      1931      1898
f               1897      1930      1931
f               1930      1964      1931
f               1930      1963      1964
f               1963      1996      1964
f               1964      1996      1997
f               1996      2029      1997
f               1997      2029      2030
f               2029      2062      2030
f               2030      2062      2063
f               2062      2095      2063
f               2063      2095      2096
f               2095      2128      2096
f               2096      2128      2129
f               2128      2161      2129
f               2129      2161      2162
f               1073      1139      1074
f               1074      1139      1140
f               1139      1172      1140
f               1140      1172      1173
f               1172      1205      1173
f               1173      1205      1206
f               1205      1238      1206
f               1206      1238      1239
f               1238      1271      1239
f               1239      1271      1272
f               1271      1304      1272
f               1272      1304      1305
f               1304      1337      1305
f               1305      1337      1338
f               1337      1370      1338
f               1338      1370      1371
f               1370      1403      1371
f               1371      1403      1404
f               1403      1436      1404
f               1404      1436      1437
f               1436      1470      1437
f               1436      1469      1470
f               1469      1503      1470
f               1469      1502      1503
f               1502      1536      1503
f               1502      1535      1536
f               1535      1569      1536
f               1535      1568      1569
f               1568      1602      1569
f               1568      1601      1602
f               1601      1635      1602
f               1601      1634      1635
f               1634      1668      1635
f               1634      1667      1668
f               1667      1701      1668
f               1667      1700      1701
f               1700      1734      1701
f               1700      1733      1734
f               1733      1766      1734
f               1734      1766      1767
f               1766      1799      1767
f               1767      1799      1800
f               1799      1833      1800
f               1799      1832      1833
f               1832      1866      1833
f               1832      1865      1866
f               1865      1899      1866
f               1865      1898      1899
f               1898      1932      1899
f               1898      1931      1932
f               1931      1965      1932
f               1931      1964      1965
f               1964      1997      1965
f               1965      1997      1998
f               1997      2031      1998
f               1997      2030      2031
f               2030      2064      2031
f               2030      2063      2064
f               2063      2097      2064
f               2063      2096      2097
f               2096      2129      2097
f               2097      2129      2130
f               2129      2163      2130
f               2129      2162      2163
f               1074      1140      1075
f               1075      1140      1141
f               1140      1173      1141
f               1141      1173      1174
f               1173      1206      1174
f               1174      1206      1207
f               1206      1239      1207
f               1207      1239      1240
f               1239      1272      1240
f               1240      1272      1273
f               1272      1305      1273
f               1273      1305      1306
f               1305      1338      1306
f               1306      1338      1339
f               1338      1371      1339
f               1339      1371      1372
f               1371      1404      1372
f               1372      1404      1405
f               1404      1437      1405
f               1405      1437      1438
f               1437      1470      1438
f               1438      1470      1471
f               1470      1504      1471
f               1470      1503      1504
f               1503      1537      1504
f               1503      1536      1537
f               1536      1570      1537
f               1536      1569      1570
f               1569      1603      1570
f               1569      1602      1603
f               1602      1636      1603
f               1602      1635      1636
f               1635      1668      1636
f               1636      1668      1669
f               1668      1702      1669
f               1668      1701      1702
f               1701      1735      1702
f               1701      1734      1735
f               1734      1767      1735
f               1735      1767      1768
f               1767      1801      1768
f               1767      1800      1801
f               1800      1834      1801
f               1800      1833      1834
f               1833      1867      1834
f               1833      1866      1867
f               1866      1900      1867
f               1866      1899      1900
f               1899      1933      1900
f               1899      1932      1933
f               1932      1966      1933
f               1932      1965      1966
f               1965      1999      1966
f               1965      1998      1999
f               1998      2032      1999
f               1998      2031      2032
f               2031      2065      2032
f               2031      2064      2065
f               2064      2098      2065
f               2064      2097      2098
f               2097      2131      2098
f               2097      2130      2131
f               2130      2164      2131
f               2130      2163      2164
f               1075      1141      1076
f               1076      1141      1142
f               1141      1174      1142
f               1142      1174      1175
f               1174      1207      1175
f               1175      1207      1208
f               1207      1240      1208
f               1208      1240      1241
f               1240      1273      1241
f               1241      1273      1274
f               1273      1306      1274
f               1274      1306      1307
f               1306      1339      1307
f               1307      1339      1340
f               1339      1372      1340
f               1340      1372      1373
f               1372      1406      1373
f               1372      1405      1406
f               1405      1439      1406
f               1405      1438      1439
f               1438      1472      1439
f               1438      1471      1472
f               1471      1505      1472
f               1471      1504      1505
f               1504      1537      1505
f               1505      1537      1538
f               1537      1570      1538
f               1538      1570      1571
f               1570      1604      1571
f               1570      1603      1604
f               1603      1637      1604
f               1603      1636      1637
f               1636      1670      1637
f               1636      1669      1670
f               1669      1703      1670
f               1669      1702      1703
f               1702      1736      1703
f               1702      1735      1736
f               1735      1769      1736
f               1735      1768      1769
f               1768      1802      1769
f               1768      1801      1802
f               1801      1835      1802
f               1801      1834      1835
f               1834      1868      1835
f               1834      1867      1868
f               1867      1901      1868
f               1867      1900      1901
f               1900      1934      1901
f               1900      1933      1934
f               1933      1967      1934
f               1933      1966      1967
f               1966      2000      1967
f               1966      1999      2000
f               1999      2033      2000
f               1999      2032      2033
f               2032      2066      2033
f               2032      2065      2066
f               2065      2099      2066
f               2065      2098      2099
f               2098      2132      2099
f               2098      2131      2132
f               2131      2165      2132
f               2131      2164      2165
f               1076      1142      1077
f               1077      1142      1143
f               1142      1175      1143
f               1143      1175      1176
f               1175      1208      1176
f               1176      1208      1209
f               1208      1241      1209
f               1209      1241      1242
f               1241      1274      1242
f               1242      1274      1275
f               1274      1307      1275
f               1275      1307      1308
f               1307      1340      1308
f               1308      1340      1341
f               1340      1373      1341
f               1341      1373      1374
f               1373      1406      1374
f               1374      1406      1407
f               1406      1440      1407
f               1406      1439      1440
f               1439      1472      1440
f               1440      1472      1473
f               1472      1506      1473
f               1472      1505      1506
f               1505      1538      1506
f               1506      1538      1539
f               1538      1571      1539
f               1539      1571      1572
f               1571      1605      1572
f               1571      1604      1605
f               1604      1638      1605
f               1604      1637      1638
f               1637      1671      1638
f               1637      1670      1671
f               1670      1704      1671
f               1670      1703      1704
f               1703      1737      1704
f               1703      1736      1737
f               1736      1770      1737
f               1736      1769      1770
f               1769      1803      1770
f               1769      1802      1803
f               1802      1836      1803
f               1802      1835      1836
f               1835      1869      1836
f               1835      1868      1869
f               1868      1902      1869
f               1868      1901      1902
f               1901      1935      1902
f               1901      1934      1935
f               1934      1968      1935
f               1934      1967      1968
f               1967      2001      1968
f               1967      2000      2001
f               2000      2034      2001
f               2000      2033      2034
f               2033      2067      2034
f               2033      2066      2067
f               2066      2100      2067
f               2066      2099      2100
f               2099      2133      2100
f               2099      2132      2133
f               2132      2166      2133
f               2132      2165      2166
f               1077      1143      1078
f               1078      1143      1144
f               1143      1176      1144
f               1144      1176      1177
f               1176      1209      1177
f               1177      1209      1210
f               1209      1242      1210
f               1210      1242      1243
f               1242      1275      1243
f               1243      1275      1276
f               1275      1308      1276
f               1276      1308      1309
f               1308      1341      1309
f               1309      1341      1342
f               1341      1374      1342
f               1342      1374      1375
f               1374      1407      1375
f               1375      1407      1408
f               1407      1441      1408
f               1407      1440      1441
f               1440      1474      1441
f               1440      1473      1474
f               1473      1506      1474
f               1474      1506      1507
f               1506      1539      1507
f               1507      1539      1540
f               1539      1572      1540
f               1540      1572      1573
f               1572      1605      1573
f               1573      1605      1606
f               1605      1638      1606
f               1606      1638      1639
f               1638      1672      1639
f               1638      1671      1672
f               1671      1705      1672
f               1671      1704      1705
f               1704      1738      1705
f               1704      1737      1738
f               1737      1771      1738
f               1737      1770      1771
f               1770      1804      1771
f               1770      1803      1804
f               1803      1837      1804
f               1803      1836      1837
f               1836      1870      1837
f               1836      1869      1870
f               1869      1903      1870
f               1869      1902      1903
f               1902      1936      1903
f               1902      1935      1936
f               1935      1969      1936
f               1935      1968      1969
f               1968      2002      1969
f               1968      2001      2002
f               2001      2035      2002
f               2001      2034      2035
f               2034      2068      2035
f               2034      2067      2068
f               2067      2101      2068
f               2067      2100      2101
f               2100      2134      2101
f               2100      2133      2134
f               2133      2167      2134
f               2133      2166      2167
f               1078      1144      1079
f               1079      1144      1145
f               1144      1177      1145
f               1145      1177      1178
f               1177      1210      1178
f               1178      1210      1211
f               1210      1243      1211
f               1211      1243      1244
f               1243      1276      1244
f               1244      1276      1277
f               1276      1309      1277
f               1277      1309      1310
f               1309      1342      1310
f               1310      1342      1343
f               1342      1375      1343
f               1343      1375      1376
f               1375      1408      1376
f               1376      1408      1409
f               1408      1441      1409
f               1409      1441      1442
f               1441      1474      1442
f               1442      1474      1475
f               1474      1507      1475
f               1475      1507      1508
f               1507      1540      1508
f               1508      1540      1541
f               1540      1573      1541
f               1541      1573      1574
f               1573      1606      1574
f               1574      1606      1607
f               1606      1639      1607
f               1607      1639      1640
f               1639      1673      1640
f               1639      1672      1673
f               1672      1706      1673
f               1672      1705      1706
f               1705      1739      1706
f               1705      1738      1739
f               1738      1772      1739
f               1738      1771      1772
f               1771      1805      1772
f               1771      1804      1805
f               1804      1838      1805
f               1804      1837      1838
f               1837      1871      1838
f               1837      1870      1871
f               1870      1904      1871
f               1870      1903      1904
f               1903      1937      1904
f               1903      1936      1937
f               1936      1970      1937
f               1936      1969      1970
f               1969      2003      1970
f               1969      2002      2003
f               2002      2036      2003
f               2002      2035      2036
f               2035      2069      2036
f               2035      2068      2069
f               2068      2102      2069
f               2068      2101      2102
f               2101      2135      2102
f               2101      2134      2135
f               2134      2168      2135
f               2134      2167      2168
f               1079      1145      1080
f               1080      1145      1146
f               1145      1178      1146
f               1146      1178      1179
f               1178      1211      1179
f               1179      1211      1212
f               1211      1244      1212
f               1212      1244      1245
f               1244      1277      1245
f               1245      1277      1278
f               1277      1310      1278
f               1278      1310      1311
f               1310      1343      1311
f               1311      1343      1344
f               1343      1376      1344
f               1344      1376      1377
f               1376      1409      1377
f               1377      1409      1410
f               1409      1442      1410
f               1410      1442      1443
f               1442      1475      1443
f               1443      1475      1476
f               1475      1508      1476
f               1476      1508      1509
f               1508      1541      1509
f               1509      1541      1542
f               1541      1574      1542
f               1542      1574      1575
f               1574      1607      1575
f               1575      1607      1608
f               1607      1640      1608
f               1608      1640      1641
f               1640      1673      1641
f               1641      1673      1674
f               1673      1707      1674
f               1673      1706      1707
f               1706      1740      1707
f               1706      1739      1740
f               1739      1773      1740
f               1739      1772      1773
f               1772      1806      1773
f               1772      1805      1806
f               1805      1839      1806
f               1805      1838      1839
f               1838      1872      1839
f               1838      1871      1872
f               1871      1905      1872
f               1871      1904      1905
f               1904      1938      1905
f               1904      1937      1938
f               1937      1971      1938
f               1937      1970      1971
f               1970      2004      1971
f               1970      2003      2004
f               2003      2037      2004
f               2003      2036      2037
f               2036      2070      2037
f               2036      2069      2070
f               2069      2103      2070
f               2069      2102      2103
f               2102      2136      2103
f               2102      2135      2136
f               2135      2169      2136
f               2135      2168      2169
f               1080      1146      1081
f               1081      1146      1147
f               1146      1179      1147
f               1147      1179      1180
f               1179      1212      1180
f               1180      1212      1213
f               1212      1245      1213
f               1213      1245      1246
f               1245      1278      1246
f               1246      1278      1279
f               1278      1311      1279
f               1279      1311      1312
f               1311      1344      1312
f               1312      1344      1345
f               1344      1377      1345
f               1345      1377      1378
f               1377      1410      1378
f               1378      1410      1411
f               1410      1443      1411
f               1411      1443      1444
f               1443      1476      1444
f               1444      1476      1477
f               1476      1509      1477
f               1477      1509      1510
f               1509      1542      1510
f               1510      1542      1543
f               1542      1575      1543
f               1543      1575      1576
f               1575      1608      1576
f               1576      1608      1609
f               1608      1641      1609
f               1609      1641      1642
f               1641      1674      1642
f               1642      1674      1675
f               1674      1707      1675
f               1675      1707      1708
f               1707      1741      1708
f               1707      1740      1741
f               1740      1774      1741
f               1740      1773      1774
f               1773      1807      1774
f               1773      1806      1807
f               1806      1840      1807
f               1806      1839      1840
f               1839      1873      1840
f               1839      1872      1873
f               1872      1906      1873
f               1872      1905      1906
f               1905      1939      1906
f               1905      1938      1939
f               1938      1972      1939
f               1938      1971      1972
f               1971      2005      1972
f               1971      2004      2005
f               2004      2038      2005
f               2004      2037      2038
f               2037      2071      2038
f               2037      2070      2071
f               2070      2104      2071
f               2070      2103      2104
f               2103      2137      2104
f               2103      2136      2137
f               2136      2170      2137
f               2136      2169      2170
f               1081      1147      1082
f               1082      1147      1148
f               1147      1180      1148
f               1148      1180      1181
f               1180      1213      1181
f               1181      1213      1214
f               1213      1246      1214
f               1214      1246      1247
f               1246      1279      1247
f               1247      1279      1280
f               1279      1312      1280
f               1280      1312      1313
f               1312      1345      1313
f               1313      1345      1346
f               1345      1378      1346
f               1346      1378      1379
f               1378      1411      1379
f               1379      1411      1412
f               1411      1444      1412
f               1412      1444      1445
f               1444      1477      1445
f               1445      1477      1478
f               1477      1510      1478
f               1478      1510      1511
f               1510      1543      1511
f               1511      1543      1544
f               1543      1576      1544
f               1544      1576      1577
f               1576      1609      1577
f               1577      1609      1610
f               1609      1642      1610
f               1610      1642      1643
f               1642      1675      1643
f               1643      1675      1676
f               1675      1708      1676
f               1676      1708      1709
f               1708      1741      1709
f               1709      1741      1742
f               1741      1775      1742
f               1741      1774      1775
f               1774      1808      1775
f               1774      1807      1808
f               1807      1841      1808
f               1807      1840      1841
f               1840      1874      1841
f               1840      1873      1874
f               1873      1907      1874
f               1873      1906      1907
f               1906      1940      1907
f               1906      1939      1940
f               1939      1973      1940
f               1939      1972      1973
f               1972      2006      1973
f               1972      2005      2006
f               2005      2039      2006
f               2005      2038      2039
f               2038      2072      2039
f               2038      2071      2072
f               2071      2105      2072
f               2071      2104      2105
f               2104      2138      2105
f               2104      2137      2138
f               2137      2171      2138
f               2137      2170      2171
f               1082      1148      1083
f               1083      1148      1149
f               1148      1181      1149
f               1149      1181      1182
f               1181      1214      1182
f               1182      1214      1215
f               1214      1247      1215
f               1215      1247      1248
f               1247      1280      1248
f               1248      1280      1281
f               1280      1313      1281
f               1281      1313      1314
f               1313      1346      1314
f               1314      1346      1347
f               1346      1379      1347
f               1347      1379      1380
f               1379      1412      1380
f               1380      1412      1413
f               1412      1445      1413
f               1413      1445      1446
f               1445      1478      1446
f               1446      1478      1479
f               1478      1511      1479
f               1479      1511      1512
f               1511      1544      1512
f               1512      1544      1545
f               1544      1577      1545
f               1545      1577      1578
f               1577      1610      1578
f               1578      1610      1611
f               1610      1643      1611
f               1611      1643      1644
f               1643      1677      1644
f               1643      1676      1677
f               1676      1709      1677
f               1677      1709      1710
f               1709      1743      1710
f               1709      1742      1743
f               1742      1776      1743
f               1742      1775      1776
f               1775      1809      1776
f               1775      1808      1809
f               1808      1842      1809
f               1808      1841      1842
f               1841      1875      1842
f               1841      1874      1875
f               1874      1908      1875
f               1874      1907      1908
f               1907      1941      1908
f               1907      1940      1941
f               1940      1974      1941
f               1940      1973      1974
f               1973      2007      1974
f               1973      2006      2007
f               2006      2040      2007
f               2006      2039      2040
f               2039      2073      2040
f               2039      2072      2073
f               2072      2106      2073
f               2072      2105      2106
f               2105      2139      2106
f               2105      2138      2139
f               2138      2172      2139
f               2138      2171      2172
f               1083      1149      1084
f               1084      1149      1150
f               1149      1182      1150
f               1150      1182      1183
f               1182      1215      1183
f               1183      1215      1216
f               1215      1248      1216
f               1216      1248      1249
f               1248      1281      1249
f               1249      1281      1282
f               1281      1314      1282
f               1282      1314      1315
f               1314      1347      1315
f               1315      1347      1348
f               1347      1380      1348
f               1348      1380      1381
f               1380      1413      1381
f               1381      1413      1414
f               1413      1446      1414
f               1414      1446      1447
f               1446      1479      1447
f               1447      1479      1480
f               1479      1512      1480
f               1480      1512      1513
f               1512      1545      1513
f               1513      1545      1546
f               1545      1578      1546
f               1546      1578      1579
f               1578      1611      1579
f               1579      1611      1612
f               1611      1644      1612
f               1612      1644      1645
f               1644      1678      1645
f               1644      1677      1678
f               1677      1711      1678
f               1677      1710      1711
f               1710      1744      1711
f               1710      1743      1744
f               1743      1777      1744
f               1743      1776      1777
f               1776      1810      1777
f               1776      1809      1810
f               1809      1843      1810
f               1809      1842      1843
f               1842      1876      1843
f               1842      1875      1876
f               1875      1909      1876
f               1875      1908      1909
f               1908      1942      1909
f               1908      1941      1942
f               1941      1975      1942
f               1941      1974      1975
f               1974      2008      1975
f               1974      2007      2008
f               2007      2041      2008
f               2007      2040      2041
f               2040      2074      2041
f               2040      2073      2074
f               2073      2107      2074
f               2073      2106      2107
f               2106      2140      2107
f               2106      2139      2140
f               2139      2173      2140
f               2139      2172      2173
f               1084      1150      1085
f               1085      1150      1151
f               1150      1183      1151
f               1151      1183      1184
f               1183      1216      1184
f               1184      1216      1217
f               1216      1249      1217
f               1217      1249      1250
f               1249      1282      1250
f               1250      1282      1283
f               1282      1315      1283
f               1283      1315      1316
f               1315      1348      1316
f               1316      1348      1349
f               1348      1381      1349
f               1349      1381      1382
f               1381      1414      1382
f               1382      1414      1415
f               1414      1447      1415
f               1415      1447      1448
f               1447      1480      1448
f               1448      1480      1481
f               1480      1513      1481
f               1481      1513      1514
f               1513      1546      1514
f               1514      1546      1547
f               1546      1579      1547
f               1547      1579      1580
f               1579      1613      1580
f               1579      1612      1613
f               1612      1646      1613
f               1612      1645      1646
f               1645      1678      1646
f               1646      1678      1679
f               1678      1712      1679
f               1678      1711      1712
f               1711      1745      1712
f               1711      1744      1745
f               1744      1778      1745
f               1744      1777      1778
f               1777      1811      1778
f               1777      1810      1811
f               1810      1844      1811
f               1810      1843      1844
f               1843      1877      1844
f               1843      1876      1877
f               1876      1910      1877
f               1876      1909      1910
f               1909      1943      1910
f               1909      1942      1943
f               1942      1976      1943
f               1942      1975      1976
f               1975      2009      1976
f               1975      2008      2009
f               2008      2042      2009
f               2008      2041      2042
f               2041      2075      2042
f               2041      2074      2075
f               2074      2108      2075
f               2074      2107      2108
f               2107      2141      2108
f               2107      2140      2141
f               2140      2174      2141
f               2140      2173      2174
f               1085      1151      1086
f               1086      1151      1152
f               1151      1184      1152
f               1152      1184      1185
f               1184      1217      1185
f               1185      1217      1218
f               1217      1250      1218
f               1218      1250      1251
f               1250      1283      1251
f               1251      1283      1284
f               1283      1316      1284
f               1284      1316      1317
f               1316      1349      1317
f               1317      1349      1350
f               1349      1382      1350
f               1350      1382      1383
f               1382      1415      1383
f               1383      1415      1416
f               1415      1448      1416
f               1416      1448      1449
f               1448      1481      1449
f               1449      1481      1482
f               1481      1514      1482
f               1482      1514      1515
f               1514      1548      1515
f               1514      1547      1548
f               1547      1581      1548
f               1547      1580      1581
f               1580      1614      1581
f               1580      1613      1614
f               1613      1647      1614
f               1613      1646      1647
f               1646      1680      1647
f               1646      1679      1680
f               1679      1713      1680
f               1679      1712      1713
f               1712      1746      1713
f               1712      1745      1746
f               1745      1779      1746
f               1745      1778      1779
f               1778      1812      1779
f               1778      1811      1812
f               1811      1845      1812
f               1811      1844      1845
f               1844      1878      1845
f               1844      1877      1878
f               1877      1911      1878
f               1877      1910      1911
f               1910      1944      1911
f               1910      1943      1944
f               1943      1977      1944
f               1943      1976      1977
f               1976      2010      1977
f               1976      2009      2010
f               2009      2043      2010
f               2009      2042      2043
f               2042      2076      2043
f               2042      2075      2076
f               2075      2109      2076
f               2075      2108      2109
f               2108      2142      2109
f               2108      2141      2142
f               2141      2175      2142
f               2141      2174      2175
f               1086      1152      1087
f               1087      1152      1153
f               1152      1185      1153
f               1153      1185      1186
f               1185      1218      1186
f               1186      1218      1219
f               1218      1251      1219
f               1219      1251      1252
f               1251      1284      1252
f               1252      1284      1285
f               1284      1317      1285
f               1285      1317      1318
f               1317      1350      1318
f               1318      1350      1351
f               1350      1383      1351
f               1351      1383      1384
f               1383      1416      1384
f               1384      1416      1417
f               1416      1449      1417
f               1417      1449      1450
f               1449      1482      1450
f               1450      1482      1483
f               1482      1515      1483
f               1483      1515      1516
f               1515      1548      1516
f               1516      1548      1549
f               1548      1582      1549
f               1548      1581      1582
f               1581      1615      1582
f               1581      1614      1615
f               1614      1648      1615
f               1614      1647      1648
f               1647      1681      1648
f               1647      1680      1681
f               1680      1714      1681
f               1680      1713      1714
f               1713      1747      1714
f               1713      1746      1747
f               1746      1780      1747
f               1746      1779      1780
f               1779      1813      1780
f               1779      1812      1813
f               1812      1846      1813
f               1812      1845      1846
f               1845      1879      1846
f               1845      1878      1879
f               1878      1912      1879
f               1878      1911      1912
f               1911      1945      1912
f               1911      1944      1945
f               1944      1978      1945
f               1944      1977      1978
f               1977      2011      1978
f               1977      2010      2011
f               2010      2044      2011
f               2010      2043      2044
f               2043      2077      2044
f               2043      2076      2077
f               2076      2110      2077
f               2076      2109      2110
f               2109      2143      2110
f               2109      2142      2143
f               2142      2176      2143
f               2142      2175      2176
f               1087      1153      1088
f               1088      1153      1154
f               1153      1186      1154
f               1154      1186      1187
f               1186      1219      1187
f               1187      1219      1220
f               1219      1252      1220
f               1220      1252      1253
f               1252      1285      1253
f               1253      1285      1286
f               1285      1318      1286
f               1286      1318      1319
f               1318      1351      1319
f               1319      1351      1352
f               1351      1384      1352
f               1352      1384      1385
f               1384      1417      1385
f               1385      1417      1418
f               1417      1450      1418
f               1418      1450      1451
f               1450      1483      1451
f               1451      1483      1484
f               1483      1516      1484
f               1484      1516      1517
f               1516      1549      1517
f               1517      1549      1550
f               1549      1582      1550
f               1550      1582      1583
f               1582      1615      1583
f               1583      1615      1616
f               1615      1649      1616
f               1615      1648      1649
f               1648      1682      1649
f               1648      1681      1682
f               1681      1715      1682
f               1681      1714      1715
f               1714      1748      1715
f               1714      1747      1748
f               1747      1781      1748
f               1747      1780      1781
f               1780      1814      1781
f               1780      1813      1814
f               1813      1847      1814
f               1813      1846      1847
f               1846      1880      1847
f               1846      1879      1880
f               1879      1913      1880
f               1879      1912      1913
f               1912      1946      1913
f               1912      1945      1946
f               1945      1979      1946
f               1945      1978      1979
f               1978      2012      1979
f               1978      2011      2012
f               2011      2045      2012
f               2011      2044      2045
f               2044      2078      2045
f               2044      2077      2078
f               2077      2111      2078
f               2077      2110      2111
f               2110      2144      2111
f               2110      2143      2144
f               2143      2177      2144
f               2143      2176      2177
f               1088      1154      1089
f               1089      1154      1155
f               1154      1187      1155
f               1155      1187      1188
f               1187      1220      1188
f               1188      1220      1221
f               1220      1253      1221
f               1221      1253      1254
f               1253      1286      1254
f               1254      1286      1287
f               1286      1319      1287
f               1287      1319      1320
f               1319      1352      1320
f               1320      1352      1353
f               1352      1385      1353
f               1353      1385      1386
f               1385      1418      1386
f               1386      1418      1419
f               1418      1451      1419
f               1419      1451      1452
f               1451      1484      1452
f               1452      1484      1485
f               1484      1517      1485
f               1485      1517      1518
f               1517      1550      1518
f               1518      1550      1551
f               1550      1583      1551
f               1551      1583      1584
f               1583      1616      1584
f               1584      1616      1617
f               1616      1649      1617
f               1617      1649      1650
f               1649      1683      1650
f               1649      1682      1683
f               1682      1716      1683
f               1682      1715      1716
f               1715      1749      1716
f               1715      1748      1749
f               1748      1782      1749
f               1748      1781      1782
f               1781      1815      1782
f               1781      1814      1815
f               1814      1848      1815
f               1814      1847      1848
f               1847      1881      1848
f               1847      1880      1881
f               1880      1914      1881
f               1880      1913      1914
f               1913      1947      1914
f               1913      1946      1947
f               1946      1980      1947
f               1946      1979      1980
f               1979      2013      1980
f               1979      2012      2013
f               2012      2046      2013
f               2012      2045      2046
f               2045      2079      2046
f               2045      2078      2079
f               2078      2112      2079
f               2078      2111      2112
f               2111      2145      2112
f               2111      2144      2145
f               2144      2178      2145
f               2144      2177      2178
f                  1      2213        34
f                  1      2212      2213
f               2212      2246      2213
f               2212      2245      2246
f               2245      2279      2246
f               2245      2278      2279
f               2278      2312      2279
f               2278      2311      2312
f               2311      2345      2312
f               2311      2344      2345
f               2344      2378      2345
f               2344      2377      2378
f               2377      2411      2378
f               2377      2410      2411
f               2410      2444      2411
f               2410      2443      2444
f               2443      2477      2444
f               2443      2476      2477
f               2476      2510      2477
f               2476      2509      2510
f               2509      2543      2510
f               2509      2542      2543
f               2542      2576      2543
f               2542      2575      2576
f               2575      2609      2576
f               2575      2608      2609
f               2608      2642      2609
f               2608      2641      2642
f               2641      2674      2642
f               2642      2674      2675
f               2674      2707      2675
f               2675      2707      2708
f               2707      2741      2708
f               2707      2740      2741
f               2740      2774      2741
f               2740      2773      2774
f               2773      2806      2774
f               2774      2806      2807
f               2806      2839      2807
f               2807      2839      2840
f               2839      2872      2840
f               2840      2872      2873
f               2872      2905      2873
f               2873      2905      2906
f               2905      2938      2906
f               2906      2938      2939
f               2938      2971      2939
f               2939      2971      2972
f               2971      3004      2972
f               2972      3004      3005
f               3004      3037      3005
f               3005      3037      3038
f               3037      3070      3038
f               3038      3070      3071
f               3070      3103      3071
f               3071      3103      3104
f               3103      3136      3104
f               3104      3136      3137
f               3136      3169      3137
f               3137      3169      3170
f               3169      3202      3170
f               3170      3202      3203
f               3202      3235      3203
f               3203      3235      3236
f                 34      2214        67
f                 34      2213      2214
f               2213      2247      2214
f               2213      2246      2247
f               2246      2280      2247
f               2246      2279      2280
f               2279      2313      2280
f               2279      2312      2313
f               2312      2346      2313
f               2312      2345      2346
f               2345      2379      2346
f               2345      2378      2379
f               2378      2412      2379
f               2378      2411      2412
f               2411      2445      2412
f               2411      2444      2445
f               2444      2478      2445
f               2444      2477      2478
f               2477      2511      2478
f               2477      2510      2511
f               2510      2544      2511
f               2510      2543      2544
f               2543      2577      2544
f               2543      2576      2577
f               2576      2610      2577
f               2576      2609      2610
f               2609      2643      2610
f               2609      2642      2643
f               2642      2675      2643
f               2643      2675      2676
f               2675      2708      2676
f               2676      2708      2709
f               2708      2742      2709
f               2708      2741      2742
f               2741      2774      2742
f               2742      2774      2775
f               2774      2807      2775
f               2775      2807      2808
f               2807      2840      2808
f               2808      2840      2841
f               2840      2873      2841
f               2841      2873      2874
f               2873      2906      2874
f               2874      2906      2907
f               2906      2939      2907
f               2907      2939      2940
f               2939      2972      2940
f               2940      2972      2973
f               2972      3005      2973
f               2973      3005      3006
f               3005      3038      3006
f               3006      3038      3039
f               3038      3071      3039
f               3039      3071      3072
f               3071      3104      3072
f               3072      3104      3105
f               3104      3137      3105
f               3105      3137      3138
f               3137      3170      3138
f               3138      3170      3171
f               3170      3203      3171
f               3171      3203      3204
f               3203      3236      3204
f               3204      3236      3237
f                 67      2215       100
f                 67      2214      2215
f               2214      2248      2215
f               2214      2247      2248
f               2247      2281      2248
f               2247      2280      2281
f               2280      2314      2281
f               2280      2313      2314
f               2313      2347      2314
f               2313      2346      2347
f               2346      2380      2347
f               2346      2379      2380
f               2379      2413      2380
f               2379      2412      2413
f               2412      2446      2413
f               2412      2445      2446
f               2445      2479      2446
f               2445      2478      2479
f               2478      2512      2479
f               2478      2511      2512
f               2511      2545      2512
f               2511      2544      2545
f               2544      2578      2545
f               2544      2577      2578
f               2577      2611      2578
f               2577      2610      2611
f               2610      2644      2611
f               2610      2643      2644
f               2643      2676      2644
f               2644      2676      2677
f               2676      2709      2677
f               2677      2709      2710
f               2709      2742      2710
f               2710      2742      2743
f               2742      2776      2743
f               2742      2775      2776
f               2775      2808      2776
f               2776      2808      2809
f               2808      2841      2809
f               2809      2841      2842
f               2841      2874      2842
f               2842      2874      2875
f               2874      2907      2875
f               2875      2907      2908
f               2907      2940      2908
f               2908      2940      2941
f               2940      2973      2941
f               2941      2973      2974
f               2973      3006      2974
f               2974      3006      3007
f               3006      3039      3007
f               3007      3039      3040
f               3039      3072      3040
f               3040      3072      3073
f               3072      3105      3073
f               3073      3105      3106
f               3105      3138      3106
f               3106      3138      3139
f               3138      3171      3139
f               3139      3171      3172
f               3171      3204      3172
f               3172      3204      3205
f               3204      3237      3205
f               3205      3237      3238
f                100      2216       133
f                100      2215      2216
f               2215      2249      2216
f               2215      2248      2249
f               2248      2282      2249
f               2248      2281      2282
f               2281      2315      2282
f               2281      2314      2315
f               2314      2348      2315
f               2314      2347      2348
f               2347      2381      2348
f               2347      2380      2381
f               2380      2414      2381
f               2380      2413      2414
f               2413      2447      2414
f               2413      2446      2447
f               2446      2480      2447
f               2446      2479      2480
f               2479      2513      2480
f               2479      2512      2513
f               2512      2546      2513
f               2512      2545      2546
f               2545      2579      2546
f               2545      2578      2579
f               2578      2612      2579
f               2578      2611      2612
f               2611      2644      2612
f               2612      2644      2645
f               2644      2677      2645
f               2645      2677      2678
f               2677      2710      2678
f               2678      2710      2711
f               2710      2743      2711
f               2711      2743      2744
f               2743      2776      2744
f               2744      2776      2777
f               2776      2809      2777
f               2777      2809      2810
f               2809      2842      2810
f               2810      2842      2843
f               2842      2875      2843
f               2843      2875      2876
f               2875      2908      2876
f               2876      2908      2909
f               2908      2941      2909
f               2909      2941      2942
f               2941      2974      2942
f               2942      2974      2975
f               2974      3007      2975
f               2975      3007      3008
f               3007      3040      3008
f               3008      3040      3041
f               3040      3073      3041
f               3041      3073      3074
f               3073      3106      3074
f               3074      3106      3107
f               3106      3139      3107
f               3107      3139      3140
f               3139      3172      3140
f               3140      3172      3173
f               3172      3205      3173
f               3173      3205      3206
f               3205      3238      3206
f               3206      3238      3239
f                133      2217       166
f                133      2216      2217
f               2216      2250      2217
f               2216      2249      2250
f               2249      2283      2250
f               2249      2282      2283
f               2282      2316      2283
f               2282      2315      2316
f               2315      2349      2316
f               2315      2348      2349
f               2348      2382      2349
f               2348      2381      2382
f               2381      2415      2382
f               2381      2414      2415
f               2414      2448      2415
f               2414      2447      2448
f               2447      2481      2448
f               2447      2480      2481
f               2480      2514      2481
f               2480      2513      2514
f               2513      2547      2514
f               2513      2546      2547
f               2546      2580      2547
f               2546      2579      2580
f               2579      2613      2580
f               2579      2612      2613
f               2612      2646      2613
f               2612      2645      2646
f               2645      2678      2646
f               2646      2678      2679
f               2678      2711      2679
f               2679      2711      2712
f               2711      2744      2712
f               2712      2744      2745
f               2744      2777      2745
f               2745      2777      2778
f               2777      2810      2778
f               2778      2810      2811
f               2810      2843      2811
f               2811      2843      2844
f               2843      2876      2844
f               2844      2876      2877
f               2876      2909      2877
f               2877      2909      2910
f               2909      2942      2910
f               2910      2942      2943
f               2942      2975      2943
f               2943      2975      2976
f               2975      3008      2976
f               2976      3008      3009
f               3008      3041      3009
f               3009      3041      3042
f               3041      3074      3042
f               3042      3074      3075
f               3074      3107      3075
f               3075      3107      3108
f               3107      3140      3108
f               3108      3140      3141
f               3140      3173      3141
f               3141      3173      3174
f               3173      3206      3174
f               3174      3206      3207
f               3206      3239      3207
f               3207      3239      3240
f                166      2218       199
f                166      2217      2218
f               2217      2251      2218
f               2217      2250      2251
f               2250      2284      2251
f               2250      2283      2284
f               2283      2317      2284
f               2283      2316      2317
f               2316      2350      2317
f               2316      2349      2350
f               2349      2383      2350
f               2349      2382      2383
f               2382      2416      2383
f               2382      2415      2416
f               2415      2449      2416
f               2415      2448      2449
f               2448      2482      2449
f               2448      2481      2482
f               2481      2515      2482
f               2481      2514      2515
f               2514      2548      2515
f               2514      2547      2548
f               2547      2581      2548
f               2547      2580      2581
f               2580      2614      2581
f               2580      2613      2614
f               2613      2646      2614
f               2614      2646      2647
f               2646      2680      2647
f               2646      2679      2680
f               2679      2713      2680
f               2679      2712      2713
f               2712      2745      2713
f               2713      2745      2746
f               2745      2778      2746
f               2746      2778      2779
f               2778      2811      2779
f               2779      2811      2812
f               2811      2844      2812
f               2812      2844      2845
f               2844      2877      2845
f               2845      2877      2878
f               2877      2910      2878
f               2878      2910      2911
f               2910      2943      2911
f               2911      2943      2944
f               2943      2976      2944
f               2944      2976      2977
f               2976      3009      2977
f               2977      3009      3010
f               3009      3042      3010
f               3010      3042      3043
f               3042      3075      3043
f               3043      3075      3076
f               3075      3108      3076
f               3076      3108      3109
f               3108      3141      3109
f               3109      3141      3142
f               3141      3174      3142
f               3142      3174      3175
f               3174      3207      3175
f               3175      3207      3208
f               3207      3240      3208
f               3208      3240      3241
f                199      2219       232
f                199      2218      2219
f               2218      2252      2219
f               2218      2251      2252
f               2251      2285      2252
f               2251      2284      2285
f               2284      2318      2285
f               2284      2317      2318
f               2317      2351      2318
f               2317      2350      2351
f               2350      2384      2351
f               2350      2383      2384
f               2383      2417      2384
f               2383      2416      2417
f               2416      2450      2417
f               2416      2449      2450
f               2449      2483      2450
f               2449      2482      2483
f               2482      2516      2483
f               2482      2515      2516
f               2515      2549      2516
f               2515      2548      2549
f               2548      2582      2549
f               2548      2581      2582
f               2581      2615      2582
f               2581      2614      2615
f               2614      2648      2615
f               2614      2647      2648
f               2647      2681      2648
f               2647      2680      2681
f               2680      2714      2681
f               2680      2713      2714
f               2713      2746      2714
f               2714      2746      2747
f               2746      2779      2747
f               2747      2779      2780
f               2779      2812      2780
f               2780      2812      2813
f               2812      2845      2813
f               2813      2845      2846
f               2845      2878      2846
f               2846      2878      2879
f               2878      2911      2879
f               2879      2911      2912
f               2911      2944      2912
f               2912      2944      2945
f               2944      2977      2945
f               2945      2977      2978
f               2977      3010      2978
f               2978      3010      3011
f               3010      3043      3011
f               3011      3043      3044
f               3043      3076      3044
f               3044      3076      3077
f               3076      3109      3077
f               3077      3109      3110
f               3109      3142      3110
f               3110      3142      3143
f               3142      3175      3143
f               3143      3175      3176
f               3175      3208      3176
f               3176      3208      3209
f               3208      3241      3209
f               3209      3241      3242
f                232      2220       265
f                232      2219      2220
f               2219      2253      2220
f               2219      2252      2253
f               2252      2286      2253
f               2252      2285      2286
f               2285      2319      2286
f               2285      2318      2319
f               2318      2352      2319
f               2318      2351      2352
f               2351      2385      2352
f               2351      2384      2385
f               2384      2418      2385
f               2384      2417      2418
f               2417      2451      2418
f               2417      2450      2451
f               2450      2484      2451
f               2450      2483      2484
f               2483      2517      2484
f               2483      2516      2517
f               2516      2549      2517
f               2517      2549      2550
f               2549      2583      2550
f               2549      2582      2583
f               2582      2616      2583
f               2582      2615      2616
f               2615      2649      2616
f               2615      2648      2649
f               2648      2682      2649
f               2648      2681      2682
f               2681      2715      2682
f               2681      2714      2715
f               2714      2747      2715
f               2715      2747      2748
f               2747      2780      2748
f               2748      2780      2781
f               2780      2813      2781
f               2781      2813      2814
f               2813      2846      2814
f               2814      2846      2847
f               2846      2879      2847
f               2847      2879      2880
f               2879      2912      2880
f               2880      2912      2913
f               2912      2945      2913
f               2913      2945      2946
f               2945      2978      2946
f               2946      2978      2979
f               2978      3011      2979
f               2979      3011      3012
f               3011      3044      3012
f               3012      3044      3045
f               3044      3077      3045
f               3045      3077      3078
f               3077      3110      3078
f               3078      3110      3111
f               3110      3143      3111
f               3111      3143      3144
f               3143      3176      3144
f               3144      3176      3177
f               3176      3209      3177
f               3177      3209      3210
f               3209      3242      3210
f               3210      3242      3243
f                265      2221       298
f                265      2220      2221
f               2220      2254      2221
f               2220      2253      2254
f               2253      2287      2254
f               2253      2286      2287
f               2286      2320      2287
f               2286      2319      2320
f               2319      2353      2320
f               2319      2352      2353
f               2352      2386      2353
f               2352      2385      2386
f               2385      2419      2386
f               2385      2418      2419
f               2418      2452      2419
f               2418      2451      2452
f               2451      2485      2452
f               2451      2484      2485
f               2484      2518      2485
f               2484      2517      2518
f               2517      2551      2518
f               2517      2550      2551
f               2550      2584      2551
f               2550      2583      2584
f               2583      2617      2584
f               2583      2616      2617
f               2616      2650      2617
f               2616      2649      2650
f               2649      2683      2650
f               2649      2682      2683
f               2682      2715      2683
f               2683      2715      2716
f               2715      2748      2716
f               2716      2748      2749
f               2748      2781      2749
f               2749      2781      2782
f               2781      2814      2782
f               2782      2814      2815
f               2814      2847      2815
f               2815      2847      2848
f               2847      2880      2848
f               2848      2880      2881
f               2880      2913      2881
f               2881      2913      2914
f               2913      2946      2914
f               2914      2946      2947
f               2946      2979      2947
f               2947      2979      2980
f               2979      3012      2980
f               2980      3012      3013
f               3012      3045      3013
f               3013      3045      3046
f               3045      3078      3046
f               3046      3078      3079
f               3078      3111      3079
f               3079      3111      3112
f               3111      3144      3112
f               3112      3144      3145
f               3144      3177      3145
f               3145      3177      3178
f               3177      3210      3178
f               3178      3210      3211
f               3210      3243      3211
f               3211      3243      3244
f                298      2222       331
f                298      2221      2222
f               2221      2255      2222
f               2221      2254      2255
f               2254      2288      2255
f               2254      2287      2288
f               2287      2321      2288
f               2287      2320      2321
f               2320      2354      2321
f               2320      2353      2354
f               2353      2387      2354
f               2353      2386      2387
f               2386      2420      2387
f               2386      2419      2420
f               2419      2453      2420
f               2419      2452      2453
f               2452      2486      2453
f               2452      2485      2486
f               2485      2519      2486
f               2485      2518      2519
f               2518      2551      2519
f               2519      2551      2552
f               2551      2584      2552
f               2552      2584      2585
f               2584      2617      2585
f               2585      2617      2618
f               2617      2650      2618
f               2618      2650      2651
f               2650      2683      2651
f               2651      2683      2684
f               2683      2716      2684
f               2684      2716      2717
f               2716      2750      2717
f               2716      2749      2750
f               2749      2783      2750
f               2749      2782      2783
f               2782      2816      2783
f               2782      2815      2816
f               2815      2849      2816
f               2815      2848      2849
f               2848      2881      2849
f               2849      2881      2882
f               2881      2914      2882
f               2882      2914      2915
f               2914      2947      2915
f               2915      2947      2948
f               2947      2980      2948
f               2948      2980      2981
f               2980      3013      2981
f               2981      3013      3014
f               3013      3046      3014
f               3014      3046      3047
f               3046      3079      3047
f               3047      3079      3080
f               3079      3112      3080
f               3080      3112      3113
f               3112      3145      3113
f               3113      3145      3146
f               3145      3178      3146
f               3146      3178      3179
f               3178      3211      3179
f               3179      3211      3212
f               3211      3244      3212
f               3212      3244      3245
f                331      2223       364
f                331      2222      2223
f               2222      2256      2223
f               2222      2255      2256
f               2255      2289      2256
f               2255      2288      2289
f               2288      2322      2289
f               2288      2321      2322
f               2321      2355      2322
f               2321      2354      2355
f               2354      2388      2355
f               2354      2387      2388
f               2387      2421      2388
f               2387      2420      2421
f               2420      2454      2421
f               2420      2453      2454
f               2453      2487      2454
f               2453      2486      2487
f               2486      2520      2487
f               2486      2519      2520
f               2519      2552      2520
f               2520      2552      2553
f               2552      2585      2553
f               2553      2585      2586
f               2585      2618      2586
f               2586      2618      2619
f               2618      2651      2619
f               2619      2651      2652
f               2651      2684      2652
f               2652      2684      2685
f               2684      2717      2685
f               2685      2717      2718
f               2717      2751      2718
f               2717      2750      2751
f               2750      2784      2751
f               2750      2783      2784
f               2783      2817      2784
f               2783      2816      2817
f               2816      2850      2817
f               2816      2849      2850
f               2849      2882      2850
f               2850      2882      2883
f               2882      2915      2883
f               2883      2915      2916
f               2915      2948      2916
f               2916      2948      2949
f               2948      2981      2949
f               2949      2981      2982
f               2981      3014      2982
f               2982      3014      3015
f               3014      3047      3015
f               3015      3047      3048
f               3047      3080      3048
f               3048      3080      3081
f               3080      3113      3081
f               3081      3113      3114
f               3113      3146      3114
f               3114      3146      3147
f               3146      3179      3147
f               3147      3179      3180
f               3179      3212      3180
f               3180      3212      3213
f               3212      3245      3213
f               3213      3245      3246
f                364      2224       397
f                364      2223      2224
f               2223      2257      2224
f               2223      2256      2257
f               2256      2290      2257
f               2256      2289      2290
f               2289      2323      2290
f               2289      2322      2323
f               2322      2356      2323
f               2322      2355      2356
f               2355      2389      2356
f               2355      2388      2389
f               2388      2422      2389
f               2388      2421      2422
f               2421      2455      2422
f               2421      2454      2455
f               2454      2488      2455
f               2454      2487      2488
f               2487      2521      2488
f               2487      2520      2521
f               2520      2554      2521
f               2520      2553      2554
f               2553      2586      2554
f               2554      2586      2587
f               2586      2619      2587
f               2587      2619      2620
f               2619      2652      2620
f               2620      2652      2653
f               2652      2685      2653
f               2653      2685      2686
f               2685      2718      2686
f               2686      2718      2719
f               2718      2752      2719
f               2718      2751      2752
f               2751      2785      2752
f               2751      2784      2785
f               2784      2818      2785
f               2784      2817      2818
f               2817      2851      2818
f               2817      2850      2851
f               2850      2883      2851
f               2851      2883      2884
f               2883      2916      2884
f               2884      2916      2917
f               2916      2949      2917
f               2917      2949      2950
f               2949      2982      2950
f               2950      2982      2983
f               2982      3015      2983
f               2983      3015      3016
f               3015      3048      3016
f               3016      3048      3049
f               3048      3081      3049
f               3049      3081      3082
f               3081      3114      3082
f               3082      3114      3115
f               3114      3147      3115
f               3115      3147      3148
f               3147      3180      3148
f               3148      3180      3181
f               3180      3213      3181
f               3181      3213      3214
f               3213      3246      3214
f               3214      3246      3247
f                397      2225       430
f                397      2224      2225
f               2224      2258      2225
f               2224      2257      2258
f               2257      2291      2258
f               2257      2290      2291
f               2290      2324      2291
f               2290      2323      2324
f               2323      2357      2324
f               2323      2356      2357
f               2356      2390      2357
f               2356      2389      2390
f               2389      2423      2390
f               2389      2422      2423
f               2422      2455      2423
f               2423      2455      2456
f               2455      2488      2456
f               2456      2488      2489
f               2488      2522      2489
f               2488      2521      2522
f               2521      2555      2522
f               2521      2554      2555
f               2554      2588      2555
f               2554      2587      2588
f               2587      2621      2588
f               2587      2620      2621
f               2620      2654      2621
f               2620      2653      2654
f               2653      2687      2654
f               2653      2686      2687
f               2686      2720      2687
f               2686      2719      2720
f               2719      2753      2720
f               2719      2752      2753
f               2752      2785      2753
f               2753      2785      2786
f               2785      2819      2786
f               2785      2818      2819
f               2818      2852      2819
f               2818      2851      2852
f               2851      2884      2852
f               2852      2884      2885
f               2884      2917      2885
f               2885      2917      2918
f               2917      2950      2918
f               2918      2950      2951
f               2950      2983      2951
f               2951      2983      2984
f               2983      3016      2984
f               2984      3016      3017
f               3016      3049      3017
f               3017      3049      3050
f               3049      3082      3050
f               3050      3082      3083
f               3082      3115      3083
f               3083      3115      3116
f               3115      3148      3116
f               3116      3148      3149
f               3148      3181      3149
f               3149      3181      3182
f               3181      3214      3182
f               3182      3214      3215
f               3214      3247      3215
f               3215      3247      3248
f                430      2226       463
f                430      2225      2226
f               2225      2259      2226
f               2225      2258      2259
f               2258      2292      2259
f               2258      2291      2292
f               2291      2325      2292
f               2291      2324      2325
f               2324      2358      2325
f               2324      2357      2358
f               2357      2391      2358
f               2357      2390      2391
f               2390      2424      2391
f               2390      2423      2424
f               2423      2457      2424
f               2423      2456      2457
f               2456      2490      2457
f               2456      2489      2490
f               2489      2523      2490
f               2489      2522      2523
f               2522      2556      2523
f               2522      2555      2556
f               2555      2589      2556
f               2555      2588      2589
f               2588      2622      2589
f               2588      2621      2622
f               2621      2655      2622
f               2621      2654      2655
f               2654      2688      2655
f               2654      2687      2688
f               2687      2721      2688
f               2687      2720      2721
f               2720      2754      2721
f               2720      2753      2754
f               2753      2787      2754
f               2753      2786      2787
f               2786      2820      2787
f               2786      2819      2820
f               2819      2852      2820
f               2820      2852      2853
f               2852      2885      2853
f               2853      2885      2886
f               2885      2918      2886
f               2886      2918      2919
f               2918      2951      2919
f               2919      2951      2952
f               2951      2984      2952
f               2952      2984      2985
f               2984      3017      2985
f               2985      3017      3018
f               3017      3050      3018
f               3018      3050      3051
f               3050      3083      3051
f               3051      3083      3084
f               3083      3116      3084
f               3084      3116      3117
f               3116      3149      3117
f               3117      3149      3150
f               3149      3182      3150
f               3150      3182      3183
f               3182      3215      3183
f               3183      3215      3216
f               3215      3248      3216
f               3216      3248      3249
f                463      2226       496
f                496      2226      2227
f               2226      2260      2227
f               2226      2259      2260
f               2259      2293      2260
f               2259      2292      2293
f               2292      2326      2293
f               2292      2325      2326
f               2325      2359      2326
f               2325      2358      2359
f               2358      2392      2359
f               2358      2391      2392
f               2391      2425      2392
f               2391      2424      2425
f               2424      2458      2425
f               2424      2457      2458
f               2457      2491      2458
f               2457      2490      2491
f               2490      2524      2491
f               2490      2523      2524
f               2523      2557      2524
f               2523      2556      2557
f               2556      2589      2557
f               2557      2589      2590
f               2589      2623      2590
f               2589      2622      2623
f               2622      2656      2623
f               2622      2655      2656
f               2655      2689      2656
f               2655      2688      2689
f               2688      2722      2689
f               2688      2721      2722
f               2721      2755      2722
f               2721      2754      2755
f               2754      2787      2755
f               2755      2787      2788
f               2787      2820      2788
f               2788      2820      2821
f               2820      2853      2821
f               2821      2853      2854
f               2853      2886      2854
f               2854      2886      2887
f               2886      2919      2887
f               2887      2919      2920
f               2919      2952      2920
f               2920      2952      2953
f               2952      2986      2953
f               2952      2985      2986
f               2985      3019      2986
f               2985      3018      3019
f               3018      3051      3019
f               3019      3051      3052
f               3051      3084      3052
f               3052      3084      3085
f               3084      3117      3085
f               3085      3117      3118
f               3117      3150      3118
f               3118      3150      3151
f               3150      3183      3151
f               3151      3183      3184
f               3183      3216      3184
f               3184      3216      3217
f               3216      3249      3217
f               3217      3249      3250
f                496      2227       529
f                529      2227      2228
f               2227      2260      2228
f               2228      2260      2261
f               2260      2293      2261
f               2261      2293      2294
f               2293      2327      2294
f               2293      2326      2327
f               2326      2360      2327
f               2326      2359      2360
f               2359      2393      2360
f               2359      2392      2393
f               2392      2426      2393
f               2392      2425      2426
f               2425      2458      2426
f               2426      2458      2459
f               2458      2492      2459
f               2458      2491      2492
f               2491      2525      2492
f               2491      2524      2525
f               2524      2558      2525
f               2524      2557      2558
f               2557      2591      2558
f               2557      2590      2591
f               2590      2624      2591
f               2590      2623      2624
f               2623      2657      2624
f               2623      2656      2657
f               2656      2690      2657
f               2656      2689      2690
f               2689      2723      2690
f               2689      2722      2723
f               2722      2756      2723
f               2722      2755      2756
f               2755      2789      2756
f               2755      2788      2789
f               2788      2821      2789
f               2789      2821      2822
f               2821      2854      2822
f               2822      2854      2855
f               2854      2887      2855
f               2855      2887      2888
f               2887      2920      2888
f               2888      2920      2921
f               2920      2954      2921
f               2920      2953      2954
f               2953      2987      2954
f               2953      2986      2987
f               2986      3020      2987
f               2986      3019      3020
f               3019      3052      3020
f               3020      3052      3053
f               3052      3085      3053
f               3053      3085      3086
f               3085      3118      3086
f               3086      3118      3119
f               3118      3151      3119
f               3119      3151      3152
f               3151      3184      3152
f               3152      3184      3185
f               3184      3217      3185
f               3185      3217      3218
f               3217      3250      3218
f               3218      3250      3251
f                529      2228       562
f                562      2228      2229
f               2228      2261      2229
f               2229      2261      2262
f               2261      2294      2262
f               2262      2294      2295
f               2294      2327      2295
f               2295      2327      2328
f               2327      2361      2328
f               2327      2360      2361
f               2360      2393      2361
f               2361      2393      2394
f               2393      2427      2394
f               2393      2426      2427
f               2426      2460      2427
f               2426      2459      2460
f               2459      2493      2460
f               2459      2492      2493
f               2492      2526      2493
f               2492      2525      2526
f               2525      2559      2526
f               2525      2558      2559
f               2558      2592      2559
f               2558      2591      2592
f               2591      2625      2592
f               2591      2624      2625
f               2624      2658      2625
f               2624      2657      2658
f               2657      2691      2658
f               2657      2690      2691
f               2690      2724      2691
f               2690      2723      2724
f               2723      2756      2724
f               2724      2756      2757
f               2756      2790      2757
f               2756      2789      2790
f               2789      2822      2790
f               2790      2822      2823
f               2822      2855      2823
f               2823      2855      2856
f               2855      2889      2856
f               2855      2888      2889
f               2888      2922      2889
f               2888      2921      2922
f               2921      2955      2922
f               2921      2954      2955
f               2954      2987      2955
f               2955      2987      2988
f               2987      3020      2988
f               2988      3020      3021
f               3020      3053      3021
f               3021      3053      3054
f               3053      3087      3054
f               3053      3086      3087
f               3086      3120      3087
f               3086      3119      3120
f               3119      3153      3120
f               3119      3152      3153
f               3152      3186      3153
f               3152      3185      3186
f               3185      3219      3186
f               3185      3218      3219
f               3218      3252      3219
f               3218      3251      3252
f                562      2229       595
f                595      2229      2230
f               2229      2262      2230
f               2230      2262      2263
f               2262      2295      2263
f               2263      2295      2296
f               2295      2329      2296
f               2295      2328      2329
f               2328      2361      2329
f               2329      2361      2362
f               2361      2394      2362
f               2362      2394      2395
f               2394      2427      2395
f               2395      2427      2428
f               2427      2461      2428
f               2427      2460      2461
f               2460      2494      2461
f               2460      2493      2494
f               2493      2527      2494
f               2493      2526      2527
f               2526      2560      2527
f               2526      2559      2560
f               2559      2593      2560
f               2559      2592      2593
f               2592      2626      2593
f               2592      2625      2626
f               2625      2659      2626
f               2625      2658      2659
f               2658      2691      2659
f               2659      2691      2692
f               2691      2724      2692
f               2692      2724      2725
f               2724      2757      2725
f               2725      2757      2758
f               2757      2791      2758
f               2757      2790      2791
f               2790      2824      2791
f               2790      2823      2824
f               2823      2857      2824
f               2823      2856      2857
f               2856      2890      2857
f               2856      2889      2890
f               2889      2923      2890
f               2889      2922      2923
f               2922      2956      2923
f               2922      2955      2956
f               2955      2989      2956
f               2955      2988      2989
f               2988      3022      2989
f               2988      3021      3022
f               3021      3055      3022
f               3021      3054      3055
f               3054      3088      3055
f               3054      3087      3088
f               3087      3121      3088
f               3087      3120      3121
f               3120      3154      3121
f               3120      3153      3154
f               3153      3187      3154
f               3153      3186      3187
f               3186      3220      3187
f               3186      3219      3220
f               3219      3253      3220
f               3219      3252      3253
f                595      2230       628
f                628      2230      2231
f               2230      2263      2231
f               2231      2263      2264
f               2263      2296      2264
f               2264      2296      2297
f               2296      2329      2297
f               2297      2329      2330
f               2329      2362      2330
f               2330      2362      2363
f               2362      2395      2363
f               2363      2395      2396
f               2395      2428      2396
f               2396      2428      2429
f               2428      2461      2429
f               2429      2461      2462
f               2461      2494      2462
f               2462      2494      2495
f               2494      2528      2495
f               2494      2527      2528
f               2527      2560      2528
f               2528      2560      2561
f               2560      2594      2561
f               2560      2593      2594
f               2593      2626      2594
f               2594      2626      2627
f               2626      2659      2627
f               2627      2659      2660
f               2659      2692      2660
f               2660      2692      2693
f               2692      2725      2693
f               2693      2725      2726
f               2725      2758      2726
f               2726      2758      2759
f               2758      2792      2759
f               2758      2791      2792
f               2791      2825      2792
f               2791      2824      2825
f               2824      2858      2825
f               2824      2857      2858
f               2857      2891      2858
f               2857      2890      2891
f               2890      2924      2891
f               2890      2923      2924
f               2923      2957      2924
f               2923      2956      2957
f               2956      2990      2957
f               2956      2989      2990
f               2989      3023      2990
f               2989      3022      3023
f               3022      3056      3023
f               3022      3055      3056
f               3055      3089      3056
f               3055      3088      3089
f               3088      3122      3089
f               3088      3121      3122
f               3121      3155      3122
f               3121      3154      3155
f               3154      3188      3155
f               3154      3187      3188
f               3187      3221      3188
f               3187      3220      3221
f               3220      3254      3221
f               3220      3253      3254
f                628      2231       661
f                661      2231      2232
f               2231      2264      2232
f               2232      2264      2265
f               2264      2297      2265
f               2265      2297      2298
f               2297      2330      2298
f               2298      2330      2331
f               2330      2363      2331
f               2331      2363      2364
f               2363      2396      2364
f               2364      2396      2397
f               2396      2429      2397
f               2397      2429      2430
f               2429      2462      2430
f               2430      2462      2463
f               2462      2495      2463
f               2463      2495      2496
f               2495      2528      2496
f               2496      2528      2529
f               2528      2561      2529
f               2529      2561      2562
f               2561      2594      2562
f               2562      2594      2595
f               2594      2627      2595
f               2595      2627      2628
f               2627      2660      2628
f               2628      2660      2661
f               2660      2693      2661
f               2661      2693      2694
f               2693      2726      2694
f               2694      2726      2727
f               2726      2759      2727
f               2727      2759      2760
f               2759      2793      2760
f               2759      2792      2793
f               2792      2826      2793
f               2792      2825      2826
f               2825      2859      2826
f               2825      2858      2859
f               2858      2892      2859
f               2858      2891      2892
f               2891      2925      2892
f               2891      2924      2925
f               2924      2958      2925
f               2924      2957      2958
f               2957      2991      2958
f               2957      2990      2991
f               2990      3024      2991
f               2990      3023      3024
f               3023      3057      3024
f               3023      3056      3057
f               3056      3090      3057
f               3056      3089      3090
f               3089      3123      3090
f               3089      3122      3123
f               3122      3156      3123
f               3122      3155      3156
f               3155      3189      3156
f               3155      3188      3189
f               3188      3222      3189
f               3188      3221      3222
f               3221      3255      3222
f               3221      3254      3255
f                661      2232       694
f                694      2232      2233
f               2232      2265      2233
f               2233      2265      2266
f               2265      2298      2266
f               2266      2298      2299
f               2298      2331      2299
f               2299      2331      2332
f               2331      2364      2332
f               2332      2364      2365
f               2364      2397      2365
f               2365      2397      2398
f               2397      2430      2398
f               2398      2430      2431
f               2430      2463      2431
f               2431      2463      2464
f               2463      2496      2464
f               2464      2496      2497
f               2496      2529      2497
f               2497      2529      2530
f               2529      2562      2530
f               2530      2562      2563
f               2562      2595      2563
f               2563      2595      2596
f               2595      2628      2596
f               2596      2628      2629
f               2628      2661      2629
f               2629      2661      2662
f               2661      2694      2662
f               2662      2694      2695
f               2694      2727      2695
f               2695      2727      2728
f               2727      2760      2728
f               2728      2760      2761
f               2760      2794      2761
f               2760      2793      2794
f               2793      2827      2794
f               2793      2826      2827
f               2826      2860      2827
f               2826      2859      2860
f               2859      2893      2860
f               2859      2892      2893
f               2892      2926      2893
f               2892      2925      2926
f               2925      2959      2926
f               2925      2958      2959
f               2958      2992      2959
f               2958      2991      2992
f               2991      3025      2992
f               2991      3024      3025
f               3024      3058      3025
f               3024      3057      3058
f               3057      3091      3058
f               3057      3090      3091
f               3090      3124      3091
f               3090      3123      3124
f               3123      3157      3124
f               3123      3156      3157
f               3156      3190      3157
f               3156      3189      3190
f               3189      3223      3190
f               3189      3222      3223
f               3222      3256      3223
f               3222      3255      3256
f                694      2233       727
f                727      2233      2234
f               2233      2266      2234
f               2234      2266      2267
f               2266      2299      2267
f               2267      2299      2300
f               2299      2332      2300
f               2300      2332      2333
f               2332      2365      2333
f               2333      2365      2366
f               2365      2398      2366
f               2366      2398      2399
f               2398      2431      2399
f               2399      2431      2432
f               2431      2464      2432
f               2432      2464      2465
f               2464      2497      2465
f               2465      2497      2498
f               2497      2531      2498
f               2497      2530      2531
f               2530      2563      2531
f               2531      2563      2564
f               2563      2596      2564
f               2564      2596      2597
f               2596      2629      2597
f               2597      2629      2630
f               2629      2662      2630
f               2630      2662      2663
f               2662      2695      2663
f               2663      2695      2696
f               2695      2728      2696
f               2696      2728      2729
f               2728      2762      2729
f               2728      2761      2762
f               2761      2795      2762
f               2761      2794      2795
f               2794      2828      2795
f               2794      2827      2828
f               2827      2861      2828
f               2827      2860      2861
f               2860      2894      2861
f               2860      2893      2894
f               2893      2927      2894
f               2893      2926      2927
f               2926      2960      2927
f               2926      2959      2960
f               2959      2993      2960
f               2959      2992      2993
f               2992      3026      2993
f               2992      3025      3026
f               3025      3059      3026
f               3025      3058      3059
f               3058      3092      3059
f               3058      3091      3092
f               3091      3125      3092
f               3091      3124      3125
f               3124      3158      3125
f               3124      3157      3158
f               3157      3191      3158
f               3157      3190      3191
f               3190      3224      3191
f               3190      3223      3224
f               3223      3257      3224
f               3223      3256      3257
f                727      2234       760
f                760      2234      2235
f               2234      2267      2235
f               2235      2267      2268
f               2267      2300      2268
f               2268      2300      2301
f               2300      2333      2301
f               2301      2333      2334
f               2333      2366      2334
f               2334      2366      2367
f               2366      2399      2367
f               2367      2399      2400
f               2399      2432      2400
f               2400      2432      2433
f               2432      2465      2433
f               2433      2465      2466
f               2465      2498      2466
f               2466      2498      2499
f               2498      2531      2499
f               2499      2531      2532
f               2531      2564      2532
f               2532      2564      2565
f               2564      2597      2565
f               2565      2597      2598
f               2597      2630      2598
f               2598      2630      2631
f               2630      2664      2631
f               2630      2663      2664
f               2663      2697      2664
f               2663      2696      2697
f               2696      2730      2697
f               2696      2729      2730
f               2729      2763      2730
f               2729      2762      2763
f               2762      2795      2763
f               2763      2795      2796
f               2795      2829      2796
f               2795      2828      2829
f               2828      2862      2829
f               2828      2861      2862
f               2861      2895      2862
f               2861      2894      2895
f               2894      2928      2895
f               2894      2927      2928
f               2927      2961      2928
f               2927      2960      2961
f               2960      2994      2961
f               2960      2993      2994
f               2993      3027      2994
f               2993      3026      3027
f               3026      3060      3027
f               3026      3059      3060
f               3059      3093      3060
f               3059      3092      3093
f               3092      3126      3093
f               3092      3125      3126
f               3125      3159      3126
f               3125      3158      3159
f               3158      3192      3159
f               3158      3191      3192
f               3191      3225      3192
f               3191      3224      3225
f               3224      3258      3225
f               3224      3257      3258
f                760      2235       793
f                793      2235      2236
f               2235      2268      2236
f               2236      2268      2269
f               2268      2301      2269
f               2269      2301      2302
f               2301      2334      2302
f               2302      2334      2335
f               2334      2367      2335
f               2335      2367      2368
f               2367      2400      2368
f               2368      2400      2401
f               2400      2433      2401
f               2401      2433      2434
f               2433      2466      2434
f               2434      2466      2467
f               2466      2499      2467
f               2467      2499      2500
f               2499      2532      2500
f               2500      2532      2533
f               2532      2565      2533
f               2533      2565      2566
f               2565      2599      2566
f               2565      2598      2599
f               2598      2631      2599
f               2599      2631      2632
f               2631      2664      2632
f               2632      2664      2665
f               2664      2697      2665
f               2665      2697      2698
f               2697      2730      2698
f               2698      2730      2731
f               2730      2763      2731
f               2731      2763      2764
f               2763      2797      2764
f               2763      2796      2797
f               2796      2830      2797
f               2796      2829      2830
f               2829      2862      2830
f               2830      2862      2863
f               2862      2896      2863
f               2862      2895      2896
f               2895      2929      2896
f               2895      2928      2929
f               2928      2962      2929
f               2928      2961      2962
f               2961      2995      2962
f               2961      2994      2995
f               2994      3028      2995
f               2994      3027      3028
f               3027      3061      3028
f               3027      3060      3061
f               3060      3094      3061
f               3060      3093      3094
f               3093      3127      3094
f               3093      3126      3127
f               3126      3160      3127
f               3126      3159      3160
f               3159      3193      3160
f               3159      3192      3193
f               3192      3226      3193
f               3192      3225      3226
f               3225      3259      3226
f               3225      3258      3259
f                793      2236       826
f                826      2236      2237
f               2236      2269      2237
f               2237      2269      2270
f               2269      2302      2270
f               2270      2302      2303
f               2302      2335      2303
f               2303      2335      2336
f               2335      2368      2336
f               2336      2368      2369
f               2368      2401      2369
f               2369      2401      2402
f               2401      2434      2402
f               2402      2434      2435
f               2434      2467      2435
f               2435      2467      2468
f               2467      2500      2468
f               2468      2500      2501
f               2500      2533      2501
f               2501      2533      2534
f               2533      2566      2534
f               2534      2566      2567
f               2566      2599      2567
f               2567      2599      2600
f               2599      2632      2600
f               2600      2632      2633
f               2632      2666      2633
f               2632      2665      2666
f               2665      2699      2666
f               2665      2698      2699
f               2698      2732      2699
f               2698      2731      2732
f               2731      2765      2732
f               2731      2764      2765
f               2764      2798      2765
f               2764      2797      2798
f               2797      2831      2798
f               2797      2830      2831
f               2830      2864      2831
f               2830      2863      2864
f               2863      2897      2864
f               2863      2896      2897
f               2896      2930      2897
f               2896      2929      2930
f               2929      2963      2930
f               2929      2962      2963
f               2962      2996      2963
f               2962      2995      2996
f               2995      3029      2996
f               2995      3028      3029
f               3028      3062      3029
f               3028      3061      3062
f               3061      3095      3062
f               3061      3094      3095
f               3094      3128      3095
f               3094      3127      3128
f               3127      3161      3128
f               3127      3160      3161
f               3160      3194      3161
f               3160      3193      3194
f               3193      3227      3194
f               3193      3226      3227
f               3226      3260      3227
f               3226      3259      3260
f                826      2237       859
f                859      2237      2238
f               2237      2270      2238
f               2238      2270      2271
f               2270      2303      2271
f               2271      2303      2304
f               2303      2336      2304
f               2304      2336      2337
f               2336      2369      2337
f               2337      2369      2370
f               2369      2402      2370
f               2370      2402      2403
f               2402      2435      2403
f               2403      2435      2436
f               2435      2468      2436
f               2436      2468      2469
f               2468      2501      2469
f               2469      2501      2502
f               2501      2534      2502
f               2502      2534      2535
f               2534      2567      2535
f               2535      2567      2568
f               2567      2600      2568
f               2568      2600      2601
f               2600      2634      2601
f               2600      2633      2634
f               2633      2667      2634
f               2633      2666      2667
f               2666      2700      2667
f               2666      2699      2700
f               2699      2733      2700
f               2699      2732      2733
f               2732      2766      2733
f               2732      2765      2766
f               2765      2799      2766
f               2765      2798      2799
f               2798      2832      2799
f               2798      2831      2832
f               2831      2865      2832
f               2831      2864      2865
f               2864      2898      2865
f               2864      2897      2898
f               2897      2931      2898
f               2897      2930      2931
f               2930      2964      2931
f               2930      2963      2964
f               2963      2997      2964
f               2963      2996      2997
f               2996      3030      2997
f               2996      3029      3030
f               3029      3063      3030
f               3029      3062      3063
f               3062      3096      3063
f               3062      3095      3096
f               3095      3129      3096
f               3095      3128      3129
f               3128      3162      3129
f               3128      3161      3162
f               3161      3195      3162
f               3161      3194      3195
f               3194      3228      3195
f               3194      3227      3228
f               3227      3261      3228
f               3227      3260      3261
f                859      2238       892
f                892      2238      2239
f               2238      2271      2239
f               2239      2271      2272
f               2271      2304      2272
f               2272      2304      2305
f               2304      2337      2305
f               2305      2337      2338
f               2337      2370      2338
f               2338      2370      2371
f               2370      2403      2371
f               2371      2403      2404
f               2403      2436      2404
f               2404      2436      2437
f               2436      2469      2437
f               2437      2469      2470
f               2469      2502      2470
f               2470      2502      2503
f               2502      2535      2503
f               2503      2535      2536
f               2535      2568      2536
f               2536      2568      2569
f               2568      2601      2569
f               2569      2601      2602
f               2601      2635      2602
f               2601      2634      2635
f               2634      2668      2635
f               2634      2667      2668
f               2667      2701      2668
f               2667      2700      2701
f               2700      2733      2701
f               2701      2733      2734
f               2733      2767      2734
f               2733      2766      2767
f               2766      2800      2767
f               2766      2799      2800
f               2799      2833      2800
f               2799      2832      2833
f               2832      2866      2833
f               2832      2865      2866
f               2865      2899      2866
f               2865      2898      2899
f               2898      2932      2899
f               2898      2931      2932
f               2931      2965      2932
f               2931      2964      2965
f               2964      2998      2965
f               2964      2997      2998
f               2997      3031      2998
f               2997      3030      3031
f               3030      3064      3031
f               3030      3063      3064
f               3063      3097      3064
f               3063      3096      3097
f               3096      3130      3097
f               3096      3129      3130
f               3129      3163      3130
f               3129      3162      3163
f               3162      3196      3163
f               3162      3195      3196
f               3195      3229      3196
f               3195      3228      3229
f               3228      3262      3229
f               3228      3261      3262
f                892      2239       925
f                925      2239      2240
f               2239      2272      2240
f               2240      2272      2273
f               2272      2305      2273
f               2273      2305      2306
f               2305      2338      2306
f               2306      2338      2339
f               2338      2371      2339
f               2339      2371      2372
f               2371      2404      2372
f               2372      2404      2405
f               2404      2437      2405
f               2405      2437      2438
f               2437      2470      2438
f               2438      2470      2471
f               2470      2503      2471
f               2471      2503      2504
f               2503      2536      2504
f               2504      2536      2537
f               2536      2569      2537
f               2537      2569      2570
f               2569      2602      2570
f               2570      2602      2603
f               2602      2635      2603
f               2603      2635      2636
f               2635      2668      2636
f               2636      2668      2669
f               2668      2701      2669
f               2669      2701      2702
f               2701      2734      2702
f               2702      2734      2735
f               2734      2767      2735
f               2735      2767      2768
f               2767      2801      2768
f               2767      2800      2801
f               2800      2834      2801
f               2800      2833      2834
f               2833      2867      2834
f               2833      2866      2867
f               2866      2900      2867
f               2866      2899      2900
f               2899      2933      2900
f               2899      2932      2933
f               2932      2966      2933
f               2932      2965      2966
f               2965      2999      2966
f               2965      2998      2999
f               2998      3032      2999
f               2998      3031      3032
f               3031      3065      3032
f               3031      3064      3065
f               3064      3098      3065
f               3064      3097      3098
f               3097      3131      3098
f               3097      3130      3131
f               3130      3164      3131
f               3130      3163      3164
f               3163      3197      3164
f               3163      3196      3197
f               3196      3230      3197
f               3196      3229      3230
f               3229      3263      3230
f               3229      3262      3263
f                925      2240       958
f                958      2240      2241
f               2240      2273      2241
f               2241      2273      2274
f               2273      2306      2274
f               2274      2306      2307
f               2306      2339      2307
f               2307      2339      2340
f               2339      2372      2340
f               2340      2372      2373
f               2372      2405      2373
f               2373      2405      2406
f               2405      2438      2406
f               2406      2438      2439
f               2438      2471      2439
f               2439      2471      2472
f               2471      2504      2472
f               2472      2504      2505
f               2504      2537      2505
f               2505      2537      2538
f               2537      2570      2538
f               2538      2570      2571
f               2570      2603      2571
f               2571      2603      2604
f               2603      2636      2604
f               2604      2636      2637
f               2636      2669      2637
f               2637      2669      2670
f               2669      2703      2670
f               2669      2702      2703
f               2702      2736      2703
f               2702      2735      2736
f               2735      2768      2736
f               2736      2768      2769
f               2768      2801      2769
f               2769      2801      2802
f               2801      2835      2802
f               2801      2834      2835
f               2834      2868      2835
f               2834      2867      2868
f               2867      2901      2868
f               2867      2900      2901
f               2900      2934      2901
f               2900      2933      2934
f               2933      2967      2934
f               2933      2966      2967
f               2966      3000      2967
f               2966      2999      3000
f               2999      3033      3000
f               2999      3032      3033
f               3032      3066      3033
f               3032      3065      3066
f               3065      3099      3066
f               3065      3098      3099
f               3098      3132      3099
f               3098      3131      3132
f               3131      3165      3132
f               3131      3164      3165
f               3164      3198      3165
f               3164      3197      3198
f               3197      3231      3198
f               3197      3230      3231
f               3230      3264      3231
f               3230      3263      3264
f                958      2241       991
f                991      2241      2242
f               2241      2274      2242
f               2242      2274      2275
f               2274      2307      2275
f               2275      2307      2308
f               2307      2340      2308
f               2308      2340      2341
f               2340      2373      2341
f               2341      2373      2374
f               2373      2406      2374
f               2374      2406      2407
f               2406      2439      2407
f               2407      2439      2440
f               2439      2472      2440
f               2440      2472      2473
f               2472      2505      2473
f               2473      2505      2506
f               2505      2538      2506
f               2506      2538      2539
f               2538      2571      2539
f               2539      2571      2572
f               2571      2604      2572
f               2572      2604      2605
f               2604      2637      2605
f               2605      2637      2638
f               2637      2670      2638
f               2638      2670      2671
f               2670      2703      2671
f               2671      2703      2704
f               2703      2736      2704
f               2704      2736      2737
f               2736      2769      2737
f               2737      2769      2770
f               2769      2803      2770
f               2769      2802      2803
f               2802      2836      2803
f               2802      2835      2836
f               2835      2869      2836
f               2835      2868      2869
f               2868      2902      2869
f               2868      2901      2902
f               2901      2935      2902
f               2901      2934      2935
f               2934      2968      2935
f               2934      2967      2968
f               2967      3001      2968
f               2967      3000      3001
f               3000      3034      3001
f               3000      3033      3034
f               3033      3067      3034
f               3033      3066      3067
f               3066      3100      3067
f               3066      3099      3100
f               3099      3133      3100
f               3099      3132      3133
f               3132      3166      3133
f               3132      3165      3166
f               3165      3199      3166
f               3165      3198      3199
f               3198      3232      3199
f               3198      3231      3232
f               3231      3265      3232
f               3231      3264      3265
f                991      2242      1024
f               1024      2242      2243
f               2242      2275      2243
f               2243      2275      2276
f               2275      2308      2276
f               2276      2308      2309
f               2308      2341      2309
f               2309      2341      2342
f               2341      2374      2342
f               2342      2374      2375
f               2374      2407      2375
f               2375      2407      2408
f               2407      2440      2408
f               2408      2440      2441
f               2440      2473      2441
f               2441      2473      2474
f               2473      2506      2474
f               2474      2506      2507
f               2506      2539      2507
f               2507      2539      2540
f               2539      2572      2540
f               2540      2572      2573
f               2572      2605      2573
f               2573      2605      2606
f               2605      2638      2606
f               2606      2638      2639
f               2638      2671      2639
f               2639      2671      2672
f               2671      2704      2672
f               2672      2704      2705
f               2704      2737      2705
f               2705      2737      2738
f               2737      2771      2738
f               2737      2770      2771
f               2770      2804      2771
f               2770      2803      2804
f               2803      2837      2804
f               2803      2836      2837
f               2836      2870      2837
f               2836      2869      2870
f               2869      2903      2870
f               2869      2902      2903
f               2902      2936      2903
f               2902      2935      2936
f               2935      2969      2936
f               2935      2968      2969
f               2968      3002      2969
f               2968      3001      3002
f               3001      3035      3002
f               3001      3034      3035
f               3034      3068      3035
f               3034      3067      3068
f               3067      3101      3068
f               3067      3100      3101
f               3100      3134      3101
f               3100      3133      3134
f               3133      3167      3134
f               3133      3166      3167
f               3166      3200      3167
f               3166      3199      3200
f               3199      3233      3200
f               3199      3232      3233
f               3232      3266      3233
f               3232      3265      3266
f               1024      2243      1057
f               1057      2243      1123
f               2243      2276      1123
f               1123      2276      1156
f               2276      2309      1156
f               1156      2309      1189
f               2309      2342      1189
f               1189      2342      1222
f               2342      2375      1222
f               1222      2375      1255
f               2375      2408      1255
f               1255      2408      1288
f               2408      2441      1288
f               1288      2441      1321
f               2441      2474      1321
f               1321      2474      1354
f               2474      2507      1354
f               1354      2507      1387
f               2507      2540      1387
f               1387      2540      1420
f               2540      2573      1420
f               1420      2573      1453
f               2573      2606      1453
f               1453      2606      1486
f               2606      2639      1486
f               1486      2639      1519
f               2639      2672      1519
f               1519      2672      1552
f               2672      2705      1552
f               1552      2705      1585
f               2705      1618      1585
f               2705      2738      1618
f               2738      2771      1618
f               1618      2771      1651
f               2771      1684      1651
f               2771      2804      1684
f               2804      1717      1684
f               2804      2837      1717
f               2837      1750      1717
f               2837      2870      1750
f               2870      1783      1750
f               2870      2903      1783
f               2903      1816      1783
f               2903      2936      1816
f               2936      1849      1816
f               2936      2969      1849
f               2969      1882      1849
f               2969      3002      1882
f               3002      1915      1882
f               3002      3035      1915
f               3035      1948      1915
f               3035      3068      1948
f               3068      1981      1948
f               3068      3101      1981
f               3101      2014      1981
f               3101      3134      2014
f               3134      2047      2014
f               3134      3167      2047
f               3167      2080      2047
f               3167      3200      2080
f               3200      2113      2080
f               3200      3233      2113
f               3233      2146      2113
f               3233      3266      2146
f                 33      3302        32
f                 33      3301      3302
f               3301      3335      3302
f               3301      3334      3335
f               3334      3368      3335
f               3334      3367      3368
f               3367      3401      3368
f               3367      3400      3401
f               3400      3434      3401
f               3400      3433      3434
f               3433      3467      3434
f               3433      3466      3467
f               3466      3500      3467
f               3466      3499      3500
f               3499      3533      3500
f               3499      3532      3533
f               3532      3566      3533
f               3532      3565      3566
f               3565      3599      3566
f               3565      3598      3599
f               3598      3632      3599
f               3598      3631      3632
f               3631      3665      3632
f               3631      3664      3665
f               3664      3697      3665
f               3665      3697      3698
f               3697      3730      3698
f               3698      3730      3731
f               3730      3764      3731
f               3730      3763      3764
f               3763      3797      3764
f               3763      3796      3797
f               3796      3829      3797
f               3797      3829      3830
f               3829      3862      3830
f               3830      3862      3863
f               3862      3895      3863
f               3863      3895      3896
f               3895      3928      3896
f               3896      3928      3929
f               3928      3961      3929
f               3929      3961      3962
f               3961      3994      3962
f               3962      3994      3995
f               3994      4027      3995
f               3995      4027      4028
f               4027      4060      4028
f               4028      4060      4061
f               4060      4093      4061
f               4061      4093      4094
f               4093      4126      4094
f               4094      4126      4127
f               4126      4159      4127
f               4127      4159      4160
f               4159      4192      4160
f               4160      4192      4193
f               4192      4225      4193
f               4193      4225      4226
f               4225      4258      4226
f               4226      4258      4259
f               4258      4291      4259
f               4259      4291      4292
f               4291      4324      4292
f               4292      4324      4325
f                 32      3303        31
f                 32      3302      3303
f               3302      3336      3303
f               3302      3335      3336
f               3335      3369      3336
f               3335      3368      3369
f               3368      3402      3369
f               3368      3401      3402
f               3401      3435      3402
f               3401      3434      3435
f               3434      3468      3435
f               3434      3467      3468
f               3467      3501      3468
f               3467      3500      3501
f               3500      3534      3501
f               3500      3533      3534
f               3533      3567      3534
f               3533      3566      3567
f               3566      3600      3567
f               3566      3599      3600
f               3599      3633      3600
f               3599      3632      3633
f               3632      3666      3633
f               3632      3665      3666
f               3665      3699      3666
f               3665      3698      3699
f               3698      3731      3699
f               3699      3731      3732
f               3731      3764      3732
f               3732      3764      3765
f               3764      3798      3765
f               3764      3797      3798
f               3797      3830      3798
f               3798      3830      3831
f               3830      3863      3831
f               3831      3863      3864
f               3863      3896      3864
f               3864      3896      3897
f               3896      3929      3897
f               3897      3929      3930
f               3929      3962      3930
f               3930      3962      3963
f               3962      3995      3963
f               3963      3995      3996
f               3995      4028      3996
f               3996      4028      4029
f               4028      4061      4029
f               4029      4061      4062
f               4061      4094      4062
f               4062      4094      4095
f               4094      4127      4095
f               4095      4127      4128
f               4127      4160      4128
f               4128      4160      4161
f               4160      4193      4161
f               4161      4193      4194
f               4193      4226      4194
f               4194      4226      4227
f               4226      4259      4227
f               4227      4259      4260
f               4259      4292      4260
f               4260      4292      4293
f               4292      4325      4293
f               4293      4325      4326
f                 31      3304        30
f                 31      3303      3304
f               3303      3337      3304
f               3303      3336      3337
f               3336      3370      3337
f               3336      3369      3370
f               3369      3403      3370
f               3369      3402      3403
f               3402      3436      3403
f               3402      3435      3436
f               3435      3469      3436
f               3435      3468      3469
f               3468      3502      3469
f               3468      3501      3502
f               3501      3535      3502
f               3501      3534      3535
f               3534      3568      3535
f               3534      3567      3568
f               3567      3601      3568
f               3567      3600      3601
f               3600      3634      3601
f               3600      3633      3634
f               3633      3667      3634
f               3633      3666      3667
f               3666      3700      3667
f               3666      3699      3700
f               3699      3733      3700
f               3699      3732      3733
f               3732      3765      3733
f               3733      3765      3766
f               3765      3798      3766
f               3766      3798      3799
f               3798      3831      3799
f               3799      3831      3832
f               3831      3864      3832
f               3832      3864      3865
f               3864      3897      3865
f               3865      3897      3898
f               3897      3930      3898
f               3898      3930      3931
f               3930      3963      3931
f               3931      3963      3964
f               3963      3996      3964
f               3964      3996      3997
f               3996      4029      3997
f               3997      4029      4030
f               4029      4062      4030
f               4030      4062      4063
f               4062      4095      4063
f               4063      4095      4096
f               4095      4128      4096
f               4096      4128      4129
f               4128      4161      4129
f               4129      4161      4162
f               4161      4194      4162
f               4162      4194      4195
f               4194      4227      4195
f               4195      4227      4228
f               4227      4260      4228
f               4228      4260      4261
f               4260      4293      4261
f               4261      4293      4294
f               4293      4326      4294
f               4294      4326      4327
f                 30      3305        29
f                 30      3304      3305
f               3304      3338      3305
f               3304      3337      3338
f               3337      3371      3338
f               3337      3370      3371
f               3370      3404      3371
f               3370      3403      3404
f               3403      3437      3404
f               3403      3436      3437
f               3436      3470      3437
f               3436      3469      3470
f               3469      3503      3470
f               3469      3502      3503
f               3502      3536      3503
f               3502      3535      3536
f               3535      3569      3536
f               3535      3568      3569
f               3568      3602      3569
f               3568      3601      3602
f               3601      3635      3602
f               3601      3634      3635
f               3634      3668      3635
f               3634      3667      3668
f               3667      3701      3668
f               3667      3700      3701
f               3700      3734      3701
f               3700      3733      3734
f               3733      3767      3734
f               3733      3766      3767
f               3766      3800      3767
f               3766      3799      3800
f               3799      3832      3800
f               3800      3832      3833
f               3832      3865      3833
f               3833      3865      3866
f               3865      3898      3866
f               3866      3898      3899
f               3898      3931      3899
f               3899      3931      3932
f               3931      3964      3932
f               3932      3964      3965
f               3964      3997      3965
f               3965      3997      3998
f               3997      4030      3998
f               3998      4030      4031
f               4030      4063      4031
f               4031      4063      4064
f               4063      4096      4064
f               4064      4096      4097
f               4096      4129      4097
f               4097      4129      4130
f               4129      4162      4130
f               4130      4162      4163
f               4162      4195      4163
f               4163      4195      4196
f               4195      4228      4196
f               4196      4228      4229
f               4228      4261      4229
f               4229      4261      4262
f               4261      4294      4262
f               4262      4294      4295
f               4294      4327      4295
f               4295      4327      4328
f                 29      3306        28
f                 29      3305      3306
f               3305      3339      3306
f               3305      3338      3339
f               3338      3372      3339
f               3338      3371      3372
f               3371      3405      3372
f               3371      3404      3405
f               3404      3438      3405
f               3404      3437      3438
f               3437      3471      3438
f               3437      3470      3471
f               3470      3504      3471
f               3470      3503      3504
f               3503      3537      3504
f               3503      3536      3537
f               3536      3570      3537
f               3536      3569      3570
f               3569      3603      3570
f               3569      3602      3603
f               3602      3636      3603
f               3602      3635      3636
f               3635      3669      3636
f               3635      3668      3669
f               3668      3702      3669
f               3668      3701      3702
f               3701      3735      3702
f               3701      3734      3735
f               3734      3768      3735
f               3734      3767      3768
f               3767      3801      3768
f               3767      3800      3801
f               3800      3834      3801
f               3800      3833      3834
f               3833      3866      3834
f               3834      3866      3867
f               3866      3899      3867
f               3867      3899      3900
f               3899      3932      3900
f               3900      3932      3933
f               3932      3965      3933
f               3933      3965      3966
f               3965      3998      3966
f               3966      3998      3999
f               3998      4031      3999
f               3999      4031      4032
f               4031      4064      4032
f               4032      4064      4065
f               4064      4097      4065
f               4065      4097      4098
f               4097      4130      4098
f               4098      4130      4131
f               4130      4163      4131
f               4131      4163      4164
f               4163      4196      4164
f               4164      4196      4197
f               4196      4229      4197
f               4197      4229      4230
f               4229      4262      4230
f               4230      4262      4263
f               4262      4295      4263
f               4263      4295      4296
f               4295      4328      4296
f               4296      4328      4329
f                 28      3307        27
f                 28      3306      3307
f               3306      3340      3307
f               3306      3339      3340
f               3339      3373      3340
f               3339      3372      3373
f               3372      3406      3373
f               3372      3405      3406
f               3405      3439      3406
f               3405      3438      3439
f               3438      3472      3439
f               3438      3471      3472
f               3471      3505      3472
f               3471      3504      3505
f               3504      3538      3505
f               3504      3537      3538
f               3537      3571      3538
f               3537      3570      3571
f               3570      3604      3571
f               3570      3603      3604
f               3603      3637      3604
f               3603      3636      3637
f               3636      3670      3637
f               3636      3669      3670
f               3669      3703      3670
f               3669      3702      3703
f               3702      3736      3703
f               3702      3735      3736
f               3735      3769      3736
f               3735      3768      3769
f               3768      3802      3769
f               3768      3801      3802
f               3801      3835      3802
f               3801      3834      3835
f               3834      3867      3835
f               3835      3867      3868
f               3867      3900      3868
f               3868      3900      3901
f               3900      3933      3901
f               3901      3933      3934
f               3933      3966      3934
f               3934      3966      3967
f               3966      3999      3967
f               3967      3999      4000
f               3999      4032      4000
f               4000      4032      4033
f               4032      4065      4033
f               4033      4065      4066
f               4065      4098      4066
f               4066      4098      4099
f               4098      4131      4099
f               4099      4131      4132
f               4131      4164      4132
f               4132      4164      4165
f               4164      4197      4165
f               4165      4197      4198
f               4197      4230      4198
f               4198      4230      4231
f               4230      4263      4231
f               4231      4263      4264
f               4263      4296      4264
f               4264      4296      4297
f               4296      4329      4297
f               4297      4329      4330
f                 27      3308        26
f                 27      3307      3308
f               3307      3341      3308
f               3307      3340      3341
f               3340      3374      3341
f               3340      3373      3374
f               3373      3407      3374
f               3373      3406      3407
f               3406      3440      3407
f               3406      3439      3440
f               3439      3473      3440
f               3439      3472      3473
f               3472      3506      3473
f               3472      3505      3506
f               3505      3539      3506
f               3505      3538      3539
f               3538      3572      3539
f               3538      3571      3572
f               3571      3605      3572
f               3571      3604      3605
f               3604      3638      3605
f               3604      3637      3638
f               3637      3671      3638
f               3637      3670      3671
f               3670      3704      3671
f               3670      3703      3704
f               3703      3737      3704
f               3703      3736      3737
f               3736      3770      3737
f               3736      3769      3770
f               3769      3803      3770
f               3769      3802      3803
f               3802      3836      3803
f               3802      3835      3836
f               3835      3868      3836
f               3836      3868      3869
f               3868      3901      3869
f               3869      3901      3902
f               3901      3934      3902
f               3902      3934      3935
f               3934      3967      3935
f               3935      3967      3968
f               3967      4000      3968
f               3968      4000      4001
f               4000      4033      4001
f               4001      4033      4034
f               4033      4066      4034
f               4034      4066      4067
f               4066      4099      4067
f               4067      4099      4100
f               4099      4132      4100
f               4100      4132      4133
f               4132      4165      4133
f               4133      4165      4166
f               4165      4198      4166
f               4166      4198      4199
f               4198      4231      4199
f               4199      4231      4232
f               4231      4264      4232
f               4232      4264      4265
f               4264      4297      4265
f               4265      4297      4298
f               4297      4330      4298
f               4298      4330      4331
f                 26      3309        25
f                 26      3308      3309
f               3308      3342      3309
f               3308      3341      3342
f               3341      3375      3342
f               3341      3374      3375
f               3374      3408      3375
f               3374      3407      3408
f               3407      3441      3408
f               3407      3440      3441
f               3440      3474      3441
f               3440      3473      3474
f               3473      3507      3474
f               3473      3506      3507
f               3506      3540      3507
f               3506      3539      3540
f               3539      3573      3540
f               3539      3572      3573
f               3572      3606      3573
f               3572      3605      3606
f               3605      3639      3606
f               3605      3638      3639
f               3638      3672      3639
f               3638      3671      3672
f               3671      3705      3672
f               3671      3704      3705
f               3704      3738      3705
f               3704      3737      3738
f               3737      3771      3738
f               3737      3770      3771
f               3770      3804      3771
f               3770      3803      3804
f               3803      3837      3804
f               3803      3836      3837
f               3836      3869      3837
f               3837      3869      3870
f               3869      3902      3870
f               3870      3902      3903
f               3902      3935      3903
f               3903      3935      3936
f               3935      3968      3936
f               3936      3968      3969
f               3968      4001      3969
f               3969      4001      4002
f               4001      4034      4002
f               4002      4034      4035
f               4034      4067      4035
f               4035      4067      4068
f               4067      4100      4068
f               4068      4100      4101
f               4100      4133      4101
f               4101      4133      4134
f               4133      4166      4134
f               4134      4166      4167
f               4166      4199      4167
f               4167      4199      4200
f               4199      4232      4200
f               4200      4232      4233
f               4232      4265      4233
f               4233      4265      4266
f               4265      4298      4266
f               4266      4298      4299
f               4298      4331      4299
f               4299      4331      4332
f                 25      3310        24
f                 25      3309      3310
f               3309      3343      3310
f               3309      3342      3343
f               3342      3376      3343
f               3342      3375      3376
f               3375      3409      3376
f               3375      3408      3409
f               3408      3442      3409
f               3408      3441      3442
f               3441      3475      3442
f               3441      3474      3475
f               3474      3508      3475
f               3474      3507      3508
f               3507      3541      3508
f               3507      3540      3541
f               3540      3574      3541
f               3540      3573      3574
f               3573      3607      3574
f               3573      3606      3607
f               3606      3640      3607
f               3606      3639      3640
f               3639      3673      3640
f               3639      3672      3673
f               3672      3706      3673
f               3672      3705      3706
f               3705      3739      3706
f               3705      3738      3739
f               3738      3772      3739
f               3738      3771      3772
f               3771      3804      3772
f               3772      3804      3805
f               3804      3837      3805
f               3805      3837      3838
f               3837      3870      3838
f               3838      3870      3871
f               3870      3903      3871
f               3871      3903      3904
f               3903      3936      3904
f               3904      3936      3937
f               3936      3969      3937
f               3937      3969      3970
f               3969      4002      3970
f               3970      4002      4003
f               4002      4035      4003
f               4003      4035      4036
f               4035      4068      4036
f               4036      4068      4069
f               4068      4101      4069
f               4069      4101      4102
f               4101      4134      4102
f               4102      4134      4135
f               4134      4167      4135
f               4135      4167      4168
f               4167      4200      4168
f               4168      4200      4201
f               4200      4233      4201
f               4201      4233      4234
f               4233      4266      4234
f               4234      4266      4267
f               4266      4299      4267
f               4267      4299      4300
f               4299      4332      4300
f               4300      4332      4333
f                 24      3311        23
f                 24      3310      3311
f               3310      3344      3311
f               3310      3343      3344
f               3343      3377      3344
f               3343      3376      3377
f               3376      3410      3377
f               3376      3409      3410
f               3409      3443      3410
f               3409      3442      3443
f               3442      3476      3443
f               3442      3475      3476
f               3475      3509      3476
f               3475      3508      3509
f               3508      3542      3509
f               3508      3541      3542
f               3541      3575      3542
f               3541      3574      3575
f               3574      3608      3575
f               3574      3607      3608
f               3607      3641      3608
f               3607      3640      3641
f               3640      3674      3641
f               3640      3673      3674
f               3673      3707      3674
f               3673      3706      3707
f               3706      3740      3707
f               3706      3739      3740
f               3739      3773      3740
f               3739      3772      3773
f               3772      3806      3773
f               3772      3805      3806
f               3805      3838      3806
f               3806      3838      3839
f               3838      3871      3839
f               3839      3871      3872
f               3871      3904      3872
f               3872      3904      3905
f               3904      3937      3905
f               3905      3937      3938
f               3937      3970      3938
f               3938      3970      3971
f               3970      4003      3971
f               3971      4003      4004
f               4003      4036      4004
f               4004      4036      4037
f               4036      4069      4037
f               4037      4069      4070
f               4069      4102      4070
f               4070      4102      4103
f               4102      4135      4103
f               4103      4135      4136
f               4135      4168      4136
f               4136      4168      4169
f               4168      4201      4169
f               4169      4201      4202
f               4201      4234      4202
f               4202      4234      4235
f               4234      4267      4235
f               4235      4267      4268
f               4267      4300      4268
f               4268      4300      4301
f               4300      4333      4301
f               4301      4333      4334
f                 23      3312        22
f                 23      3311      3312
f               3311      3345      3312
f               3311      3344      3345
f               3344      3378      3345
f               3344      3377      3378
f               3377      3411      3378
f               3377      3410      3411
f               3410      3444      3411
f               3410      3443      3444
f               3443      3477      3444
f               3443      3476      3477
f               3476      3510      3477
f               3476      3509      3510
f               3509      3543      3510
f               3509      3542      3543
f               3542      3576      3543
f               3542      3575      3576
f               3575      3609      3576
f               3575      3608      3609
f               3608      3642      3609
f               3608      3641      3642
f               3641      3675      3642
f               3641      3674      3675
f               3674      3708      3675
f               3674      3707      3708
f               3707      3741      3708
f               3707      3740      3741
f               3740      3774      3741
f               3740      3773      3774
f               3773      3807      3774
f               3773      3806      3807
f               3806      3840      3807
f               3806      3839      3840
f               3839      3872      3840
f               3840      3872      3873
f               3872      3905      3873
f               3873      3905      3906
f               3905      3938      3906
f               3906      3938      3939
f               3938      3971      3939
f               3939      3971      3972
f               3971      4004      3972
f               3972      4004      4005
f               4004      4037      4005
f               4005      4037      4038
f               4037      4070      4038
f               4038      4070      4071
f               4070      4103      4071
f               4071      4103      4104
f               4103      4136      4104
f               4104      4136      4137
f               4136      4169      4137
f               4137      4169      4170
f               4169      4202      4170
f               4170      4202      4203
f               4202      4235      4203
f               4203      4235      4236
f               4235      4268      4236
f               4236      4268      4269
f               4268      4301      4269
f               4269      4301      4302
f               4301      4334      4302
f               4302      4334      4335
f                 22      3313        21
f                 22      3312      3313
f               3312      3346      3313
f               3312      3345      3346
f               3345      3379      3346
f               3345      3378      3379
f               3378      3412      3379
f               3378      3411      3412
f               3411      3445      3412
f               3411      3444      3445
f               3444      3478      3445
f               3444      3477      3478
f               3477      3511      3478
f               3477      3510      3511
f               3510      3544      3511
f               3510      3543      3544
f               3543      3577      3544
f               3543      3576      3577
f               3576      3610      3577
f               3576      3609      3610
f               3609      3643      3610
f               3609      3642      3643
f               3642      3676      3643
f               3642      3675      3676
f               3675      3708      3676
f               3676      3708      3709
f               3708      3742      3709
f               3708      3741      3742
f               3741      3775      3742
f               3741      3774      3775
f               3774      3808      3775
f               3774      3807      3808
f               3807      3841      3808
f               3807      3840      3841
f               3840      3874      3841
f               3840      3873      3874
f               3873      3907      3874
f               3873      3906      3907
f               3906      3940      3907
f               3906      3939      3940
f               3939      3972      3940
f               3940      3972      3973
f               3972      4005      3973
f               3973      4005      4006
f               4005      4038      4006
f               4006      4038      4039
f               4038      4071      4039
f               4039      4071      4072
f               4071      4104      4072
f               4072      4104      4105
f               4104      4137      4105
f               4105      4137      4138
f               4137      4170      4138
f               4138      4170      4171
f               4170      4203      4171
f               4171      4203      4204
f               4203      4236      4204
f               4204      4236      4237
f               4236      4269      4237
f               4237      4269      4270
f               4269      4302      4270
f               4270      4302      4303
f               4302      4335      4303
f               4303      4335      4336
f                 21      3314        20
f                 21      3313      3314
f               3313      3347      3314
f               3313      3346      3347
f               3346      3380      3347
f               3346      3379      3380
f               3379      3413      3380
f               3379      3412      3413
f               3412      3446      3413
f               3412      3445      3446
f               3445      3479      3446
f               3445      3478      3479
f               3478      3512      3479
f               3478      3511      3512
f               3511      3545      3512
f               3511      3544      3545
f               3544      3578      3545
f               3544      3577      3578
f               3577      3611      3578
f               3577      3610      3611
f               3610      3644      3611
f               3610      3643      3644
f               3643      3677      3644
f               3643      3676      3677
f               3676      3709      3677
f               3677      3709      3710
f               3709      3742      3710
f               3710      3742      3743
f               3742      3775      3743
f               3743      3775      3776
f               3775      3808      3776
f               3776      3808      3809
f               3808      3841      3809
f               3809      3841      3842
f               3841      3875      3842
f               3841      3874      3875
f               3874      3908      3875
f               3874      3907      3908
f               3907      3941      3908
f               3907      3940      3941
f               3940      3973      3941
f               3941      3973      3974
f               3973      4006      3974
f               3974      4006      4007
f               4006      4039      4007
f               4007      4039      4040
f               4039      4072      4040
f               4040      4072      4073
f               4072      4105      4073
f               4073      4105      4106
f               4105      4138      4106
f               4106      4138      4139
f               4138      4171      4139
f               4139      4171      4172
f               4171      4204      4172
f               4172      4204      4205
f               4204      4237      4205
f               4205      4237      4238
f               4237      4270      4238
f               4238      4270      4271
f               4270      4303      4271
f               4271      4303      4304
f               4303      4336      4304
f               4304      4336      4337
f                 20      3315        19
f                 20      3314      3315
f               3314      3348      3315
f               3314      3347      3348
f               3347      3381      3348
f               3347      3380      3381
f               3380      3414      3381
f               3380      3413      3414
f               3413      3447      3414
f               3413      3446      3447
f               3446      3480      3447
f               3446      3479      3480
f               3479      3513      3480
f               3479      3512      3513
f               3512      3546      3513
f               3512      3545      3546
f               3545      3579      3546
f               3545      3578      3579
f               3578      3612      3579
f               3578      3611      3612
f               3611      3644      3612
f               3612      3644      3645
f               3644      3677      3645
f               3645      3677      3678
f               3677      3710      3678
f               3678      3710      3711
f               3710      3743      3711
f               3711      3743      3744
f               3743      3776      3744
f               3744      3776      3777
f               3776      3809      3777
f               3777      3809      3810
f               3809      3843      3810
f               3809      3842      3843
f               3842      3876      3843
f               3842      3875      3876
f               3875      3908      3876
f               3876      3908      3909
f               3908      3941      3909
f               3909      3941      3942
f               3941      3974      3942
f               3942      3974      3975
f               3974      4007      3975
f               3975      4007      4008
f               4007      4040      4008
f               4008      4040      4041
f               4040      4073      4041
f               4041      4073      4074
f               4073      4106      4074
f               4074      4106      4107
f               4106      4139      4107
f               4107      4139      4140
f               4139      4172      4140
f               4140      4172      4173
f               4172      4205      4173
f               4173      4205      4206
f               4205      4238      4206
f               4206      4238      4239
f               4238      4271      4239
f               4239      4271      4272
f               4271      4304      4272
f               4272      4304      4305
f               4304      4337      4305
f               4305      4337      4338
f                 19      3316        18
f                 19      3315      3316
f               3315      3349      3316
f               3315      3348      3349
f               3348      3382      3349
f               3348      3381      3382
f               3381      3415      3382
f               3381      3414      3415
f               3414      3448      3415
f               3414      3447      3448
f               3447      3481      3448
f               3447      3480      3481
f               3480      3513      3481
f               3481      3513      3514
f               3513      3547      3514
f               3513      3546      3547
f               3546      3580      3547
f               3546      3579      3580
f               3579      3613      3580
f               3579      3612      3613
f               3612      3645      3613
f               3613      3645      3646
f               3645      3678      3646
f               3646      3678      3679
f               3678      3711      3679
f               3679      3711      3712
f               3711      3745      3712
f               3711      3744      3745
f               3744      3778      3745
f               3744      3777      3778
f               3777      3811      3778
f               3777      3810      3811
f               3810      3844      3811
f               3810      3843      3844
f               3843      3877      3844
f               3843      3876      3877
f               3876      3909      3877
f               3877      3909      3910
f               3909      3942      3910
f               3910      3942      3943
f               3942      3975      3943
f               3943      3975      3976
f               3975      4008      3976
f               3976      4008      4009
f               4008      4042      4009
f               4008      4041      4042
f               4041      4074      4042
f               4042      4074      4075
f               4074      4107      4075
f               4075      4107      4108
f               4107      4140      4108
f               4108      4140      4141
f               4140      4173      4141
f               4141      4173      4174
f               4173      4206      4174
f               4174      4206      4207
f               4206      4239      4207
f               4207      4239      4240
f               4239      4272      4240
f               4240      4272      4273
f               4272      4305      4273
f               4273      4305      4306
f               4305      4338      4306
f               4306      4338      4339
f                 18      3317        17
f                 18      3316      3317
f               3316      3350      3317
f               3316      3349      3350
f               3349      3383      3350
f               3349      3382      3383
f               3382      3416      3383
f               3382      3415      3416
f               3415      3448      3416
f               3416      3448      3449
f               3448      3481      3449
f               3449      3481      3482
f               3481      3515      3482
f               3481      3514      3515
f               3514      3548      3515
f               3514      3547      3548
f               3547      3580      3548
f               3548      3580      3581
f               3580      3613      3581
f               3581      3613      3614
f               3613      3647      3614
f               3613      3646      3647
f               3646      3679      3647
f               3647      3679      3680
f               3679      3713      3680
f               3679      3712      3713
f               3712      3746      3713
f               3712      3745      3746
f               3745      3779      3746
f               3745      3778      3779
f               3778      3812      3779
f               3778      3811      3812
f               3811      3845      3812
f               3811      3844      3845
f               3844      3877      3845
f               3845      3877      3878
f               3877      3910      3878
f               3878      3910      3911
f               3910      3944      3911
f               3910      3943      3944
f               3943      3976      3944
f               3944      3976      3977
f               3976      4010      3977
f               3976      4009      4010
f               4009      4043      4010
f               4009      4042      4043
f               4042      4076      4043
f               4042      4075      4076
f               4075      4108      4076
f               4076      4108      4109
f               4108      4141      4109
f               4109      4141      4142
f               4141      4174      4142
f               4142      4174      4175
f               4174      4207      4175
f               4175      4207      4208
f               4207      4240      4208
f               4208      4240      4241
f               4240      4273      4241
f               4241      4273      4274
f               4273      4306      4274
f               4274      4306      4307
f               4306      4339      4307
f               4307      4339      4340
f                 17      3318        16
f                 17      3317      3318
f               3317      3350      3318
f               3318      3350      3351
f               3350      3383      3351
f               3351      3383      3384
f               3383      3416      3384
f               3384      3416      3417
f               3416      3449      3417
f               3417      3449      3450
f               3449      3482      3450
f               3450      3482      3483
f               3482      3516      3483
f               3482      3515      3516
f               3515      3549      3516
f               3515      3548      3549
f               3548      3581      3549
f               3549      3581      3582
f               3581      3614      3582
f               3582      3614      3615
f               3614      3648      3615
f               3614      3647      3648
f               3647      3680      3648
f               3648      3680      3681
f               3680      3714      3681
f               3680      3713      3714
f               3713      3747      3714
f               3713      3746      3747
f               3746      3780      3747
f               3746      3779      3780
f               3779      3813      3780
f               3779      3812      3813
f               3812      3845      3813
f               3813      3845      3846
f               3845      3879      3846
f               3845      3878      3879
f               3878      3912      3879
f               3878      3911      3912
f               3911      3945      3912
f               3911      3944      3945
f               3944      3978      3945
f               3944      3977      3978
f               3977      4010      3978
f               3978      4010      4011
f               4010      4043      4011
f               4011      4043      4044
f               4043      4077      4044
f               4043      4076      4077
f               4076      4110      4077
f               4076      4109      4110
f               4109      4143      4110
f               4109      4142      4143
f               4142      4176      4143
f               4142      4175      4176
f               4175      4209      4176
f               4175      4208      4209
f               4208      4242      4209
f               4208      4241      4242
f               4241      4275      4242
f               4241      4274      4275
f               4274      4308      4275
f               4274      4307      4308
f               4307      4341      4308
f               4307      4340      4341
f                 16      3318        15
f                 15      3318      3319
f               3318      3351      3319
f               3319      3351      3352
f               3351      3384      3352
f               3352      3384      3385
f               3384      3417      3385
f               3385      3417      3418
f               3417      3450      3418
f               3418      3450      3451
f               3450      3483      3451
f               3451      3483      3484
f               3483      3517      3484
f               3483      3516      3517
f               3516      3549      3517
f               3517      3549      3550
f               3549      3583      3550
f               3549      3582      3583
f               3582      3616      3583
f               3582      3615      3616
f               3615      3649      3616
f               3615      3648      3649
f               3648      3681      3649
f               3649      3681      3682
f               3681      3714      3682
f               3682      3714      3715
f               3714      3747      3715
f               3715      3747      3748
f               3747      3781      3748
f               3747      3780      3781
f               3780      3814      3781
f               3780      3813      3814
f               3813      3847      3814
f               3813      3846      3847
f               3846      3880      3847
f               3846      3879      3880
f               3879      3913      3880
f               3879      3912      3913
f               3912      3946      3913
f               3912      3945      3946
f               3945      3979      3946
f               3945      3978      3979
f               3978      4012      3979
f               3978      4011      4012
f               4011      4044      4012
f               4012      4044      4045
f               4044      4077      4045
f               4045      4077      4078
f               4077      4111      4078
f               4077      4110      4111
f               4110      4144      4111
f               4110      4143      4144
f               4143      4177      4144
f               4143      4176      4177
f               4176      4210      4177
f               4176      4209      4210
f               4209      4243      4210
f               4209      4242      4243
f               4242      4276      4243
f               4242      4275      4276
f               4275      4309      4276
f               4275      4308      4309
f               4308      4342      4309
f               4308      4341      4342
f                 15      3319        14
f                 14      3319      3320
f               3319      3352      3320
f               3320      3352      3353
f               3352      3385      3353
f               3353      3385      3386
f               3385      3418      3386
f               3386      3418      3419
f               3418      3451      3419
f               3419      3451      3452
f               3451      3484      3452
f               3452      3484      3485
f               3484      3517      3485
f               3485      3517      3518
f               3517      3551      3518
f               3517      3550      3551
f               3550      3584      3551
f               3550      3583      3584
f               3583      3617      3584
f               3583      3616      3617
f               3616      3649      3617
f               3617      3649      3650
f               3649      3682      3650
f               3650      3682      3683
f               3682      3715      3683
f               3683      3715      3716
f               3715      3748      3716
f               3716      3748      3749
f               3748      3781      3749
f               3749      3781      3782
f               3781      3814      3782
f               3782      3814      3815
f               3814      3848      3815
f               3814      3847      3848
f               3847      3881      3848
f               3847      3880      3881
f               3880      3913      3881
f               3881      3913      3914
f               3913      3947      3914
f               3913      3946      3947
f               3946      3980      3947
f               3946      3979      3980
f               3979      4013      3980
f               3979      4012      4013
f               4012      4046      4013
f               4012      4045      4046
f               4045      4078      4046
f               4046      4078      4079
f               4078      4112      4079
f               4078      4111      4112
f               4111      4145      4112
f               4111      4144      4145
f               4144      4178      4145
f               4144      4177      4178
f               4177      4211      4178
f               4177      4210      4211
f               4210      4244      4211
f               4210      4243      4244
f               4243      4277      4244
f               4243      4276      4277
f               4276      4310      4277
f               4276      4309      4310
f               4309      4343      4310
f               4309      4342      4343
f                 14      3320        13
f                 13      3320      3321
f               3320      3353      3321
f               3321      3353      3354
f               3353      3386      3354
f               3354      3386      3387
f               3386      3419      3387
f               3387      3419      3420
f               3419      3452      3420
f               3420      3452      3453
f               3452      3485      3453
f               3453      3485      3486
f               3485      3518      3486
f               3486      3518      3519
f               3518      3551      3519
f               3519      3551      3552
f               3551      3584      3552
f               3552      3584      3585
f               3584      3617      3585
f               3585      3617      3618
f               3617      3650      3618
f               3618      3650      3651
f               3650      3683      3651
f               3651      3683      3684
f               3683      3716      3684
f               3684      3716      3717
f               3716      3749      3717
f               3717      3749      3750
f               3749      3782      3750
f               3750      3782      3783
f               3782      3815      3783
f               3783      3815      3816
f               3815      3849      3816
f               3815      3848      3849
f               3848      3882      3849
f               3848      3881      3882
f               3881      3914      3882
f               3882      3914      3915
f               3914      3948      3915
f               3914      3947      3948
f               3947      3981      3948
f               3947      3980      3981
f               3980      4014      3981
f               3980      4013      4014
f               4013      4047      4014
f               4013      4046      4047
f               4046      4080      4047
f               4046      4079      4080
f               4079      4113      4080
f               4079      4112      4113
f               4112      4146      4113
f               4112      4145      4146
f               4145      4179      4146
f               4145      4178      4179
f               4178      4212      4179
f               4178      4211      4212
f               4211      4245      4212
f               4211      4244      4245
f               4244      4278      4245
f               4244      4277      4278
f               4277      4311      4278
f               4277      4310      4311
f               4310      4344      4311
f               4310      4343      4344
f                 13      3321        12
f                 12      3321      3322
f               3321      3354      3322
f               3322      3354      3355
f               3354      3387      3355
f               3355      3387      3388
f               3387      3420      3388
f               3388      3420      3421
f               3420      3453      3421
f               3421      3453      3454
f               3453      3486      3454
f               3454      3486      3487
f               3486      3519      3487
f               3487      3519      3520
f               3519      3552      3520
f               3520      3552      3553
f               3552      3585      3553
f               3553      3585      3586
f               3585      3618      3586
f               3586      3618      3619
f               3618      3651      3619
f               3619      3651      3652
f               3651      3684      3652
f               3652      3684      3685
f               3684      3717      3685
f               3685      3717      3718
f               3717      3750      3718
f               3718      3750      3751
f               3750      3783      3751
f               3751      3783      3784
f               3783      3816      3784
f               3784      3816      3817
f               3816      3850      3817
f               3816      3849      3850
f               3849      3883      3850
f               3849      3882      3883
f               3882      3915      3883
f               3883      3915      3916
f               3915      3949      3916
f               3915      3948      3949
f               3948      3982      3949
f               3948      3981      3982
f               3981      4015      3982
f               3981      4014      4015
f               4014      4048      4015
f               4014      4047      4048
f               4047      4081      4048
f               4047      4080      4081
f               4080      4114      4081
f               4080      4113      4114
f               4113      4147      4114
f               4113      4146      4147
f               4146      4180      4147
f               4146      4179      4180
f               4179      4213      4180
f               4179      4212      4213
f               4212      4246      4213
f               4212      4245      4246
f               4245      4279      4246
f               4245      4278      4279
f               4278      4312      4279
f               4278      4311      4312
f               4311      4345      4312
f               4311      4344      4345
f                 12      3322        11
f                 11      3322      3323
f               3322      3355      3323
f               3323      3355      3356
f               3355      3388      3356
f               3356      3388      3389
f               3388      3421      3389
f               3389      3421      3422
f               3421      3454      3422
f               3422      3454      3455
f               3454      3487      3455
f               3455      3487      3488
f               3487      3520      3488
f               3488      3520      3521
f               3520      3553      3521
f               3521      3553      3554
f               3553      3586      3554
f               3554      3586      3587
f               3586      3619      3587
f               3587      3619      3620
f               3619      3652      3620
f               3620      3652      3653
f               3652      3685      3653
f               3653      3685      3686
f               3685      3718      3686
f               3686      3718      3719
f               3718      3751      3719
f               3719      3751      3752
f               3751      3784      3752
f               3752      3784      3785
f               3784      3817      3785
f               3785      3817      3818
f               3817      3851      3818
f               3817      3850      3851
f               3850      3884      3851
f               3850      3883      3884
f               3883      3917      3884
f               3883      3916      3917
f               3916      3950      3917
f               3916      3949      3950
f               3949      3983      3950
f               3949      3982      3983
f               3982      4016      3983
f               3982      4015      4016
f               4015      4049      4016
f               4015      4048      4049
f               4048      4082      4049
f               4048      4081      4082
f               4081      4115      4082
f               4081      4114      4115
f               4114      4148      4115
f               4114      4147      4148
f               4147      4181      4148
f               4147      4180      4181
f               4180      4214      4181
f               4180      4213      4214
f               4213      4247      4214
f               4213      4246      4247
f               4246      4280      4247
f               4246      4279      4280
f               4279      4313      4280
f               4279      4312      4313
f               4312      4346      4313
f               4312      4345      4346
f                 11      3323        10
f                 10      3323      3324
f               3323      3356      3324
f               3324      3356      3357
f               3356      3389      3357
f               3357      3389      3390
f               3389      3422      3390
f               3390      3422      3423
f               3422      3455      3423
f               3423      3455      3456
f               3455      3488      3456
f               3456      3488      3489
f               3488      3521      3489
f               3489      3521      3522
f               3521      3554      3522
f               3522      3554      3555
f               3554      3587      3555
f               3555      3587      3588
f               3587      3620      3588
f               3588      3620      3621
f               3620      3653      3621
f               3621      3653      3654
f               3653      3686      3654
f               3654      3686      3687
f               3686      3719      3687
f               3687      3719      3720
f               3719      3752      3720
f               3720      3752      3753
f               3752      3786      3753
f               3752      3785      3786
f               3785      3819      3786
f               3785      3818      3819
f               3818      3852      3819
f               3818      3851      3852
f               3851      3885      3852
f               3851      3884      3885
f               3884      3918      3885
f               3884      3917      3918
f               3917      3951      3918
f               3917      3950      3951
f               3950      3984      3951
f               3950      3983      3984
f               3983      4017      3984
f               3983      4016      4017
f               4016      4050      4017
f               4016      4049      4050
f               4049      4083      4050
f               4049      4082      4083
f               4082      4116      4083
f               4082      4115      4116
f               4115      4149      4116
f               4115      4148      4149
f               4148      4182      4149
f               4148      4181      4182
f               4181      4215      4182
f               4181      4214      4215
f               4214      4248      4215
f               4214      4247      4248
f               4247      4281      4248
f               4247      4280      4281
f               4280      4314      4281
f               4280      4313      4314
f               4313      4347      4314
f               4313      4346      4347
f                 10      3324         9
f                  9      3324      3325
f               3324      3357      3325
f               3325      3357      3358
f               3357      3390      3358
f               3358      3390      3391
f               3390      3423      3391
f               3391      3423      3424
f               3423      3456      3424
f               3424      3456      3457
f               3456      3489      3457
f               3457      3489      3490
f               3489      3522      3490
f               3490      3522      3523
f               3522      3555      3523
f               3523      3555      3556
f               3555      3588      3556
f               3556      3588      3589
f               3588      3621      3589
f               3589      3621      3622
f               3621      3654      3622
f               3622      3654      3655
f               3654      3687      3655
f               3655      3687      3688
f               3687      3720      3688
f               3688      3720      3721
f               3720      3753      3721
f               3721      3753      3754
f               3753      3787      3754
f               3753      3786      3787
f               3786      3820      3787
f               3786      3819      3820
f               3819      3853      3820
f               3819      3852      3853
f               3852      3886      3853
f               3852      3885      3886
f               3885      3919      3886
f               3885      3918      3919
f               3918      3952      3919
f               3918      3951      3952
f               3951      3985      3952
f               3951      3984      3985
f               3984      4018      3985
f               3984      4017      4018
f               4017      4051      4018
f               4017      4050      4051
f               4050      4084      4051
f               4050      4083      4084
f               4083      4117      4084
f               4083      4116      4117
f               4116      4150      4117
f               4116      4149      4150
f               4149      4183      4150
f               4149      4182      4183
f               4182      4216      4183
f               4182      4215      4216
f               4215      4249      4216
f               4215      4248      4249
f               4248      4282      4249
f               4248      4281      4282
f               4281      4315      4282
f               4281      4314      4315
f               4314      4348      4315
f               4314      4347      4348
f                  9      3325         8
f                  8      3325      3326
f               3325      3358      3326
f               3326      3358      3359
f               3358      3391      3359
f               3359      3391      3392
f               3391      3424      3392
f               3392      3424      3425
f               3424      3457      3425
f               3425      3457      3458
f               3457      3490      3458
f               3458      3490      3491
f               3490      3523      3491
f               3491      3523      3524
f               3523      3556      3524
f               3524      3556      3557
f               3556      3589      3557
f               3557      3589      3590
f               3589      3622      3590
f               3590      3622      3623
f               3622      3655      3623
f               3623      3655      3656
f               3655      3688      3656
f               3656      3688      3689
f               3688      3721      3689
f               3689      3721      3722
f               3721      3754      3722
f               3722      3754      3755
f               3754      3788      3755
f               3754      3787      3788
f               3787      3821      3788
f               3787      3820      3821
f               3820      3854      3821
f               3820      3853      3854
f               3853      3887      3854
f               3853      3886      3887
f               3886      3920      3887
f               3886      3919      3920
f               3919      3953      3920
f               3919      3952      3953
f               3952      3986      3953
f               3952      3985      3986
f               3985      4019      3986
f               3985      4018      4019
f               4018      4052      4019
f               4018      4051      4052
f               4051      4085      4052
f               4051      4084      4085
f               4084      4118      4085
f               4084      4117      4118
f               4117      4151      4118
f               4117      4150      4151
f               4150      4184      4151
f               4150      4183      4184
f               4183      4217      4184
f               4183      4216      4217
f               4216      4250      4217
f               4216      4249      4250
f               4249      4283      4250
f               4249      4282      4283
f               4282      4316      4283
f               4282      4315      4316
f               4315      4349      4316
f               4315      4348      4349
f                  8      3326         7
f                  7      3326      3327
f               3326      3359      3327
f               3327      3359      3360
f               3359      3392      3360
f               3360      3392      3393
f               3392      3425      3393
f               3393      3425      3426
f               3425      3458      3426
f               3426      3458      3459
f               3458      3491      3459
f               3459      3491      3492
f               3491      3524      3492
f               3492      3524      3525
f               3524      3557      3525
f               3525      3557      3558
f               3557      3590      3558
f               3558      3590      3591
f               3590      3623      3591
f               3591      3623      3624
f               3623      3656      3624
f               3624      3656      3657
f               3656      3689      3657
f               3657      3689      3690
f               3689      3722      3690
f               3690      3722      3723
f               3722      3755      3723
f               3723      3755      3756
f               3755      3788      3756
f               3756      3788      3789
f               3788      3822      3789
f               3788      3821      3822
f               3821      3855      3822
f               3821      3854      3855
f               3854      3888      3855
f               3854      3887      3888
f               3887      3921      3888
f               3887      3920      3921
f               3920      3954      3921
f               3920      3953      3954
f               3953      3987      3954
f               3953      3986      3987
f               3986      4020      3987
f               3986      4019      4020
f               4019      4053      4020
f               4019      4052      4053
f               4052      4086      4053
f               4052      4085      4086
f               4085      4119      4086
f               4085      4118      4119
f               4118      4152      4119
f               4118      4151      4152
f               4151      4185      4152
f               4151      4184      4185
f               4184      4218      4185
f               4184      4217      4218
f               4217      4251      4218
f               4217      4250      4251
f               4250      4284      4251
f               4250      4283      4284
f               4283      4317      4284
f               4283      4316      4317
f               4316      4350      4317
f               4316      4349      4350
f                  7      3327         6
f                  6      3327      3328
f               3327      3360      3328
f               3328      3360      3361
f               3360      3393      3361
f               3361      3393      3394
f               3393      3426      3394
f               3394      3426      3427
f               3426      3459      3427
f               3427      3459      3460
f               3459      3492      3460
f               3460      3492      3493
f               3492      3525      3493
f               3493      3525      3526
f               3525      3558      3526
f               3526      3558      3559
f               3558      3591      3559
f               3559      3591      3592
f               3591      3624      3592
f               3592      3624      3625
f               3624      3657      3625
f               3625      3657      3658
f               3657      3690      3658
f               3658      3690      3691
f               3690      3723      3691
f               3691      3723      3724
f               3723      3756      3724
f               3724      3756      3757
f               3756      3789      3757
f               3757      3789      3790
f               3789      3822      3790
f               3790      3822      3823
f               3822      3855      3823
f               3823      3855      3856
f               3855      3889      3856
f               3855      3888      3889
f               3888      3922      3889
f               3888      3921      3922
f               3921      3955      3922
f               3921      3954      3955
f               3954      3988      3955
f               3954      3987      3988
f               3987      4021      3988
f               3987      4020      4021
f               4020      4054      4021
f               4020      4053      4054
f               4053      4087      4054
f               4053      4086      4087
f               4086      4120      4087
f               4086      4119      4120
f               4119      4153      4120
f               4119      4152      4153
f               4152      4186      4153
f               4152      4185      4186
f               4185      4219      4186
f               4185      4218      4219
f               4218      4252      4219
f               4218      4251      4252
f               4251      4285      4252
f               4251      4284      4285
f               4284      4318      4285
f               4284      4317      4318
f               4317      4351      4318
f               4317      4350      4351
f                  6      3328         5
f                  5      3328      3329
f               3328      3361      3329
f               3329      3361      3362
f               3361      3394      3362
f               3362      3394      3395
f               3394      3427      3395
f               3395      3427      3428
f               3427      3460      3428
f               3428      3460      3461
f               3460      3493      3461
f               3461      3493      3494
f               3493      3526      3494
f               3494      3526      3527
f               3526      3559      3527
f               3527      3559      3560
f               3559      3592      3560
f               3560      3592      3593
f               3592      3625      3593
f               3593      3625      3626
f               3625      3658      3626
f               3626      3658      3659
f               3658      3691      3659
f               3659      3691      3692
f               3691      3724      3692
f               3692      3724      3725
f               3724      3757      3725
f               3725      3757      3758
f               3757      3790      3758
f               3758      3790      3791
f               3790      3823      3791
f               3791      3823      3824
f               3823      3857      3824
f               3823      3856      3857
f               3856      3890      3857
f               3856      3889      3890
f               3889      3923      3890
f               3889      3922      3923
f               3922      3956      3923
f               3922      3955      3956
f               3955      3989      3956
f               3955      3988      3989
f               3988      4022      3989
f               3988      4021      4022
f               4021      4055      4022
f               4021      4054      4055
f               4054      4088      4055
f               4054      4087      4088
f               4087      4121      4088
f               4087      4120      4121
f               4120      4154      4121
f               4120      4153      4154
f               4153      4187      4154
f               4153      4186      4187
f               4186      4220      4187
f               4186      4219      4220
f               4219      4253      4220
f               4219      4252      4253
f               4252      4286      4253
f               4252      4285      4286
f               4285      4319      4286
f               4285      4318      4319
f               4318      4352      4319
f               4318      4351      4352
f                  5      3329         4
f                  4      3329      3330
f               3329      3362      3330
f               3330      3362      3363
f               3362      3395      3363
f               3363      3395      3396
f               3395      3428      3396
f               3396      3428      3429
f               3428      3461      3429
f               3429      3461      3462
f               3461      3494      3462
f               3462      3494      3495
f               3494      3527      3495
f               3495      3527      3528
f               3527      3560      3528
f               3528      3560      3561
f               3560      3593      3561
f               3561      3593      3594
f               3593      3626      3594
f               3594      3626      3627
f               3626      3659      3627
f               3627      3659      3660
f               3659      3692      3660
f               3660      3692      3693
f               3692      3725      3693
f               3693      3725      3726
f               3725      3758      3726
f               3726      3758      3759
f               3758      3791      3759
f               3759      3791      3792
f               3791      3824      3792
f               3792      3824      3825
f               3824      3858      3825
f               3824      3857      3858
f               3857      3891      3858
f               3857      3890      3891
f               3890      3924      3891
f               3890      3923      3924
f               3923      3957      3924
f               3923      3956      3957
f               3956      3990      3957
f               3956      3989      3990
f               3989      4023      3990
f               3989      4022      4023
f               4022      4056      4023
f               4022      4055      4056
f               4055      4089      4056
f               4055      4088      4089
f               4088      4122      4089
f               4088      4121      4122
f               4121      4155      4122
f               4121      4154      4155
f               4154      4188      4155
f               4154      4187      4188
f               4187      4221      4188
f               4187      4220      4221
f               4220      4254      4221
f               4220      4253      4254
f               4253      4287      4254
f               4253      4286      4287
f               4286      4320      4287
f               4286      4319      4320
f               4319      4353      4320
f               4319      4352      4353
f                  4      3330         3
f                  3      3330      3331
f               3330      3363      3331
f               3331      3363      3364
f               3363      3396      3364
f               3364      3396      3397
f               3396      3429      3397
f               3397      3429      3430
f               3429      3462      3430
f               3430      3462      3463
f               3462      3495      3463
f               3463      3495      3496
f               3495      3528      3496
f               3496      3528      3529
f               3528      3561      3529
f               3529      3561      3562
f               3561      3594      3562
f               3562      3594      3595
f               3594      3627      3595
f               3595      3627      3628
f               3627      3660      3628
f               3628      3660      3661
f               3660      3693      3661
f               3661      3693      3694
f               3693      3726      3694
f               3694      3726      3727
f               3726      3759      3727
f               3727      3759      3760
f               3759      3792      3760
f               3760      3792      3793
f               3792      3825      3793
f               3793      3825      3826
f               3825      3859      3826
f               3825      3858      3859
f               3858      3892      3859
f               3858      3891      3892
f               3891      3925      3892
f               3891      3924      3925
f               3924      3958      3925
f               3924      3957      3958
f               3957      3991      3958
f               3957      3990      3991
f               3990      4024      3991
f               3990      4023      4024
f               4023      4057      4024
f               4023      4056      4057
f               4056      4090      4057
f               4056      4089      4090
f               4089      4123      4090
f               4089      4122      4123
f               4122      4156      4123
f               4122      4155      4156
f               4155      4189      4156
f               4155      4188      4189
f               4188      4222      4189
f               4188      4221      4222
f               4221      4255      4222
f               4221      4254      4255
f               4254      4288      4255
f               4254      4287      4288
f               4287      4321      4288
f               4287      4320      4321
f               4320      4354      4321
f               4320      4353      4354
f                  3      3331         2
f                  2      3331      3332
f               3331      3364      3332
f               3332      3364      3365
f               3364      3397      3365
f               3365      3397      3398
f               3397      3430      3398
f               3398      3430      3431
f               3430      3463      3431
f               3431      3463      3464
f               3463      3496      3464
f               3464      3496      3497
f               3496      3529      3497
f               3497      3529      3530
f               3529      3562      3530
f               3530      3562      3563
f               3562      3595      3563
f               3563      3595      3596
f               3595      3628      3596
f               3596      3628      3629
f               3628      3661      3629
f               3629      3661      3662
f               3661      3694      3662
f               3662      3694      3695
f               3694      3727      3695
f               3695      3727      3728
f               3727      3761      3728
f               3727      3760      3761
f               3760      3794      3761
f               3760      3793      3794
f               3793      3827      3794
f               3793      3826      3827
f               3826      3860      3827
f               3826      3859      3860
f               3859      3893      3860
f               3859      3892      3893
f               3892      3926      3893
f               3892      3925      3926
f               3925      3959      3926
f               3925      3958      3959
f               3958      3992      3959
f               3958      3991      3992
f               3991      4025      3992
f               3991      4024      4025
f               4024      4058      4025
f               4024      4057      4058
f               4057      4091      4058
f               4057      4090      4091
f               4090      4124      4091
f               4090      4123      4124
f               4123      4157      4124
f               4123      4156      4157
f               4156      4190      4157
f               4156      4189      4190
f               4189      4223      4190
f               4189      4222      4223
f               4222      4256      4223
f               4222      4255      4256
f               4255      4289      4256
f               4255      4288      4289
f               4288      4322      4289
f               4288      4321      4322
f               4321      4355      4322
f               4321      4354      4355
f                  2      3332         1
f                  1      3332      2212
f               3332      3365      2212
f               2212      3365      2245
f               3365      3398      2245
f               2245      3398      2278
f               3398      3431      2278
f               2278      3431      2311
f               3431      3464      2311
f               2311      3464      2344
f               3464      3497      2344
f               2344      3497      2377
f               3497      3530      2377
f               2377      3530      2410
f               3530      3563      2410
f               2410      3563      2443
f               3563      3596      2443
f               2443      3596      2476
f               3596      3629      2476
f               2476      3629      2509
f               3629      3662      2509
f               2509      3662      2542
f               3662      3695      2542
f               2542      3695      2575
f               3695      3728      2575
f               2575      3728      2608
f               3728      3761      2608
f               2608      3761      2641
f               3761      3794      2641
f               2641      3794      2674
f               3794      2707      2674
f               3794      3827      2707
f               3827      2740      2707
f               3827      3860      2740
f               3860      2773      2740
f               3860      3893      2773
f               3893      2806      2773
f               3893      3926      2806
f               3926      2839      2806
f               3926      3959      2839
f               3959      2872      2839
f               3959      3992      2872
f               3992      2905      2872
f               3992      4025      2905
f               4025      2938      2905
f               4025      4058      2938
f               4058      2971      2938
f               4058      4091      2971
f               4091      3004      2971
f               4091      4124      3004
f               4124      3037      3004
f               4124      4157      3037
f               4157      3070      3037
f               4157      4190      3070
f               4190      3103      3070
f               4190      4223      3103
f               4223      3136      3103
f               4223      4256      3136
f               4256      3169      3136
f               4256      4289      3169
f               4289      3202      3169
f               4289      4322      3202
f               4322      3235      3202
f               4322      4355      3235
f               1089      4391      1056
f               1089      1155      4391
f               1155      4424      4391
f               1155      1188      4424
f               1188      4457      4424
f               1188      1221      4457
f               1221      4490      4457
f               1221      1254      4490
f               1254      4523      4490
f               1254      1287      4523
f               1287      4556      4523
f               1287      1320      4556
f               1320      4589      4556
f               1320      1353      4589
f               1353      4622      4589
f               1353      1386      4622
f               1386      4655      4622
f               1386      1419      4655
f               1419      4688      4655
f               1419      1452      4688
f               1452      4721      4688
f               1452      1485      4721
f               1485      4754      4721
f               1485      1518      4754
f               1518      4787      4754
f               1518      1551      4787
f               1551      4820      4787
f               1551      1584      4820
f               1584      4853      4820
f               1584      1617      4853
f               1617      1650      4853
f               4853      1650      4886
f               1650      4919      4886
f               1650      1683      4919
f               1683      1716      4919
f               4919      1716      4952
f               1716      1749      4952
f               4952      1749      4985
f               1749      1782      4985
f               4985      1782      5018
f               1782      1815      5018
f               5018      1815      5051
f               1815      1848      5051
f               5051      1848      5084
f               1848      1881      5084
f               5084      1881      5117
f               1881      1914      5117
f               5117      1914      5150
f               1914      1947      5150
f               5150      1947      5183
f               1947      1980      5183
f               5183      1980      5216
f               1980      2013      5216
f               5216      2013      5249
f               2013      2046      5249
f               5249      2046      5282
f               2046      2079      5282
f               5282      2079      5315
f               2079      2112      5315
f               5315      2112      5348
f               2112      2145      5348
f               5348      2145      5381
f               2145      2178      5381
f               5381      2178      5414
f               1056      4392      1023
f               1056      4391      4392
f               4391      4425      4392
f               4391      4424      4425
f               4424      4458      4425
f               4424      4457      4458
f               4457      4491      4458
f               4457      4490      4491
f               4490      4524      4491
f               4490      4523      4524
f               4523      4557      4524
f               4523      4556      4557
f               4556      4590      4557
f               4556      4589      4590
f               4589      4623      4590
f               4589      4622      4623
f               4622      4656      4623
f               4622      4655      4656
f               4655      4689      4656
f               4655      4688      4689
f               4688      4722      4689
f               4688      4721      4722
f               4721      4755      4722
f               4721      4754      4755
f               4754      4788      4755
f               4754      4787      4788
f               4787      4821      4788
f               4787      4820      4821
f               4820      4854      4821
f               4820      4853      4854
f               4853      4887      4854
f               4853      4886      4887
f               4886      4919      4887
f               4887      4919      4920
f               4919      4952      4920
f               4920      4952      4953
f               4952      4985      4953
f               4953      4985      4986
f               4985      5018      4986
f               4986      5018      5019
f               5018      5051      5019
f               5019      5051      5052
f               5051      5084      5052
f               5052      5084      5085
f               5084      5117      5085
f               5085      5117      5118
f               5117      5150      5118
f               5118      5150      5151
f               5150      5183      5151
f               5151      5183      5184
f               5183      5216      5184
f               5184      5216      5217
f               5216      5249      5217
f               5217      5249      5250
f               5249      5282      5250
f               5250      5282      5283
f               5282      5315      5283
f               5283      5315      5316
f               5315      5348      5316
f               5316      5348      5349
f               5348      5381      5349
f               5349      5381      5382
f               5381      5414      5382
f               5382      5414      5415
f               1023      4393       990
f               1023      4392      4393
f               4392      4426      4393
f               4392      4425      4426
f               4425      4459      4426
f               4425      4458      4459
f               4458      4492      4459
f               4458      4491      4492
f               4491      4525      4492
f               4491      4524      4525
f               4524      4558      4525
f               4524      4557      4558
f               4557      4591      4558
f               4557      4590      4591
f               4590      4624      4591
f               4590      4623      4624
f               4623      4657      4624
f               4623      4656      4657
f               4656      4690      4657
f               4656      4689      4690
f               4689      4723      4690
f               4689      4722      4723
f               4722      4756      4723
f               4722      4755      4756
f               4755      4789      4756
f               4755      4788      4789
f               4788      4822      4789
f               4788      4821      4822
f               4821      4854      4822
f               4822      4854      4855
f               4854      4887      4855
f               4855      4887      4888
f               4887      4920      4888
f               4888      4920      4921
f               4920      4953      4921
f               4921      4953      4954
f               4953      4986      4954
f               4954      4986      4987
f               4986      5019      4987
f               4987      5019      5020
f               5019      5052      5020
f               5020      5052      5053
f               5052      5085      5053
f               5053      5085      5086
f               5085      5118      5086
f               5086      5118      5119
f               5118      5151      5119
f               5119      5151      5152
f               5151      5184      5152
f               5152      5184      5185
f               5184      5217      5185
f               5185      5217      5218
f               5217      5250      5218
f               5218      5250      5251
f               5250      5283      5251
f               5251      5283      5284
f               5283      5316      5284
f               5284      5316      5317
f               5316      5349      5317
f               5317      5349      5350
f               5349      5382      5350
f               5350      5382      5383
f               5382      5415      5383
f               5383      5415      5416
f                990      4394       957
f                990      4393      4394
f               4393      4427      4394
f               4393      4426      4427
f               4426      4460      4427
f               4426      4459      4460
f               4459      4493      4460
f               4459      4492      4493
f               4492      4526      4493
f               4492      4525      4526
f               4525      4559      4526
f               4525      4558      4559
f               4558      4592      4559
f               4558      4591      4592
f               4591      4625      4592
f               4591      4624      4625
f               4624      4658      4625
f               4624      4657      4658
f               4657      4691      4658
f               4657      4690      4691
f               4690      4724      4691
f               4690      4723      4724
f               4723      4757      4724
f               4723      4756      4757
f               4756      4790      4757
f               4756      4789      4790
f               4789      4823      4790
f               4789      4822      4823
f               4822      4856      4823
f               4822      4855      4856
f               4855      4888      4856
f               4856      4888      4889
f               4888      4921      4889
f               4889      4921      4922
f               4921      4954      4922
f               4922      4954      4955
f               4954      4987      4955
f               4955      4987      4988
f               4987      5020      4988
f               4988      5020      5021
f               5020      5053      5021
f               5021      5053      5054
f               5053      5086      5054
f               5054      5086      5087
f               5086      5119      5087
f               5087      5119      5120
f               5119      5152      5120
f               5120      5152      5153
f               5152      5185      5153
f               5153      5185      5186
f               5185      5218      5186
f               5186      5218      5219
f               5218      5251      5219
f               5219      5251      5252
f               5251      5284      5252
f               5252      5284      5285
f               5284      5317      5285
f               5285      5317      5318
f               5317      5350      5318
f               5318      5350      5351
f               5350      5383      5351
f               5351      5383      5384
f               5383      5416      5384
f               5384      5416      5417
f                957      4395       924
f                957      4394      4395
f               4394      4428      4395
f               4394      4427      4428
f               4427      4461      4428
f               4427      4460      4461
f               4460      4494      4461
f               4460      4493      4494
f               4493      4527      4494
f               4493      4526      4527
f               4526      4560      4527
f               4526      4559      4560
f               4559      4593      4560
f               4559      4592      4593
f               4592      4626      4593
f               4592      4625      4626
f               4625      4659      4626
f               4625      4658      4659
f               4658      4692      4659
f               4658      4691      4692
f               4691      4725      4692
f               4691      4724      4725
f               4724      4758      4725
f               4724      4757      4758
f               4757      4791      4758
f               4757      4790      4791
f               4790      4824      4791
f               4790      4823      4824
f               4823      4856      4824
f               4824      4856      4857
f               4856      4889      4857
f               4857      4889      4890
f               4889      4922      4890
f               4890      4922      4923
f               4922      4955      4923
f               4923      4955      4956
f               4955      4988      4956
f               4956      4988      4989
f               4988      5021      4989
f               4989      5021      5022
f               5021      5054      5022
f               5022      5054      5055
f               5054      5087      5055
f               5055      5087      5088
f               5087      5120      5088
f               5088      5120      5121
f               5120      5153      5121
f               5121      5153      5154
f               5153      5186      5154
f               5154      5186      5187
f               5186      5219      5187
f               5187      5219      5220
f               5219      5252      5220
f               5220      5252      5253
f               5252      5285      5253
f               5253      5285      5286
f               5285      5318      5286
f               5286      5318      5319
f               5318      5351      5319
f               5319      5351      5352
f               5351      5384      5352
f               5352      5384      5385
f               5384      5417      5385
f               5385      5417      5418
f                924      4396       891
f                924      4395      4396
f               4395      4429      4396
f               4395      4428      4429
f               4428      4462      4429
f               4428      4461      4462
f               4461      4495      4462
f               4461      4494      4495
f               4494      4528      4495
f               4494      4527      4528
f               4527      4561      4528
f               4527      4560      4561
f               4560      4594      4561
f               4560      4593      4594
f               4593      4627      4594
f               4593      4626      4627
f               4626      4660      4627
f               4626      4659      4660
f               4659      4693      4660
f               4659      4692      4693
f               4692      4726      4693
f               4692      4725      4726
f               4725      4759      4726
f               4725      4758      4759
f               4758      4791      4759
f               4759      4791      4792
f               4791      4825      4792
f               4791      4824      4825
f               4824      4858      4825
f               4824      4857      4858
f               4857      4891      4858
f               4857      4890      4891
f               4890      4923      4891
f               4891      4923      4924
f               4923      4956      4924
f               4924      4956      4957
f               4956      4989      4957
f               4957      4989      4990
f               4989      5022      4990
f               4990      5022      5023
f               5022      5055      5023
f               5023      5055      5056
f               5055      5088      5056
f               5056      5088      5089
f               5088      5121      5089
f               5089      5121      5122
f               5121      5154      5122
f               5122      5154      5155
f               5154      5187      5155
f               5155      5187      5188
f               5187      5220      5188
f               5188      5220      5221
f               5220      5253      5221
f               5221      5253      5254
f               5253      5286      5254
f               5254      5286      5287
f               5286      5319      5287
f               5287      5319      5320
f               5319      5352      5320
f               5320      5352      5353
f               5352      5385      5353
f               5353      5385      5386
f               5385      5418      5386
f               5386      5418      5419
f                891      4397       858
f                891      4396      4397
f               4396      4430      4397
f               4396      4429      4430
f               4429      4463      4430
f               4429      4462      4463
f               4462      4496      4463
f               4462      4495      4496
f               4495      4529      4496
f               4495      4528      4529
f               4528      4562      4529
f               4528      4561      4562
f               4561      4595      4562
f               4561      4594      4595
f               4594      4628      4595
f               4594      4627      4628
f               4627      4661      4628
f               4627      4660      4661
f               4660      4694      4661
f               4660      4693      4694
f               4693      4727      4694
f               4693      4726      4727
f               4726      4760      4727
f               4726      4759      4760
f               4759      4793      4760
f               4759      4792      4793
f               4792      4826      4793
f               4792      4825      4826
f               4825      4859      4826
f               4825      4858      4859
f               4858      4892      4859
f               4858      4891      4892
f               4891      4925      4892
f               4891      4924      4925
f               4924      4958      4925
f               4924      4957      4958
f               4957      4990      4958
f               4958      4990      4991
f               4990      5023      4991
f               4991      5023      5024
f               5023      5056      5024
f               5024      5056      5057
f               5056      5089      5057
f               5057      5089      5090
f               5089      5122      5090
f               5090      5122      5123
f               5122      5155      5123
f               5123      5155      5156
f               5155      5188      5156
f               5156      5188      5189
f               5188      5221      5189
f               5189      5221      5222
f               5221      5254      5222
f               5222      5254      5255
f               5254      5287      5255
f               5255      5287      5288
f               5287      5320      5288
f               5288      5320      5321
f               5320      5353      5321
f               5321      5353      5354
f               5353      5386      5354
f               5354      5386      5387
f               5386      5419      5387
f               5387      5419      5420
f                858      4398       825
f                858      4397      4398
f               4397      4431      4398
f               4397      4430      4431
f               4430      4464      4431
f               4430      4463      4464
f               4463      4497      4464
f               4463      4496      4497
f               4496      4530      4497
f               4496      4529      4530
f               4529      4563      4530
f               4529      4562      4563
f               4562      4596      4563
f               4562      4595      4596
f               4595      4629      4596
f               4595      4628      4629
f               4628      4662      4629
f               4628      4661      4662
f               4661      4695      4662
f               4661      4694      4695
f               4694      4728      4695
f               4694      4727      4728
f               4727      4761      4728
f               4727      4760      4761
f               4760      4794      4761
f               4760      4793      4794
f               4793      4827      4794
f               4793      4826      4827
f               4826      4860      4827
f               4826      4859      4860
f               4859      4893      4860
f               4859      4892      4893
f               4892      4926      4893
f               4892      4925      4926
f               4925      4958      4926
f               4926      4958      4959
f               4958      4991      4959
f               4959      4991      4992
f               4991      5024      4992
f               4992      5024      5025
f               5024      5057      5025
f               5025      5057      5058
f               5057      5090      5058
f               5058      5090      5091
f               5090      5123      5091
f               5091      5123      5124
f               5123      5156      5124
f               5124      5156      5157
f               5156      5189      5157
f               5157      5189      5190
f               5189      5222      5190
f               5190      5222      5223
f               5222      5255      5223
f               5223      5255      5256
f               5255      5288      5256
f               5256      5288      5289
f               5288      5321      5289
f               5289      5321      5322
f               5321      5354      5322
f               5322      5354      5355
f               5354      5387      5355
f               5355      5387      5388
f               5387      5420      5388
f               5388      5420      5421
f                825      4399       792
f                825      4398      4399
f               4398      4432      4399
f               4398      4431      4432
f               4431      4465      4432
f               4431      4464      4465
f               4464      4498      4465
f               4464      4497      4498
f               4497      4531      4498
f               4497      4530      4531
f               4530      4564      4531
f               4530      4563      4564
f               4563      4597      4564
f               4563      4596      4597
f               4596      4630      4597
f               4596      4629      4630
f               4629      4663      4630
f               4629      4662      4663
f               4662      4696      4663
f               4662      4695      4696
f               4695      4729      4696
f               4695      4728      4729
f               4728      4762      4729
f               4728      4761      4762
f               4761      4795      4762
f               4761      4794      4795
f               4794      4828      4795
f               4794      4827      4828
f               4827      4861      4828
f               4827      4860      4861
f               4860      4894      4861
f               4860      4893      4894
f               4893      4926      4894
f               4894      4926      4927
f               4926      4959      4927
f               4927      4959      4960
f               4959      4992      4960
f               4960      4992      4993
f               4992      5025      4993
f               4993      5025      5026
f               5025      5058      5026
f               5026      5058      5059
f               5058      5091      5059
f               5059      5091      5092
f               5091      5124      5092
f               5092      5124      5125
f               5124      5157      5125
f               5125      5157      5158
f               5157      5190      5158
f               5158      5190      5191
f               5190      5223      5191
f               5191      5223      5224
f               5223      5256      5224
f               5224      5256      5257
f               5256      5289      5257
f               5257      5289      5290
f               5289      5322      5290
f               5290      5322      5323
f               5322      5355      5323
f               5323      5355      5356
f               5355      5388      5356
f               5356      5388      5389
f               5388      5421      5389
f               5389      5421      5422
f                792      4400       759
f                792      4399      4400
f               4399      4433      4400
f               4399      4432      4433
f               4432      4466      4433
f               4432      4465      4466
f               4465      4499      4466
f               4465      4498      4499
f               4498      4532      4499
f               4498      4531      4532
f               4531      4565      4532
f               4531      4564      4565
f               4564      4598      4565
f               4564      4597      4598
f               4597      4631      4598
f               4597      4630      4631
f               4630      4664      4631
f               4630      4663      4664
f               4663      4697      4664
f               4663      4696      4697
f               4696      4730      4697
f               4696      4729      4730
f               4729      4763      4730
f               4729      4762      4763
f               4762      4796      4763
f               4762      4795      4796
f               4795      4829      4796
f               4795      4828      4829
f               4828      4862      4829
f               4828      4861      4862
f               4861      4895      4862
f               4861      4894      4895
f               4894      4927      4895
f               4895      4927      4928
f               4927      4960      4928
f               4928      4960      4961
f               4960      4993      4961
f               4961      4993      4994
f               4993      5026      4994
f               4994      5026      5027
f               5026      5059      5027
f               5027      5059      5060
f               5059      5092      5060
f               5060      5092      5093
f               5092      5125      5093
f               5093      5125      5126
f               5125      5158      5126
f               5126      5158      5159
f               5158      5191      5159
f               5159      5191      5192
f               5191      5224      5192
f               5192      5224      5225
f               5224      5257      5225
f               5225      5257      5258
f               5257      5290      5258
f               5258      5290      5291
f               5290      5323      5291
f               5291      5323      5324
f               5323      5356      5324
f               5324      5356      5357
f               5356      5389      5357
f               5357      5389      5390
f               5389      5422      5390
f               5390      5422      5423
f                759      4401       726
f                759      4400      4401
f               4400      4434      4401
f               4400      4433      4434
f               4433      4467      4434
f               4433      4466      4467
f               4466      4500      4467
f               4466      4499      4500
f               4499      4533      4500
f               4499      4532      4533
f               4532      4566      4533
f               4532      4565      4566
f               4565      4599      4566
f               4565      4598      4599
f               4598      4632      4599
f               4598      4631      4632
f               4631      4665      4632
f               4631      4664      4665
f               4664      4698      4665
f               4664      4697      4698
f               4697      4731      4698
f               4697      4730      4731
f               4730      4764      4731
f               4730      4763      4764
f               4763      4797      4764
f               4763      4796      4797
f               4796      4830      4797
f               4796      4829      4830
f               4829      4863      4830
f               4829      4862      4863
f               4862      4896      4863
f               4862      4895      4896
f               4895      4928      4896
f               4896      4928      4929
f               4928      4961      4929
f               4929      4961      4962
f               4961      4994      4962
f               4962      4994      4995
f               4994      5027      4995
f               4995      5027      5028
f               5027      5060      5028
f               5028      5060      5061
f               5060      5093      5061
f               5061      5093      5094
f               5093      5126      5094
f               5094      5126      5127
f               5126      5159      5127
f               5127      5159      5160
f               5159      5192      5160
f               5160      5192      5193
f               5192      5225      5193
f               5193      5225      5226
f               5225      5258      5226
f               5226      5258      5259
f               5258      5291      5259
f               5259      5291      5292
f               5291      5324      5292
f               5292      5324      5325
f               5324      5357      5325
f               5325      5357      5358
f               5357      5390      5358
f               5358      5390      5391
f               5390      5423      5391
f               5391      5423      5424
f                726      4402       693
f                726      4401      4402
f               4401      4435      4402
f               4401      4434      4435
f               4434      4468      4435
f               4434      4467      4468
f               4467      4501      4468
f               4467      4500      4501
f               4500      4534      4501
f               4500      4533      4534
f               4533      4567      4534
f               4533      4566      4567
f               4566      4600      4567
f               4566      4599      4600
f               4599      4633      4600
f               4599      4632      4633
f               4632      4666      4633
f               4632      4665      4666
f               4665      4699      4666
f               4665      4698      4699
f               4698      4732      4699
f               4698      4731      4732
f               4731      4765      4732
f               4731      4764      4765
f               4764      4798      4765
f               4764      4797      4798
f               4797      4831      4798
f               4797      4830      4831
f               4830      4864      4831
f               4830      4863      4864
f               4863      4897      4864
f               4863      4896      4897
f               4896      4930      4897
f               4896      4929      4930
f               4929      4962      4930
f               4930      4962      4963
f               4962      4995      4963
f               4963      4995      4996
f               4995      5028      4996
f               4996      5028      5029
f               5028      5061      5029
f               5029      5061      5062
f               5061      5094      5062
f               5062      5094      5095
f               5094      5127      5095
f               5095      5127      5128
f               5127      5160      5128
f               5128      5160      5161
f               5160      5193      5161
f               5161      5193      5194
f               5193      5226      5194
f               5194      5226      5227
f               5226      5259      5227
f               5227      5259      5260
f               5259      5292      5260
f               5260      5292      5293
f               5292      5325      5293
f               5293      5325      5326
f               5325      5358      5326
f               5326      5358      5359
f               5358      5391      5359
f               5359      5391      5392
f               5391      5424      5392
f               5392      5424      5425
f                693      4403       660
f                693      4402      4403
f               4402      4436      4403
f               4402      4435      4436
f               4435      4469      4436
f               4435      4468      4469
f               4468      4502      4469
f               4468      4501      4502
f               4501      4535      4502
f               4501      4534      4535
f               4534      4568      4535
f               4534      4567      4568
f               4567      4601      4568
f               4567      4600      4601
f               4600      4634      4601
f               4600      4633      4634
f               4633      4667      4634
f               4633      4666      4667
f               4666      4700      4667
f               4666      4699      4700
f               4699      4733      4700
f               4699      4732      4733
f               4732      4766      4733
f               4732      4765      4766
f               4765      4799      4766
f               4765      4798      4799
f               4798      4832      4799
f               4798      4831      4832
f               4831      4865      4832
f               4831      4864      4865
f               4864      4897      4865
f               4865      4897      4898
f               4897      4931      4898
f               4897      4930      4931
f               4930      4963      4931
f               4931      4963      4964
f               4963      4996      4964
f               4964      4996      4997
f               4996      5029      4997
f               4997      5029      5030
f               5029      5062      5030
f               5030      5062      5063
f               5062      5095      5063
f               5063      5095      5096
f               5095      5128      5096
f               5096      5128      5129
f               5128      5161      5129
f               5129      5161      5162
f               5161      5194      5162
f               5162      5194      5195
f               5194      5227      5195
f               5195      5227      5228
f               5227      5260      5228
f               5228      5260      5261
f               5260      5293      5261
f               5261      5293      5294
f               5293      5326      5294
f               5294      5326      5327
f               5326      5359      5327
f               5327      5359      5360
f               5359      5392      5360
f               5360      5392      5393
f               5392      5425      5393
f               5393      5425      5426
f                660      4404       627
f                660      4403      4404
f               4403      4437      4404
f               4403      4436      4437
f               4436      4469      4437
f               4437      4469      4470
f               4469      4503      4470
f               4469      4502      4503
f               4502      4536      4503
f               4502      4535      4536
f               4535      4569      4536
f               4535      4568      4569
f               4568      4602      4569
f               4568      4601      4602
f               4601      4635      4602
f               4601      4634      4635
f               4634      4668      4635
f               4634      4667      4668
f               4667      4700      4668
f               4668      4700      4701
f               4700      4734      4701
f               4700      4733      4734
f               4733      4767      4734
f               4733      4766      4767
f               4766      4800      4767
f               4766      4799      4800
f               4799      4833      4800
f               4799      4832      4833
f               4832      4866      4833
f               4832      4865      4866
f               4865      4898      4866
f               4866      4898      4899
f               4898      4932      4899
f               4898      4931      4932
f               4931      4965      4932
f               4931      4964      4965
f               4964      4997      4965
f               4965      4997      4998
f               4997      5030      4998
f               4998      5030      5031
f               5030      5063      5031
f               5031      5063      5064
f               5063      5096      5064
f               5064      5096      5097
f               5096      5129      5097
f               5097      5129      5130
f               5129      5162      5130
f               5130      5162      5163
f               5162      5195      5163
f               5163      5195      5196
f               5195      5229      5196
f               5195      5228      5229
f               5228      5262      5229
f               5228      5261      5262
f               5261      5294      5262
f               5262      5294      5295
f               5294      5327      5295
f               5295      5327      5328
f               5327      5360      5328
f               5328      5360      5361
f               5360      5393      5361
f               5361      5393      5394
f               5393      5426      5394
f               5394      5426      5427
f                627      4405       594
f                627      4404      4405
f               4404      4438      4405
f               4404      4437      4438
f               4437      4471      4438
f               4437      4470      4471
f               4470      4504      4471
f               4470      4503      4504
f               4503      4537      4504
f               4503      4536      4537
f               4536      4570      4537
f               4536      4569      4570
f               4569      4603      4570
f               4569      4602      4603
f               4602      4636      4603
f               4602      4635      4636
f               4635      4669      4636
f               4635      4668      4669
f               4668      4702      4669
f               4668      4701      4702
f               4701      4735      4702
f               4701      4734      4735
f               4734      4768      4735
f               4734      4767      4768
f               4767      4801      4768
f               4767      4800      4801
f               4800      4834      4801
f               4800      4833      4834
f               4833      4867      4834
f               4833      4866      4867
f               4866      4900      4867
f               4866      4899      4900
f               4899      4933      4900
f               4899      4932      4933
f               4932      4966      4933
f               4932      4965      4966
f               4965      4998      4966
f               4966      4998      4999
f               4998      5031      4999
f               4999      5031      5032
f               5031      5064      5032
f               5032      5064      5065
f               5064      5097      5065
f               5065      5097      5098
f               5097      5130      5098
f               5098      5130      5131
f               5130      5163      5131
f               5131      5163      5164
f               5163      5197      5164
f               5163      5196      5197
f               5196      5230      5197
f               5196      5229      5230
f               5229      5262      5230
f               5230      5262      5263
f               5262      5295      5263
f               5263      5295      5296
f               5295      5328      5296
f               5296      5328      5329
f               5328      5361      5329
f               5329      5361      5362
f               5361      5394      5362
f               5362      5394      5395
f               5394      5427      5395
f               5395      5427      5428
f                594      4406       561
f                594      4405      4406
f               4405      4439      4406
f               4405      4438      4439
f               4438      4472      4439
f               4438      4471      4472
f               4471      4505      4472
f               4471      4504      4505
f               4504      4538      4505
f               4504      4537      4538
f               4537      4571      4538
f               4537      4570      4571
f               4570      4604      4571
f               4570      4603      4604
f               4603      4636      4604
f               4604      4636      4637
f               4636      4670      4637
f               4636      4669      4670
f               4669      4703      4670
f               4669      4702      4703
f               4702      4736      4703
f               4702      4735      4736
f               4735      4769      4736
f               4735      4768      4769
f               4768      4801      4769
f               4769      4801      4802
f               4801      4834      4802
f               4802      4834      4835
f               4834      4868      4835
f               4834      4867      4868
f               4867      4901      4868
f               4867      4900      4901
f               4900      4934      4901
f               4900      4933      4934
f               4933      4967      4934
f               4933      4966      4967
f               4966      4999      4967
f               4967      4999      5000
f               4999      5032      5000
f               5000      5032      5033
f               5032      5066      5033
f               5032      5065      5066
f               5065      5098      5066
f               5066      5098      5099
f               5098      5132      5099
f               5098      5131      5132
f               5131      5165      5132
f               5131      5164      5165
f               5164      5198      5165
f               5164      5197      5198
f               5197      5231      5198
f               5197      5230      5231
f               5230      5264      5231
f               5230      5263      5264
f               5263      5297      5264
f               5263      5296      5297
f               5296      5329      5297
f               5297      5329      5330
f               5329      5362      5330
f               5330      5362      5363
f               5362      5395      5363
f               5363      5395      5396
f               5395      5429      5396
f               5395      5428      5429
f                561      4407       528
f                561      4406      4407
f               4406      4440      4407
f               4406      4439      4440
f               4439      4473      4440
f               4439      4472      4473
f               4472      4506      4473
f               4472      4505      4506
f               4505      4538      4506
f               4506      4538      4539
f               4538      4571      4539
f               4539      4571      4572
f               4571      4604      4572
f               4572      4604      4605
f               4604      4637      4605
f               4605      4637      4638
f               4637      4670      4638
f               4638      4670      4671
f               4670      4704      4671
f               4670      4703      4704
f               4703      4737      4704
f               4703      4736      4737
f               4736      4769      4737
f               4737      4769      4770
f               4769      4802      4770
f               4770      4802      4803
f               4802      4835      4803
f               4803      4835      4836
f               4835      4869      4836
f               4835      4868      4869
f               4868      4902      4869
f               4868      4901      4902
f               4901      4934      4902
f               4902      4934      4935
f               4934      4968      4935
f               4934      4967      4968
f               4967      5001      4968
f               4967      5000      5001
f               5000      5034      5001
f               5000      5033      5034
f               5033      5067      5034
f               5033      5066      5067
f               5066      5100      5067
f               5066      5099      5100
f               5099      5133      5100
f               5099      5132      5133
f               5132      5166      5133
f               5132      5165      5166
f               5165      5199      5166
f               5165      5198      5199
f               5198      5232      5199
f               5198      5231      5232
f               5231      5265      5232
f               5231      5264      5265
f               5264      5298      5265
f               5264      5297      5298
f               5297      5331      5298
f               5297      5330      5331
f               5330      5364      5331
f               5330      5363      5364
f               5363      5397      5364
f               5363      5396      5397
f               5396      5430      5397
f               5396      5429      5430
f                528      4407       495
f                495      4407      4408
f               4407      4440      4408
f               4408      4440      4441
f               4440      4473      4441
f               4441      4473      4474
f               4473      4506      4474
f               4474      4506      4507
f               4506      4539      4507
f               4507      4539      4540
f               4539      4572      4540
f               4540      4572      4573
f               4572      4605      4573
f               4573      4605      4606
f               4605      4639      4606
f               4605      4638      4639
f               4638      4671      4639
f               4639      4671      4672
f               4671      4704      4672
f               4672      4704      4705
f               4704      4737      4705
f               4705      4737      4738
f               4737      4770      4738
f               4738      4770      4771
f               4770      4803      4771
f               4771      4803      4804
f               4803      4836      4804
f               4804      4836      4837
f               4836      4869      4837
f               4837      4869      4870
f               4869      4903      4870
f               4869      4902      4903
f               4902      4936      4903
f               4902      4935      4936
f               4935      4969      4936
f               4935      4968      4969
f               4968      5002      4969
f               4968      5001      5002
f               5001      5035      5002
f               5001      5034      5035
f               5034      5068      5035
f               5034      5067      5068
f               5067      5101      5068
f               5067      5100      5101
f               5100      5134      5101
f               5100      5133      5134
f               5133      5167      5134
f               5133      5166      5167
f               5166      5200      5167
f               5166      5199      5200
f               5199      5233      5200
f               5199      5232      5233
f               5232      5266      5233
f               5232      5265      5266
f               5265      5299      5266
f               5265      5298      5299
f               5298      5332      5299
f               5298      5331      5332
f               5331      5365      5332
f               5331      5364      5365
f               5364      5398      5365
f               5364      5397      5398
f               5397      5431      5398
f               5397      5430      5431
f                495      4408       462
f                462      4408      4409
f               4408      4441      4409
f               4409      4441      4442
f               4441      4474      4442
f               4442      4474      4475
f               4474      4507      4475
f               4475      4507      4508
f               4507      4540      4508
f               4508      4540      4541
f               4540      4573      4541
f               4541      4573      4574
f               4573      4607      4574
f               4573      4606      4607
f               4606      4640      4607
f               4606      4639      4640
f               4639      4672      4640
f               4640      4672      4673
f               4672      4705      4673
f               4673      4705      4706
f               4705      4738      4706
f               4706      4738      4739
f               4738      4771      4739
f               4739      4771      4772
f               4771      4804      4772
f               4772      4804      4805
f               4804      4837      4805
f               4805      4837      4838
f               4837      4870      4838
f               4838      4870      4871
f               4870      4903      4871
f               4871      4903      4904
f               4903      4937      4904
f               4903      4936      4937
f               4936      4970      4937
f               4936      4969      4970
f               4969      5003      4970
f               4969      5002      5003
f               5002      5036      5003
f               5002      5035      5036
f               5035      5069      5036
f               5035      5068      5069
f               5068      5102      5069
f               5068      5101      5102
f               5101      5135      5102
f               5101      5134      5135
f               5134      5168      5135
f               5134      5167      5168
f               5167      5201      5168
f               5167      5200      5201
f               5200      5233      5201
f               5201      5233      5234
f               5233      5267      5234
f               5233      5266      5267
f               5266      5300      5267
f               5266      5299      5300
f               5299      5333      5300
f               5299      5332      5333
f               5332      5366      5333
f               5332      5365      5366
f               5365      5399      5366
f               5365      5398      5399
f               5398      5432      5399
f               5398      5431      5432
f                462      4409       429
f                429      4409      4410
f               4409      4442      4410
f               4410      4442      4443
f               4442      4475      4443
f               4443      4475      4476
f               4475      4508      4476
f               4476      4508      4509
f               4508      4541      4509
f               4509      4541      4542
f               4541      4574      4542
f               4542      4574      4575
f               4574      4607      4575
f               4575      4607      4608
f               4607      4640      4608
f               4608      4640      4641
f               4640      4673      4641
f               4641      4673      4674
f               4673      4706      4674
f               4674      4706      4707
f               4706      4739      4707
f               4707      4739      4740
f               4739      4772      4740
f               4740      4772      4773
f               4772      4805      4773
f               4773      4805      4806
f               4805      4838      4806
f               4806      4838      4839
f               4838      4871      4839
f               4839      4871      4872
f               4871      4904      4872
f               4872      4904      4905
f               4904      4938      4905
f               4904      4937      4938
f               4937      4971      4938
f               4937      4970      4971
f               4970      5004      4971
f               4970      5003      5004
f               5003      5037      5004
f               5003      5036      5037
f               5036      5070      5037
f               5036      5069      5070
f               5069      5103      5070
f               5069      5102      5103
f               5102      5135      5103
f               5103      5135      5136
f               5135      5169      5136
f               5135      5168      5169
f               5168      5202      5169
f               5168      5201      5202
f               5201      5235      5202
f               5201      5234      5235
f               5234      5267      5235
f               5235      5267      5268
f               5267      5301      5268
f               5267      5300      5301
f               5300      5334      5301
f               5300      5333      5334
f               5333      5367      5334
f               5333      5366      5367
f               5366      5400      5367
f               5366      5399      5400
f               5399      5433      5400
f               5399      5432      5433
f                429      4410       396
f                396      4410      4411
f               4410      4443      4411
f               4411      4443      4444
f               4443      4476      4444
f               4444      4476      4477
f               4476      4509      4477
f               4477      4509      4510
f               4509      4542      4510
f               4510      4542      4543
f               4542      4575      4543
f               4543      4575      4576
f               4575      4608      4576
f               4576      4608      4609
f               4608      4641      4609
f               4609      4641      4642
f               4641      4674      4642
f               4642      4674      4675
f               4674      4707      4675
f               4675      4707      4708
f               4707      4740      4708
f               4708      4740      4741
f               4740      4773      4741
f               4741      4773      4774
f               4773      4806      4774
f               4774      4806      4807
f               4806      4839      4807
f               4807      4839      4840
f               4839      4872      4840
f               4840      4872      4873
f               4872      4905      4873
f               4873      4905      4906
f               4905      4938      4906
f               4906      4938      4939
f               4938      4971      4939
f               4939      4971      4972
f               4971      5004      4972
f               4972      5004      5005
f               5004      5038      5005
f               5004      5037      5038
f               5037      5071      5038
f               5037      5070      5071
f               5070      5104      5071
f               5070      5103      5104
f               5103      5137      5104
f               5103      5136      5137
f               5136      5170      5137
f               5136      5169      5170
f               5169      5203      5170
f               5169      5202      5203
f               5202      5236      5203
f               5202      5235      5236
f               5235      5268      5236
f               5236      5268      5269
f               5268      5302      5269
f               5268      5301      5302
f               5301      5335      5302
f               5301      5334      5335
f               5334      5368      5335
f               5334      5367      5368
f               5367      5401      5368
f               5367      5400      5401
f               5400      5434      5401
f               5400      5433      5434
f                396      4411       363
f                363      4411      4412
f               4411      4444      4412
f               4412      4444      4445
f               4444      4477      4445
f               4445      4477      4478
f               4477      4510      4478
f               4478      4510      4511
f               4510      4543      4511
f               4511      4543      4544
f               4543      4576      4544
f               4544      4576      4577
f               4576      4609      4577
f               4577      4609      4610
f               4609      4642      4610
f               4610      4642      4643
f               4642      4675      4643
f               4643      4675      4676
f               4675      4708      4676
f               4676      4708      4709
f               4708      4741      4709
f               4709      4741      4742
f               4741      4774      4742
f               4742      4774      4775
f               4774      4807      4775
f               4775      4807      4808
f               4807      4840      4808
f               4808      4840      4841
f               4840      4873      4841
f               4841      4873      4874
f               4873      4907      4874
f               4873      4906      4907
f               4906      4939      4907
f               4907      4939      4940
f               4939      4972      4940
f               4940      4972      4973
f               4972      5005      4973
f               4973      5005      5006
f               5005      5039      5006
f               5005      5038      5039
f               5038      5072      5039
f               5038      5071      5072
f               5071      5105      5072
f               5071      5104      5105
f               5104      5138      5105
f               5104      5137      5138
f               5137      5171      5138
f               5137      5170      5171
f               5170      5204      5171
f               5170      5203      5204
f               5203      5237      5204
f               5203      5236      5237
f               5236      5270      5237
f               5236      5269      5270
f               5269      5303      5270
f               5269      5302      5303
f               5302      5336      5303
f               5302      5335      5336
f               5335      5369      5336
f               5335      5368      5369
f               5368      5402      5369
f               5368      5401      5402
f               5401      5435      5402
f               5401      5434      5435
f                363      4412       330
f                330      4412      4413
f               4412      4445      4413
f               4413      4445      4446
f               4445      4478      4446
f               4446      4478      4479
f               4478      4511      4479
f               4479      4511      4512
f               4511      4544      4512
f               4512      4544      4545
f               4544      4577      4545
f               4545      4577      4578
f               4577      4610      4578
f               4578      4610      4611
f               4610      4643      4611
f               4611      4643      4644
f               4643      4676      4644
f               4644      4676      4677
f               4676      4710      4677
f               4676      4709      4710
f               4709      4742      4710
f               4710      4742      4743
f               4742      4775      4743
f               4743      4775      4776
f               4775      4808      4776
f               4776      4808      4809
f               4808      4841      4809
f               4809      4841      4842
f               4841      4875      4842
f               4841      4874      4875
f               4874      4908      4875
f               4874      4907      4908
f               4907      4940      4908
f               4908      4940      4941
f               4940      4974      4941
f               4940      4973      4974
f               4973      5006      4974
f               4974      5006      5007
f               5006      5040      5007
f               5006      5039      5040
f               5039      5073      5040
f               5039      5072      5073
f               5072      5106      5073
f               5072      5105      5106
f               5105      5139      5106
f               5105      5138      5139
f               5138      5172      5139
f               5138      5171      5172
f               5171      5205      5172
f               5171      5204      5205
f               5204      5238      5205
f               5204      5237      5238
f               5237      5271      5238
f               5237      5270      5271
f               5270      5304      5271
f               5270      5303      5304
f               5303      5337      5304
f               5303      5336      5337
f               5336      5370      5337
f               5336      5369      5370
f               5369      5403      5370
f               5369      5402      5403
f               5402      5436      5403
f               5402      5435      5436
f                330      4413       297
f                297      4413      4414
f               4413      4446      4414
f               4414      4446      4447
f               4446      4479      4447
f               4447      4479      4480
f               4479      4512      4480
f               4480      4512      4513
f               4512      4545      4513
f               4513      4545      4546
f               4545      4578      4546
f               4546      4578      4579
f               4578      4611      4579
f               4579      4611      4612
f               4611      4644      4612
f               4612      4644      4645
f               4644      4678      4645
f               4644      4677      4678
f               4677      4711      4678
f               4677      4710      4711
f               4710      4743      4711
f               4711      4743      4744
f               4743      4776      4744
f               4744      4776      4777
f               4776      4809      4777
f               4777      4809      4810
f               4809      4842      4810
f               4810      4842      4843
f               4842      4875      4843
f               4843      4875      4876
f               4875      4909      4876
f               4875      4908      4909
f               4908      4942      4909
f               4908      4941      4942
f               4941      4975      4942
f               4941      4974      4975
f               4974      5008      4975
f               4974      5007      5008
f               5007      5041      5008
f               5007      5040      5041
f               5040      5074      5041
f               5040      5073      5074
f               5073      5107      5074
f               5073      5106      5107
f               5106      5140      5107
f               5106      5139      5140
f               5139      5173      5140
f               5139      5172      5173
f               5172      5206      5173
f               5172      5205      5206
f               5205      5239      5206
f               5205      5238      5239
f               5238      5272      5239
f               5238      5271      5272
f               5271      5305      5272
f               5271      5304      5305
f               5304      5338      5305
f               5304      5337      5338
f               5337      5371      5338
f               5337      5370      5371
f               5370      5404      5371
f               5370      5403      5404
f               5403      5437      5404
f               5403      5436      5437
f                297      4414       264
f                264      4414      4415
f               4414      4447      4415
f               4415      4447      4448
f               4447      4480      4448
f               4448      4480      4481
f               4480      4513      4481
f               4481      4513      4514
f               4513      4546      4514
f               4514      4546      4547
f               4546      4579      4547
f               4547      4579      4580
f               4579      4612      4580
f               4580      4612      4613
f               4612      4645      4613
f               4613      4645      4646
f               4645      4678      4646
f               4646      4678      4679
f               4678      4711      4679
f               4679      4711      4712
f               4711      4744      4712
f               4712      4744      4745
f               4744      4777      4745
f               4745      4777      4778
f               4777      4810      4778
f               4778      4810      4811
f               4810      4843      4811
f               4811      4843      4844
f               4843      4876      4844
f               4844      4876      4877
f               4876      4909      4877
f               4877      4909      4910
f               4909      4943      4910
f               4909      4942      4943
f               4942      4976      4943
f               4942      4975      4976
f               4975      5009      4976
f               4975      5008      5009
f               5008      5042      5009
f               5008      5041      5042
f               5041      5075      5042
f               5041      5074      5075
f               5074      5108      5075
f               5074      5107      5108
f               5107      5141      5108
f               5107      5140      5141
f               5140      5174      5141
f               5140      5173      5174
f               5173      5207      5174
f               5173      5206      5207
f               5206      5240      5207
f               5206      5239      5240
f               5239      5273      5240
f               5239      5272      5273
f               5272      5306      5273
f               5272      5305      5306
f               5305      5339      5306
f               5305      5338      5339
f               5338      5372      5339
f               5338      5371      5372
f               5371      5405      5372
f               5371      5404      5405
f               5404      5438      5405
f               5404      5437      5438
f                264      4415       231
f                231      4415      4416
f               4415      4448      4416
f               4416      4448      4449
f               4448      4481      4449
f               4449      4481      4482
f               4481      4514      4482
f               4482      4514      4515
f               4514      4547      4515
f               4515      4547      4548
f               4547      4580      4548
f               4548      4580      4581
f               4580      4613      4581
f               4581      4613      4614
f               4613      4646      4614
f               4614      4646      4647
f               4646      4679      4647
f               4647      4679      4680
f               4679      4712      4680
f               4680      4712      4713
f               4712      4745      4713
f               4713      4745      4746
f               4745      4778      4746
f               4746      4778      4779
f               4778      4811      4779
f               4779      4811      4812
f               4811      4844      4812
f               4812      4844      4845
f               4844      4877      4845
f               4845      4877      4878
f               4877      4910      4878
f               4878      4910      4911
f               4910      4944      4911
f               4910      4943      4944
f               4943      4977      4944
f               4943      4976      4977
f               4976      5010      4977
f               4976      5009      5010
f               5009      5043      5010
f               5009      5042      5043
f               5042      5076      5043
f               5042      5075      5076
f               5075      5109      5076
f               5075      5108      5109
f               5108      5142      5109
f               5108      5141      5142
f               5141      5175      5142
f               5141      5174      5175
f               5174      5208      5175
f               5174      5207      5208
f               5207      5241      5208
f               5207      5240      5241
f               5240      5274      5241
f               5240      5273      5274
f               5273      5307      5274
f               5273      5306      5307
f               5306      5340      5307
f               5306      5339      5340
f               5339      5373      5340
f               5339      5372      5373
f               5372      5406      5373
f               5372      5405      5406
f               5405      5439      5406
f               5405      5438      5439
f                231      4416       198
f                198      4416      4417
f               4416      4449      4417
f               4417      4449      4450
f               4449      4482      4450
f               4450      4482      4483
f               4482      4515      4483
f               4483      4515      4516
f               4515      4548      4516
f               4516      4548      4549
f               4548      4581      4549
f               4549      4581      4582
f               4581      4614      4582
f               4582      4614      4615
f               4614      4647      4615
f               4615      4647      4648
f               4647      4680      4648
f               4648      4680      4681
f               4680      4713      4681
f               4681      4713      4714
f               4713      4746      4714
f               4714      4746      4747
f               4746      4779      4747
f               4747      4779      4780
f               4779      4812      4780
f               4780      4812      4813
f               4812      4845      4813
f               4813      4845      4846
f               4845      4878      4846
f               4846      4878      4879
f               4878      4911      4879
f               4879      4911      4912
f               4911      4944      4912
f               4912      4944      4945
f               4944      4978      4945
f               4944      4977      4978
f               4977      5011      4978
f               4977      5010      5011
f               5010      5044      5011
f               5010      5043      5044
f               5043      5077      5044
f               5043      5076      5077
f               5076      5110      5077
f               5076      5109      5110
f               5109      5143      5110
f               5109      5142      5143
f               5142      5176      5143
f               5142      5175      5176
f               5175      5209      5176
f               5175      5208      5209
f               5208      5242      5209
f               5208      5241      5242
f               5241      5275      5242
f               5241      5274      5275
f               5274      5308      5275
f               5274      5307      5308
f               5307      5341      5308
f               5307      5340      5341
f               5340      5374      5341
f               5340      5373      5374
f               5373      5407      5374
f               5373      5406      5407
f               5406      5440      5407
f               5406      5439      5440
f                198      4417       165
f                165      4417      4418
f               4417      4450      4418
f               4418      4450      4451
f               4450      4483      4451
f               4451      4483      4484
f               4483      4516      4484
f               4484      4516      4517
f               4516      4549      4517
f               4517      4549      4550
f               4549      4582      4550
f               4550      4582      4583
f               4582      4615      4583
f               4583      4615      4616
f               4615      4648      4616
f               4616      4648      4649
f               4648      4681      4649
f               4649      4681      4682
f               4681      4714      4682
f               4682      4714      4715
f               4714      4747      4715
f               4715      4747      4748
f               4747      4780      4748
f               4748      4780      4781
f               4780      4813      4781
f               4781      4813      4814
f               4813      4846      4814
f               4814      4846      4847
f               4846      4879      4847
f               4847      4879      4880
f               4879      4913      4880
f               4879      4912      4913
f               4912      4946      4913
f               4912      4945      4946
f               4945      4979      4946
f               4945      4978      4979
f               4978      5012      4979
f               4978      5011      5012
f               5011      5045      5012
f               5011      5044      5045
f               5044      5078      5045
f               5044      5077      5078
f               5077      5111      5078
f               5077      5110      5111
f               5110      5144      5111
f               5110      5143      5144
f               5143      5177      5144
f               5143      5176      5177
f               5176      5210      5177
f               5176      5209      5210
f               5209      5243      5210
f               5209      5242      5243
f               5242      5276      5243
f               5242      5275      5276
f               5275      5309      5276
f               5275      5308      5309
f               5308      5342      5309
f               5308      5341      5342
f               5341      5375      5342
f               5341      5374      5375
f               5374      5408      5375
f               5374      5407      5408
f               5407      5441      5408
f               5407      5440      5441
f                165      4418       132
f                132      4418      4419
f               4418      4451      4419
f               4419      4451      4452
f               4451      4484      4452
f               4452      4484      4485
f               4484      4517      4485
f               4485      4517      4518
f               4517      4550      4518
f               4518      4550      4551
f               4550      4583      4551
f               4551      4583      4584
f               4583      4616      4584
f               4584      4616      4617
f               4616      4649      4617
f               4617      4649      4650
f               4649      4682      4650
f               4650      4682      4683
f               4682      4715      4683
f               4683      4715      4716
f               4715      4748      4716
f               4716      4748      4749
f               4748      4781      4749
f               4749      4781      4782
f               4781      4814      4782
f               4782      4814      4815
f               4814      4847      4815
f               4815      4847      4848
f               4847      4881      4848
f               4847      4880      4881
f               4880      4913      4881
f               4881      4913      4914
f               4913      4946      4914
f               4914      4946      4947
f               4946      4980      4947
f               4946      4979      4980
f               4979      5013      4980
f               4979      5012      5013
f               5012      5046      5013
f               5012      5045      5046
f               5045      5079      5046
f               5045      5078      5079
f               5078      5112      5079
f               5078      5111      5112
f               5111      5145      5112
f               5111      5144      5145
f               5144      5178      5145
f               5144      5177      5178
f               5177      5211      5178
f               5177      5210      5211
f               5210      5244      5211
f               5210      5243      5244
f               5243      5277      5244
f               5243      5276      5277
f               5276      5310      5277
f               5276      5309      5310
f               5309      5343      5310
f               5309      5342      5343
f               5342      5376      5343
f               5342      5375      5376
f               5375      5409      5376
f               5375      5408      5409
f               5408      5442      5409
f               5408      5441      5442
f                132      4419        99
f                 99      4419      4420
f               4419      4452      4420
f               4420      4452      4453
f               4452      4485      4453
f               4453      4485      4486
f               4485      4518      4486
f               4486      4518      4519
f               4518      4551      4519
f               4519      4551      4552
f               4551      4584      4552
f               4552      4584      4585
f               4584      4617      4585
f               4585      4617      4618
f               4617      4650      4618
f               4618      4650      4651
f               4650      4683      4651
f               4651      4683      4684
f               4683      4716      4684
f               4684      4716      4717
f               4716      4749      4717
f               4717      4749      4750
f               4749      4782      4750
f               4750      4782      4783
f               4782      4815      4783
f               4783      4815      4816
f               4815      4848      4816
f               4816      4848      4849
f               4848      4881      4849
f               4849      4881      4882
f               4881      4914      4882
f               4882      4914      4915
f               4914      4947      4915
f               4915      4947      4948
f               4947      4981      4948
f               4947      4980      4981
f               4980      5014      4981
f               4980      5013      5014
f               5013      5047      5014
f               5013      5046      5047
f               5046      5080      5047
f               5046      5079      5080
f               5079      5113      5080
f               5079      5112      5113
f               5112      5146      5113
f               5112      5145      5146
f               5145      5179      5146
f               5145      5178      5179
f               5178      5212      5179
f               5178      5211      5212
f               5211      5245      5212
f               5211      5244      5245
f               5244      5278      5245
f               5244      5277      5278
f               5277      5311      5278
f               5277      5310      5311
f               5310      5344      5311
f               5310      5343      5344
f               5343      5377      5344
f               5343      5376      5377
f               5376      5410      5377
f               5376      5409      5410
f               5409      5443      5410
f               5409      5442      5443
f                 99      4420        66
f                 66      4420      4421
f               4420      4453      4421
f               4421      4453      4454
f               4453      4486      4454
f               4454      4486      4487
f               4486      4519      4487
f               4487      4519      4520
f               4519      4552      4520
f               4520      4552      4553
f               4552      4585      4553
f               4553      4585      4586
f               4585      4618      4586
f               4586      4618      4619
f               4618      4651      4619
f               4619      4651      4652
f               4651      4684      4652
f               4652      4684      4685
f               4684      4717      4685
f               4685      4717      4718
f               4717      4750      4718
f               4718      4750      4751
f               4750      4783      4751
f               4751      4783      4784
f               4783      4816      4784
f               4784      4816      4817
f               4816      4849      4817
f               4817      4849      4850
f               4849      4882      4850
f               4850      4882      4883
f               4882      4915      4883
f               4883      4915      4916
f               4915      4948      4916
f               4916      4948      4949
f               4948      4982      4949
f               4948      4981      4982
f               4981      5015      4982
f               4981      5014      5015
f               5014      5048      5015
f               5014      5047      5048
f               5047      5081      5048
f               5047      5080      5081
f               5080      5114      5081
f               5080      5113      5114
f               5113      5147      5114
f               5113      5146      5147
f               5146      5180      5147
f               5146      5179      5180
f               5179      5213      5180
f               5179      5212      5213
f               5212      5246      5213
f               5212      5245      5246
f               5245      5279      5246
f               5245      5278      5279
f               5278      5312      5279
f               5278      5311      5312
f               5311      5345      5312
f               5311      5344      5345
f               5344      5378      5345
f               5344      5377      5378
f               5377      5411      5378
f               5377      5410      5411
f               5410      5444      5411
f               5410      5443      5444
f                 66      4421        33
f                 33      4421      3301
f               4421      4454      3301
f               3301      4454      3334
f               4454      4487      3334
f               3334      4487      3367
f               4487      4520      3367
f               3367      4520      3400
f               4520      4553      3400
f               3400      4553      3433
f               4553      4586      3433
f               3433      4586      3466
f               4586      4619      3466
f               3466      4619      3499
f               4619      4652      3499
f               3499      4652      3532
f               4652      4685      3532
f               3532      4685      3565
f               4685      4718      3565
f               3565      4718      3598
f               4718      4751      3598
f               3598      4751      3631
f               4751      4784      3631
f               3631      4784      3664
f               4784      4817      3664
f               3664      4817      3697
f               4817      4850      3697
f               3697      4850      3730
f               4850      4883      3730
f               3730      4883      3763
f               4883      4916      3763
f               3763      4916      3796
f               4916      4949      3796
f               3796      4949      3829
f               4949      3862      3829
f               4949      4982      3862
f               4982      3895      3862
f               4982      5015      3895
f               5015      3928      3895
f               5015      5048      3928
f               5048      3961      3928
f               5048      5081      3961
f               5081      3994      3961
f               5081      5114      3994
f               5114      4027      3994
f               5114      5147      4027
f               5147      4060      4027
f               5147      5180      4060
f               5180      4093      4060
f               5180      5213      4093
f               5213      4126      4093
f               5213      5246      4126
f               5246      4159      4126
f               5246      5279      4159
f               5279      4192      4159
f               5279      5312      4192
f               5312      4225      4192
f               5312      5345      4225
f               5345      4258      4225
f               5345      5378      4258
f               5378      4291      4258
f               5378      5411      4291
f               5411      4324      4291
f               5411      5444      4324
f               2146      5480      2147
f               2146      3266      5480
f               3266      5513      5480
f               3266      3265      5513
f               3265      5546      5513
f               3265      3264      5546
f               3264      5579      5546
f               3264      3263      5579
f               3263      5612      5579
f               3263      3262      5612
f               3262      5645      5612
f               3262      3261      5645
f               3261      5678      5645
f               3261      3260      5678
f               3260      5711      5678
f               3260      3259      5711
f               3259      5744      5711
f               3259      3258      5744
f               3258      5777      5744
f               3258      3257      5777
f               3257      5810      5777
f               3257      3256      5810
f               3256      5843      5810
f               3256      3255      5843
f               3255      5876      5843
f               3255      3254      5876
f               3254      5909      5876
f               3254      3253      5909
f               3253      5942      5909
f               3253      3252      5942
f               3252      5975      5942
f               3252      3251      5975
f               3251      3250      5975
f               5975      3250      6008
f               3250      3249      6008
f               6008      3249      6041
f               3249      3248      6041
f               6041      3248      6074
f               3248      3247      6074
f               6074      3247      6107
f               3247      3246      6107
f               6107      3246      6140
f               3246      3245      6140
f               6140      3245      6173
f               3245      3244      6173
f               6173      3244      6206
f               3244      3243      6206
f               6206      3243      6239
f               3243      3242      6239
f               6239      3242      6272
f               3242      3241      6272
f               6272      3241      6305
f               3241      3240      6305
f               6305      3240      6338
f               3240      3239      6338
f               6338      3239      6371
f               3239      3238      6371
f               6371      3238      6404
f               3238      3237      6404
f               6404      3237      6437
f               3237      3236      6437
f               6437      3236      6470
f               3236      3235      6470
f               6470      3235      4355
f               2147      5481      2148
f               2147      5480      5481
f               5480      5514      5481
f               5480      5513      5514
f               5513      5547      5514
f               5513      5546      5547
f               5546      5580      5547
f               5546      5579      5580
f               5579      5613      5580
f               5579      5612      5613
f               5612      5646      5613
f               5612      5645      5646
f               5645      5679      5646
f               5645      5678      5679
f               5678      5712      5679
f               5678      5711      5712
f               5711      5745      5712
f               5711      5744      5745
f               5744      5778      5745
f               5744      5777      5778
f               5777      5811      5778
f               5777      5810      5811
f               5810      5844      5811
f               5810      5843      5844
f               5843      5877      5844
f               5843      5876      5877
f               5876      5910      5877
f               5876      5909      5910
f               5909      5943      5910
f               5909      5942      5943
f               5942      5976      5943
f               5942      5975      5976
f               5975      6008      5976
f               5976      6008      6009
f               6008      6041      6009
f               6009      6041      6042
f               6041      6074      6042
f               6042      6074      6075
f               6074      6107      6075
f               6075      6107      6108
f               6107      6140      6108
f               6108      6140      6141
f               6140      6173      6141
f               6141      6173      6174
f               6173      6206      6174
f               6174      6206      6207
f               6206      6239      6207
f               6207      6239      6240
f               6239      6272      6240
f               6240      6272      6273
f               6272      6305      6273
f               6273      6305      6306
f               6305      6338      6306
f               6306      6338      6339
f               6338      6371      6339
f               6339      6371      6372
f               6371      6404      6372
f               6372      6404      6405
f               6404      6437      6405
f               6405      6437      6438
f               6437      6470      6438
f               6438      6470      6471
f               6470      4355      6471
f               6471      4355      4354
f               2148      5482      2149
f               2148      5481      5482
f               5481      5515      5482
f               5481      5514      5515
f               5514      5548      5515
f               5514      5547      5548
f               5547      5581      5548
f               5547      5580      5581
f               5580      5614      5581
f               5580      5613      5614
f               5613      5647      5614
f               5613      5646      5647
f               5646      5680      5647
f               5646      5679      5680
f               5679      5713      5680
f               5679      5712      5713
f               5712      5746      5713
f               5712      5745      5746
f               5745      5779      5746
f               5745      5778      5779
f               5778      5812      5779
f               5778      5811      5812
f               5811      5845      5812
f               5811      5844      5845
f               5844      5878      5845
f               5844      5877      5878
f               5877      5911      5878
f               5877      5910      5911
f               5910      5944      5911
f               5910      5943      5944
f               5943      5977      5944
f               5943      5976      5977
f               5976      6010      5977
f               5976      6009      6010
f               6009      6042      6010
f               6010      6042      6043
f               6042      6075      6043
f               6043      6075      6076
f               6075      6108      6076
f               6076      6108      6109
f               6108      6141      6109
f               6109      6141      6142
f               6141      6174      6142
f               6142      6174      6175
f               6174      6207      6175
f               6175      6207      6208
f               6207      6240      6208
f               6208      6240      6241
f               6240      6273      6241
f               6241      6273      6274
f               6273      6306      6274
f               6274      6306      6307
f               6306      6339      6307
f               6307      6339      6340
f               6339      6372      6340
f               6340      6372      6373
f               6372      6405      6373
f               6373      6405      6406
f               6405      6438      6406
f               6406      6438      6439
f               6438      6471      6439
f               6439      6471      6472
f               6471      4354      6472
f               6472      4354      4353
f               2149      5483      2150
f               2149      5482      5483
f               5482      5516      5483
f               5482      5515      5516
f               5515      5549      5516
f               5515      5548      5549
f               5548      5582      5549
f               5548      5581      5582
f               5581      5615      5582
f               5581      5614      5615
f               5614      5648      5615
f               5614      5647      5648
f               5647      5681      5648
f               5647      5680      5681
f               5680      5714      5681
f               5680      5713      5714
f               5713      5747      5714
f               5713      5746      5747
f               5746      5780      5747
f               5746      5779      5780
f               5779      5813      5780
f               5779      5812      5813
f               5812      5846      5813
f               5812      5845      5846
f               5845      5879      5846
f               5845      5878      5879
f               5878      5912      5879
f               5878      5911      5912
f               5911      5945      5912
f               5911      5944      5945
f               5944      5978      5945
f               5944      5977      5978
f               5977      6011      5978
f               5977      6010      6011
f               6010      6043      6011
f               6011      6043      6044
f               6043      6076      6044
f               6044      6076      6077
f               6076      6109      6077
f               6077      6109      6110
f               6109      6142      6110
f               6110      6142      6143
f               6142      6175      6143
f               6143      6175      6176
f               6175      6208      6176
f               6176      6208      6209
f               6208      6241      6209
f               6209      6241      6242
f               6241      6274      6242
f               6242      6274      6275
f               6274      6307      6275
f               6275      6307      6308
f               6307      6340      6308
f               6308      6340      6341
f               6340      6373      6341
f               6341      6373      6374
f               6373      6406      6374
f               6374      6406      6407
f               6406      6439      6407
f               6407      6439      6440
f               6439      6472      6440
f               6440      6472      6473
f               6472      4353      6473
f               6473      4353      4352
f               2150      5484      2151
f               2150      5483      5484
f               5483      5517      5484
f               5483      5516      5517
f               5516      5550      5517
f               5516      5549      5550
f               5549      5583      5550
f               5549      5582      5583
f               5582      5616      5583
f               5582      5615      5616
f               5615      5649      5616
f               5615      5648      5649
f               5648      5682      5649
f               5648      5681      5682
f               5681      5715      5682
f               5681      5714      5715
f               5714      5748      5715
f               5714      5747      5748
f               5747      5781      5748
f               5747      5780      5781
f               5780      5814      5781
f               5780      5813      5814
f               5813      5847      5814
f               5813      5846      5847
f               5846      5880      5847
f               5846      5879      5880
f               5879      5913      5880
f               5879      5912      5913
f               5912      5946      5913
f               5912      5945      5946
f               5945      5979      5946
f               5945      5978      5979
f               5978      6012      5979
f               5978      6011      6012
f               6011      6044      6012
f               6012      6044      6045
f               6044      6077      6045
f               6045      6077      6078
f               6077      6110      6078
f               6078      6110      6111
f               6110      6143      6111
f               6111      6143      6144
f               6143      6176      6144
f               6144      6176      6177
f               6176      6209      6177
f               6177      6209      6210
f               6209      6242      6210
f               6210      6242      6243
f               6242      6275      6243
f               6243      6275      6276
f               6275      6308      6276
f               6276      6308      6309
f               6308      6341      6309
f               6309      6341      6342
f               6341      6374      6342
f               6342      6374      6375
f               6374      6407      6375
f               6375      6407      6408
f               6407      6440      6408
f               6408      6440      6441
f               6440      6473      6441
f               6441      6473      6474
f               6473      4352      6474
f               6474      4352      4351
f               2151      5485      2152
f               2151      5484      5485
f               5484      5518      5485
f               5484      5517      5518
f               5517      5551      5518
f               5517      5550      5551
f               5550      5584      5551
f               5550      5583      5584
f               5583      5617      5584
f               5583      5616      5617
f               5616      5650      5617
f               5616      5649      5650
f               5649      5683      5650
f               5649      5682      5683
f               5682      5716      5683
f               5682      5715      5716
f               5715      5749      5716
f               5715      5748      5749
f               5748      5782      5749
f               5748      5781      5782
f               5781      5815      5782
f               5781      5814      5815
f               5814      5848      5815
f               5814      5847      5848
f               5847      5881      5848
f               5847      5880      5881
f               5880      5914      5881
f               5880      5913      5914
f               5913      5947      5914
f               5913      5946      5947
f               5946      5980      5947
f               5946      5979      5980
f               5979      6013      5980
f               5979      6012      6013
f               6012      6045      6013
f               6013      6045      6046
f               6045      6078      6046
f               6046      6078      6079
f               6078      6111      6079
f               6079      6111      6112
f               6111      6144      6112
f               6112      6144      6145
f               6144      6177      6145
f               6145      6177      6178
f               6177      6210      6178
f               6178      6210      6211
f               6210      6243      6211
f               6211      6243      6244
f               6243      6276      6244
f               6244      6276      6277
f               6276      6309      6277
f               6277      6309      6310
f               6309      6342      6310
f               6310      6342      6343
f               6342      6375      6343
f               6343      6375      6376
f               6375      6408      6376
f               6376      6408      6409
f               6408      6441      6409
f               6409      6441      6442
f               6441      6474      6442
f               6442      6474      6475
f               6474      4351      6475
f               6475      4351      4350
f               2152      5486      2153
f               2152      5485      5486
f               5485      5519      5486
f               5485      5518      5519
f               5518      5552      5519
f               5518      5551      5552
f               5551      5585      5552
f               5551      5584      5585
f               5584      5618      5585
f               5584      5617      5618
f               5617      5651      5618
f               5617      5650      5651
f               5650      5684      5651
f               5650      5683      5684
f               5683      5717      5684
f               5683      5716      5717
f               5716      5750      5717
f               5716      5749      5750
f               5749      5783      5750
f               5749      5782      5783
f               5782      5816      5783
f               5782      5815      5816
f               5815      5849      5816
f               5815      5848      5849
f               5848      5882      5849
f               5848      5881      5882
f               5881      5915      5882
f               5881      5914      5915
f               5914      5947      5915
f               5915      5947      5948
f               5947      5980      5948
f               5948      5980      5981
f               5980      6013      5981
f               5981      6013      6014
f               6013      6046      6014
f               6014      6046      6047
f               6046      6079      6047
f               6047      6079      6080
f               6079      6112      6080
f               6080      6112      6113
f               6112      6145      6113
f               6113      6145      6146
f               6145      6178      6146
f               6146      6178      6179
f               6178      6211      6179
f               6179      6211      6212
f               6211      6244      6212
f               6212      6244      6245
f               6244      6277      6245
f               6245      6277      6278
f               6277      6310      6278
f               6278      6310      6311
f               6310      6343      6311
f               6311      6343      6344
f               6343      6376      6344
f               6344      6376      6377
f               6376      6409      6377
f               6377      6409      6410
f               6409      6442      6410
f               6410      6442      6443
f               6442      6475      6443
f               6443      6475      6476
f               6475      4350      6476
f               6476      4350      4349
f               2153      5487      2154
f               2153      5486      5487
f               5486      5520      5487
f               5486      5519      5520
f               5519      5553      5520
f               5519      5552      5553
f               5552      5586      5553
f               5552      5585      5586
f               5585      5619      5586
f               5585      5618      5619
f               5618      5652      5619
f               5618      5651      5652
f               5651      5685      5652
f               5651      5684      5685
f               5684      5718      5685
f               5684      5717      5718
f               5717      5751      5718
f               5717      5750      5751
f               5750      5784      5751
f               5750      5783      5784
f               5783      5817      5784
f               5783      5816      5817
f               5816      5850      5817
f               5816      5849      5850
f               5849      5883      5850
f               5849      5882      5883
f               5882      5916      5883
f               5882      5915      5916
f               5915      5948      5916
f               5916      5948      5949
f               5948      5981      5949
f               5949      5981      5982
f               5981      6014      5982
f               5982      6014      6015
f               6014      6047      6015
f               6015      6047      6048
f               6047      6080      6048
f               6048      6080      6081
f               6080      6113      6081
f               6081      6113      6114
f               6113      6146      6114
f               6114      6146      6147
f               6146      6179      6147
f               6147      6179      6180
f               6179      6212      6180
f               6180      6212      6213
f               6212      6245      6213
f               6213      6245      6246
f               6245      6278      6246
f               6246      6278      6279
f               6278      6311      6279
f               6279      6311      6312
f               6311      6344      6312
f               6312      6344      6345
f               6344      6377      6345
f               6345      6377      6378
f               6377      6410      6378
f               6378      6410      6411
f               6410      6443      6411
f               6411      6443      6444
f               6443      6476      6444
f               6444      6476      6477
f               6476      4349      6477
f               6477      4349      4348
f               2154      5488      2155
f               2154      5487      5488
f               5487      5521      5488
f               5487      5520      5521
f               5520      5554      5521
f               5520      5553      5554
f               5553      5587      5554
f               5553      5586      5587
f               5586      5620      5587
f               5586      5619      5620
f               5619      5653      5620
f               5619      5652      5653
f               5652      5686      5653
f               5652      5685      5686
f               5685      5719      5686
f               5685      5718      5719
f               5718      5752      5719
f               5718      5751      5752
f               5751      5785      5752
f               5751      5784      5785
f               5784      5818      5785
f               5784      5817      5818
f               5817      5851      5818
f               5817      5850      5851
f               5850      5884      5851
f               5850      5883      5884
f               5883      5917      5884
f               5883      5916      5917
f               5916      5950      5917
f               5916      5949      5950
f               5949      5983      5950
f               5949      5982      5983
f               5982      6015      5983
f               5983      6015      6016
f               6015      6048      6016
f               6016      6048      6049
f               6048      6081      6049
f               6049      6081      6082
f               6081      6114      6082
f               6082      6114      6115
f               6114      6147      6115
f               6115      6147      6148
f               6147      6180      6148
f               6148      6180      6181
f               6180      6213      6181
f               6181      6213      6214
f               6213      6246      6214
f               6214      6246      6247
f               6246      6279      6247
f               6247      6279      6280
f               6279      6312      6280
f               6280      6312      6313
f               6312      6345      6313
f               6313      6345      6346
f               6345      6378      6346
f               6346      6378      6379
f               6378      6411      6379
f               6379      6411      6412
f               6411      6444      6412
f               6412      6444      6445
f               6444      6477      6445
f               6445      6477      6478
f               6477      4348      6478
f               6478      4348      4347
f               2155      5489      2156
f               2155      5488      5489
f               5488      5522      5489
f               5488      5521      5522
f               5521      5555      5522
f               5521      5554      5555
f               5554      5588      5555
f               5554      5587      5588
f               5587      5621      5588
f               5587      5620      5621
f               5620      5654      5621
f               5620      5653      5654
f               5653      5687      5654
f               5653      5686      5687
f               5686      5720      5687
f               5686      5719      5720
f               5719      5753      5720
f               5719      5752      5753
f               5752      5786      5753
f               5752      5785      5786
f               5785      5819      5786
f               5785      5818      5819
f               5818      5852      5819
f               5818      5851      5852
f               5851      5885      5852
f               5851      5884      5885
f               5884      5918      5885
f               5884      5917      5918
f               5917      5951      5918
f               5917      5950      5951
f               5950      5984      5951
f               5950      5983      5984
f               5983      6016      5984
f               5984      6016      6017
f               6016      6049      6017
f               6017      6049      6050
f               6049      6082      6050
f               6050      6082      6083
f               6082      6115      6083
f               6083      6115      6116
f               6115      6148      6116
f               6116      6148      6149
f               6148      6181      6149
f               6149      6181      6182
f               6181      6214      6182
f               6182      6214      6215
f               6214      6247      6215
f               6215      6247      6248
f               6247      6280      6248
f               6248      6280      6281
f               6280      6313      6281
f               6281      6313      6314
f               6313      6346      6314
f               6314      6346      6347
f               6346      6379      6347
f               6347      6379      6380
f               6379      6412      6380
f               6380      6412      6413
f               6412      6445      6413
f               6413      6445      6446
f               6445      6478      6446
f               6446      6478      6479
f               6478      4347      6479
f               6479      4347      4346
f               2156      5490      2157
f               2156      5489      5490
f               5489      5523      5490
f               5489      5522      5523
f               5522      5556      5523
f               5522      5555      5556
f               5555      5589      5556
f               5555      5588      5589
f               5588      5622      5589
f               5588      5621      5622
f               5621      5655      5622
f               5621      5654      5655
f               5654      5688      5655
f               5654      5687      5688
f               5687      5721      5688
f               5687      5720      5721
f               5720      5754      5721
f               5720      5753      5754
f               5753      5787      5754
f               5753      5786      5787
f               5786      5820      5787
f               5786      5819      5820
f               5819      5853      5820
f               5819      5852      5853
f               5852      5886      5853
f               5852      5885      5886
f               5885      5919      5886
f               5885      5918      5919
f               5918      5952      5919
f               5918      5951      5952
f               5951      5985      5952
f               5951      5984      5985
f               5984      6017      5985
f               5985      6017      6018
f               6017      6050      6018
f               6018      6050      6051
f               6050      6083      6051
f               6051      6083      6084
f               6083      6116      6084
f               6084      6116      6117
f               6116      6149      6117
f               6117      6149      6150
f               6149      6182      6150
f               6150      6182      6183
f               6182      6215      6183
f               6183      6215      6216
f               6215      6248      6216
f               6216      6248      6249
f               6248      6281      6249
f               6249      6281      6282
f               6281      6314      6282
f               6282      6314      6315
f               6314      6347      6315
f               6315      6347      6348
f               6347      6380      6348
f               6348      6380      6381
f               6380      6413      6381
f               6381      6413      6414
f               6413      6446      6414
f               6414      6446      6447
f               6446      6479      6447
f               6447      6479      6480
f               6479      4346      6480
f               6480      4346      4345
f               2157      5491      2158
f               2157      5490      5491
f               5490      5524      5491
f               5490      5523      5524
f               5523      5557      5524
f               5523      5556      5557
f               5556      5590      5557
f               5556      5589      5590
f               5589      5623      5590
f               5589      5622      5623
f               5622      5656      5623
f               5622      5655      5656
f               5655      5689      5656
f               5655      5688      5689
f               5688      5722      5689
f               5688      5721      5722
f               5721      5755      5722
f               5721      5754      5755
f               5754      5788      5755
f               5754      5787      5788
f               5787      5821      5788
f               5787      5820      5821
f               5820      5854      5821
f               5820      5853      5854
f               5853      5887      5854
f               5853      5886      5887
f               5886      5920      5887
f               5886      5919      5920
f               5919      5953      5920
f               5919      5952      5953
f               5952      5986      5953
f               5952      5985      5986
f               5985      6018      5986
f               5986      6018      6019
f               6018      6051      6019
f               6019      6051      6052
f               6051      6084      6052
f               6052      6084      6085
f               6084      6117      6085
f               6085      6117      6118
f               6117      6150      6118
f               6118      6150      6151
f               6150      6183      6151
f               6151      6183      6184
f               6183      6216      6184
f               6184      6216      6217
f               6216      6249      6217
f               6217      6249      6250
f               6249      6282      6250
f               6250      6282      6283
f               6282      6315      6283
f               6283      6315      6316
f               6315      6348      6316
f               6316      6348      6349
f               6348      6381      6349
f               6349      6381      6382
f               6381      6414      6382
f               6382      6414      6415
f               6414      6447      6415
f               6415      6447      6448
f               6447      6480      6448
f               6448      6480      6481
f               6480      4345      6481
f               6481      4345      4344
f               2158      5492      2159
f               2158      5491      5492
f               5491      5525      5492
f               5491      5524      5525
f               5524      5558      5525
f               5524      5557      5558
f               5557      5591      5558
f               5557      5590      5591
f               5590      5624      5591
f               5590      5623      5624
f               5623      5657      5624
f               5623      5656      5657
f               5656      5690      5657
f               5656      5689      5690
f               5689      5723      5690
f               5689      5722      5723
f               5722      5756      5723
f               5722      5755      5756
f               5755      5789      5756
f               5755      5788      5789
f               5788      5822      5789
f               5788      5821      5822
f               5821      5855      5822
f               5821      5854      5855
f               5854      5888      5855
f               5854      5887      5888
f               5887      5921      5888
f               5887      5920      5921
f               5920      5953      5921
f               5921      5953      5954
f               5953      5987      5954
f               5953      5986      5987
f               5986      6020      5987
f               5986      6019      6020
f               6019      6052      6020
f               6020      6052      6053
f               6052      6085      6053
f               6053      6085      6086
f               6085      6118      6086
f               6086      6118      6119
f               6118      6151      6119
f               6119      6151      6152
f               6151      6184      6152
f               6152      6184      6185
f               6184      6217      6185
f               6185      6217      6218
f               6217      6250      6218
f               6218      6250      6251
f               6250      6283      6251
f               6251      6283      6284
f               6283      6316      6284
f               6284      6316      6317
f               6316      6349      6317
f               6317      6349      6350
f               6349      6382      6350
f               6350      6382      6383
f               6382      6415      6383
f               6383      6415      6416
f               6415      6448      6416
f               6416      6448      6449
f               6448      6481      6449
f               6449      6481      6482
f               6481      4344      6482
f               6482      4344      4343
f               2159      5493      2160
f               2159      5492      5493
f               5492      5526      5493
f               5492      5525      5526
f               5525      5559      5526
f               5525      5558      5559
f               5558      5592      5559
f               5558      5591      5592
f               5591      5625      5592
f               5591      5624      5625
f               5624      5658      5625
f               5624      5657      5658
f               5657      5691      5658
f               5657      5690      5691
f               5690      5724      5691
f               5690      5723      5724
f               5723      5757      5724
f               5723      5756      5757
f               5756      5790      5757
f               5756      5789      5790
f               5789      5823      5790
f               5789      5822      5823
f               5822      5856      5823
f               5822      5855      5856
f               5855      5889      5856
f               5855      5888      5889
f               5888      5922      5889
f               5888      5921      5922
f               5921      5955      5922
f               5921      5954      5955
f               5954      5987      5955
f               5955      5987      5988
f               5987      6020      5988
f               5988      6020      6021
f               6020      6053      6021
f               6021      6053      6054
f               6053      6086      6054
f               6054      6086      6087
f               6086      6119      6087
f               6087      6119      6120
f               6119      6152      6120
f               6120      6152      6153
f               6152      6185      6153
f               6153      6185      6186
f               6185      6218      6186
f               6186      6218      6219
f               6218      6251      6219
f               6219      6251      6252
f               6251      6284      6252
f               6252      6284      6285
f               6284      6317      6285
f               6285      6317      6318
f               6317      6350      6318
f               6318      6350      6351
f               6350      6383      6351
f               6351      6383      6384
f               6383      6416      6384
f               6384      6416      6417
f               6416      6449      6417
f               6417      6449      6450
f               6449      6482      6450
f               6450      6482      6483
f               6482      4343      6483
f               6483      4343      4342
f               2160      5494      2161
f               2160      5493      5494
f               5493      5527      5494
f               5493      5526      5527
f               5526      5560      5527
f               5526      5559      5560
f               5559      5593      5560
f               5559      5592      5593
f               5592      5626      5593
f               5592      5625      5626
f               5625      5659      5626
f               5625      5658      5659
f               5658      5692      5659
f               5658      5691      5692
f               5691      5725      5692
f               5691      5724      5725
f               5724      5758      5725
f               5724      5757      5758
f               5757      5791      5758
f               5757      5790      5791
f               5790      5824      5791
f               5790      5823      5824
f               5823      5857      5824
f               5823      5856      5857
f               5856      5890      5857
f               5856      5889      5890
f               5889      5923      5890
f               5889      5922      5923
f               5922      5956      5923
f               5922      5955      5956
f               5955      5988      5956
f               5956      5988      5989
f               5988      6022      5989
f               5988      6021      6022
f               6021      6054      6022
f               6022      6054      6055
f               6054      6087      6055
f               6055      6087      6088
f               6087      6120      6088
f               6088      6120      6121
f               6120      6153      6121
f               6121      6153      6154
f               6153      6186      6154
f               6154      6186      6187
f               6186      6219      6187
f               6187      6219      6220
f               6219      6252      6220
f               6220      6252      6253
f               6252      6285      6253
f               6253      6285      6286
f               6285      6318      6286
f               6286      6318      6319
f               6318      6351      6319
f               6319      6351      6352
f               6351      6384      6352
f               6352      6384      6385
f               6384      6417      6385
f               6385      6417      6418
f               6417      6450      6418
f               6418      6450      6451
f               6450      6483      6451
f               6451      6483      6484
f               6483      4342      6484
f               6484      4342      4341
f               2161      5494      2162
f               2162      5494      5495
f               5494      5527      5495
f               5495      5527      5528
f               5527      5560      5528
f               5528      5560      5561
f               5560      5594      5561
f               5560      5593      5594
f               5593      5627      5594
f               5593      5626      5627
f               5626      5660      5627
f               5626      5659      5660
f               5659      5693      5660
f               5659      5692      5693
f               5692      5726      5693
f               5692      5725      5726
f               5725      5759      5726
f               5725      5758      5759
f               5758      5792      5759
f               5758      5791      5792
f               5791      5825      5792
f               5791      5824      5825
f               5824      5858      5825
f               5824      5857      5858
f               5857      5890      5858
f               5858      5890      5891
f               5890      5923      5891
f               5891      5923      5924
f               5923      5956      5924
f               5924      5956      5957
f               5956      5989      5957
f               5957      5989      5990
f               5989      6022      5990
f               5990      6022      6023
f               6022      6055      6023
f               6023      6055      6056
f               6055      6089      6056
f               6055      6088      6089
f               6088      6121      6089
f               6089      6121      6122
f               6121      6154      6122
f               6122      6154      6155
f               6154      6187      6155
f               6155      6187      6188
f               6187      6220      6188
f               6188      6220      6221
f               6220      6253      6221
f               6221      6253      6254
f               6253      6286      6254
f               6254      6286      6287
f               6286      6319      6287
f               6287      6319      6320
f               6319      6352      6320
f               6320      6352      6353
f               6352      6385      6353
f               6353      6385      6386
f               6385      6418      6386
f               6386      6418      6419
f               6418      6451      6419
f               6419      6451      6452
f               6451      6484      6452
f               6452      6484      6485
f               6484      4341      6485
f               6485      4341      4340
f               2162      5496      2163
f               2162      5495      5496
f               5495      5529      5496
f               5495      5528      5529
f               5528      5561      5529
f               5529      5561      5562
f               5561      5594      5562
f               5562      5594      5595
f               5594      5627      5595
f               5595      5627      5628
f               5627      5660      5628
f               5628      5660      5661
f               5660      5693      5661
f               5661      5693      5694
f               5693      5726      5694
f               5694      5726      5727
f               5726      5760      5727
f               5726      5759      5760
f               5759      5792      5760
f               5760      5792      5793
f               5792      5826      5793
f               5792      5825      5826
f               5825      5859      5826
f               5825      5858      5859
f               5858      5891      5859
f               5859      5891      5892
f               5891      5924      5892
f               5892      5924      5925
f               5924      5958      5925
f               5924      5957      5958
f               5957      5990      5958
f               5958      5990      5991
f               5990      6024      5991
f               5990      6023      6024
f               6023      6057      6024
f               6023      6056      6057
f               6056      6089      6057
f               6057      6089      6090
f               6089      6123      6090
f               6089      6122      6123
f               6122      6156      6123
f               6122      6155      6156
f               6155      6189      6156
f               6155      6188      6189
f               6188      6222      6189
f               6188      6221      6222
f               6221      6255      6222
f               6221      6254      6255
f               6254      6288      6255
f               6254      6287      6288
f               6287      6321      6288
f               6287      6320      6321
f               6320      6354      6321
f               6320      6353      6354
f               6353      6387      6354
f               6353      6386      6387
f               6386      6420      6387
f               6386      6419      6420
f               6419      6452      6420
f               6420      6452      6453
f               6452      6486      6453
f               6452      6485      6486
f               6485      4339      6486
f               6485      4340      4339
f               2163      5497      2164
f               2163      5496      5497
f               5496      5529      5497
f               5497      5529      5530
f               5529      5562      5530
f               5530      5562      5563
f               5562      5595      5563
f               5563      5595      5596
f               5595      5628      5596
f               5596      5628      5629
f               5628      5661      5629
f               5629      5661      5662
f               5661      5694      5662
f               5662      5694      5695
f               5694      5727      5695
f               5695      5727      5728
f               5727      5760      5728
f               5728      5760      5761
f               5760      5793      5761
f               5761      5793      5794
f               5793      5826      5794
f               5794      5826      5827
f               5826      5859      5827
f               5827      5859      5860
f               5859      5893      5860
f               5859      5892      5893
f               5892      5926      5893
f               5892      5925      5926
f               5925      5958      5926
f               5926      5958      5959
f               5958      5992      5959
f               5958      5991      5992
f               5991      6025      5992
f               5991      6024      6025
f               6024      6058      6025
f               6024      6057      6058
f               6057      6091      6058
f               6057      6090      6091
f               6090      6123      6091
f               6091      6123      6124
f               6123      6157      6124
f               6123      6156      6157
f               6156      6190      6157
f               6156      6189      6190
f               6189      6223      6190
f               6189      6222      6223
f               6222      6256      6223
f               6222      6255      6256
f               6255      6289      6256
f               6255      6288      6289
f               6288      6322      6289
f               6288      6321      6322
f               6321      6355      6322
f               6321      6354      6355
f               6354      6388      6355
f               6354      6387      6388
f               6387      6421      6388
f               6387      6420      6421
f               6420      6454      6421
f               6420      6453      6454
f               6453      6487      6454
f               6453      6486      6487
f               6486      4338      6487
f               6486      4339      4338
f               2164      5497      2165
f               2165      5497      5498
f               5497      5530      5498
f               5498      5530      5531
f               5530      5563      5531
f               5531      5563      5564
f               5563      5596      5564
f               5564      5596      5597
f               5596      5629      5597
f               5597      5629      5630
f               5629      5662      5630
f               5630      5662      5663
f               5662      5695      5663
f               5663      5695      5696
f               5695      5728      5696
f               5696      5728      5729
f               5728      5761      5729
f               5729      5761      5762
f               5761      5794      5762
f               5762      5794      5795
f               5794      5827      5795
f               5795      5827      5828
f               5827      5860      5828
f               5828      5860      5861
f               5860      5893      5861
f               5861      5893      5894
f               5893      5927      5894
f               5893      5926      5927
f               5926      5960      5927
f               5926      5959      5960
f               5959      5993      5960
f               5959      5992      5993
f               5992      6026      5993
f               5992      6025      6026
f               6025      6059      6026
f               6025      6058      6059
f               6058      6092      6059
f               6058      6091      6092
f               6091      6125      6092
f               6091      6124      6125
f               6124      6158      6125
f               6124      6157      6158
f               6157      6191      6158
f               6157      6190      6191
f               6190      6224      6191
f               6190      6223      6224
f               6223      6257      6224
f               6223      6256      6257
f               6256      6290      6257
f               6256      6289      6290
f               6289      6323      6290
f               6289      6322      6323
f               6322      6356      6323
f               6322      6355      6356
f               6355      6389      6356
f               6355      6388      6389
f               6388      6422      6389
f               6388      6421      6422
f               6421      6455      6422
f               6421      6454      6455
f               6454      6488      6455
f               6454      6487      6488
f               6487      4337      6488
f               6487      4338      4337
f               2165      5498      2166
f               2166      5498      5499
f               5498      5531      5499
f               5499      5531      5532
f               5531      5564      5532
f               5532      5564      5565
f               5564      5597      5565
f               5565      5597      5598
f               5597      5630      5598
f               5598      5630      5631
f               5630      5663      5631
f               5631      5663      5664
f               5663      5696      5664
f               5664      5696      5697
f               5696      5729      5697
f               5697      5729      5730
f               5729      5762      5730
f               5730      5762      5763
f               5762      5795      5763
f               5763      5795      5796
f               5795      5828      5796
f               5796      5828      5829
f               5828      5861      5829
f               5829      5861      5862
f               5861      5894      5862
f               5862      5894      5895
f               5894      5927      5895
f               5895      5927      5928
f               5927      5960      5928
f               5928      5960      5961
f               5960      5993      5961
f               5961      5993      5994
f               5993      6027      5994
f               5993      6026      6027
f               6026      6060      6027
f               6026      6059      6060
f               6059      6093      6060
f               6059      6092      6093
f               6092      6126      6093
f               6092      6125      6126
f               6125      6159      6126
f               6125      6158      6159
f               6158      6192      6159
f               6158      6191      6192
f               6191      6225      6192
f               6191      6224      6225
f               6224      6258      6225
f               6224      6257      6258
f               6257      6291      6258
f               6257      6290      6291
f               6290      6324      6291
f               6290      6323      6324
f               6323      6357      6324
f               6323      6356      6357
f               6356      6390      6357
f               6356      6389      6390
f               6389      6423      6390
f               6389      6422      6423
f               6422      6456      6423
f               6422      6455      6456
f               6455      6489      6456
f               6455      6488      6489
f               6488      4336      6489
f               6488      4337      4336
f               2166      5499      2167
f               2167      5499      5500
f               5499      5532      5500
f               5500      5532      5533
f               5532      5565      5533
f               5533      5565      5566
f               5565      5598      5566
f               5566      5598      5599
f               5598      5631      5599
f               5599      5631      5632
f               5631      5664      5632
f               5632      5664      5665
f               5664      5697      5665
f               5665      5697      5698
f               5697      5730      5698
f               5698      5730      5731
f               5730      5763      5731
f               5731      5763      5764
f               5763      5796      5764
f               5764      5796      5797
f               5796      5829      5797
f               5797      5829      5830
f               5829      5862      5830
f               5830      5862      5863
f               5862      5895      5863
f               5863      5895      5896
f               5895      5928      5896
f               5896      5928      5929
f               5928      5961      5929
f               5929      5961      5962
f               5961      5994      5962
f               5962      5994      5995
f               5994      6027      5995
f               5995      6027      6028
f               6027      6061      6028
f               6027      6060      6061
f               6060      6094      6061
f               6060      6093      6094
f               6093      6127      6094
f               6093      6126      6127
f               6126      6160      6127
f               6126      6159      6160
f               6159      6193      6160
f               6159      6192      6193
f               6192      6226      6193
f               6192      6225      6226
f               6225      6259      6226
f               6225      6258      6259
f               6258      6292      6259
f               6258      6291      6292
f               6291      6325      6292
f               6291      6324      6325
f               6324      6358      6325
f               6324      6357      6358
f               6357      6391      6358
f               6357      6390      6391
f               6390      6424      6391
f               6390      6423      6424
f               6423      6457      6424
f               6423      6456      6457
f               6456      6490      6457
f               6456      6489      6490
f               6489      4335      6490
f               6489      4336      4335
f               2167      5500      2168
f               2168      5500      5501
f               5500      5533      5501
f               5501      5533      5534
f               5533      5566      5534
f               5534      5566      5567
f               5566      5599      5567
f               5567      5599      5600
f               5599      5632      5600
f               5600      5632      5633
f               5632      5665      5633
f               5633      5665      5666
f               5665      5698      5666
f               5666      5698      5699
f               5698      5731      5699
f               5699      5731      5732
f               5731      5764      5732
f               5732      5764      5765
f               5764      5797      5765
f               5765      5797      5798
f               5797      5830      5798
f               5798      5830      5831
f               5830      5863      5831
f               5831      5863      5864
f               5863      5896      5864
f               5864      5896      5897
f               5896      5929      5897
f               5897      5929      5930
f               5929      5962      5930
f               5930      5962      5963
f               5962      5995      5963
f               5963      5995      5996
f               5995      6029      5996
f               5995      6028      6029
f               6028      6062      6029
f               6028      6061      6062
f               6061      6095      6062
f               6061      6094      6095
f               6094      6128      6095
f               6094      6127      6128
f               6127      6161      6128
f               6127      6160      6161
f               6160      6194      6161
f               6160      6193      6194
f               6193      6227      6194
f               6193      6226      6227
f               6226      6260      6227
f               6226      6259      6260
f               6259      6293      6260
f               6259      6292      6293
f               6292      6326      6293
f               6292      6325      6326
f               6325      6359      6326
f               6325      6358      6359
f               6358      6392      6359
f               6358      6391      6392
f               6391      6425      6392
f               6391      6424      6425
f               6424      6458      6425
f               6424      6457      6458
f               6457      6491      6458
f               6457      6490      6491
f               6490      4334      6491
f               6490      4335      4334
f               2168      5501      2169
f               2169      5501      5502
f               5501      5534      5502
f               5502      5534      5535
f               5534      5567      5535
f               5535      5567      5568
f               5567      5600      5568
f               5568      5600      5601
f               5600      5633      5601
f               5601      5633      5634
f               5633      5666      5634
f               5634      5666      5667
f               5666      5699      5667
f               5667      5699      5700
f               5699      5732      5700
f               5700      5732      5733
f               5732      5765      5733
f               5733      5765      5766
f               5765      5798      5766
f               5766      5798      5799
f               5798      5831      5799
f               5799      5831      5832
f               5831      5864      5832
f               5832      5864      5865
f               5864      5897      5865
f               5865      5897      5898
f               5897      5930      5898
f               5898      5930      5931
f               5930      5963      5931
f               5931      5963      5964
f               5963      5996      5964
f               5964      5996      5997
f               5996      6030      5997
f               5996      6029      6030
f               6029      6063      6030
f               6029      6062      6063
f               6062      6096      6063
f               6062      6095      6096
f               6095      6129      6096
f               6095      6128      6129
f               6128      6162      6129
f               6128      6161      6162
f               6161      6195      6162
f               6161      6194      6195
f               6194      6228      6195
f               6194      6227      6228
f               6227      6261      6228
f               6227      6260      6261
f               6260      6294      6261
f               6260      6293      6294
f               6293      6327      6294
f               6293      6326      6327
f               6326      6360      6327
f               6326      6359      6360
f               6359      6393      6360
f               6359      6392      6393
f               6392      6426      6393
f               6392      6425      6426
f               6425      6459      6426
f               6425      6458      6459
f               6458      6492      6459
f               6458      6491      6492
f               6491      4333      6492
f               6491      4334      4333
f               2169      5502      2170
f               2170      5502      5503
f               5502      5535      5503
f               5503      5535      5536
f               5535      5568      5536
f               5536      5568      5569
f               5568      5601      5569
f               5569      5601      5602
f               5601      5634      5602
f               5602      5634      5635
f               5634      5667      5635
f               5635      5667      5668
f               5667      5700      5668
f               5668      5700      5701
f               5700      5733      5701
f               5701      5733      5734
f               5733      5766      5734
f               5734      5766      5767
f               5766      5799      5767
f               5767      5799      5800
f               5799      5832      5800
f               5800      5832      5833
f               5832      5865      5833
f               5833      5865      5866
f               5865      5898      5866
f               5866      5898      5899
f               5898      5931      5899
f               5899      5931      5932
f               5931      5964      5932
f               5932      5964      5965
f               5964      5998      5965
f               5964      5997      5998
f               5997      6030      5998
f               5998      6030      6031
f               6030      6064      6031
f               6030      6063      6064
f               6063      6097      6064
f               6063      6096      6097
f               6096      6130      6097
f               6096      6129      6130
f               6129      6163      6130
f               6129      6162      6163
f               6162      6196      6163
f               6162      6195      6196
f               6195      6229      6196
f               6195      6228      6229
f               6228      6262      6229
f               6228      6261      6262
f               6261      6295      6262
f               6261      6294      6295
f               6294      6328      6295
f               6294      6327      6328
f               6327      6361      6328
f               6327      6360      6361
f               6360      6394      6361
f               6360      6393      6394
f               6393      6427      6394
f               6393      6426      6427
f               6426      6460      6427
f               6426      6459      6460
f               6459      6493      6460
f               6459      6492      6493
f               6492      4332      6493
f               6492      4333      4332
f               2170      5503      2171
f               2171      5503      5504
f               5503      5536      5504
f               5504      5536      5537
f               5536      5569      5537
f               5537      5569      5570
f               5569      5602      5570
f               5570      5602      5603
f               5602      5635      5603
f               5603      5635      5636
f               5635      5668      5636
f               5636      5668      5669
f               5668      5701      5669
f               5669      5701      5702
f               5701      5734      5702
f               5702      5734      5735
f               5734      5767      5735
f               5735      5767      5768
f               5767      5800      5768
f               5768      5800      5801
f               5800      5833      5801
f               5801      5833      5834
f               5833      5866      5834
f               5834      5866      5867
f               5866      5899      5867
f               5867      5899      5900
f               5899      5932      5900
f               5900      5932      5933
f               5932      5965      5933
f               5933      5965      5966
f               5965      5999      5966
f               5965      5998      5999
f               5998      6032      5999
f               5998      6031      6032
f               6031      6065      6032
f               6031      6064      6065
f               6064      6098      6065
f               6064      6097      6098
f               6097      6131      6098
f               6097      6130      6131
f               6130      6164      6131
f               6130      6163      6164
f               6163      6197      6164
f               6163      6196      6197
f               6196      6230      6197
f               6196      6229      6230
f               6229      6263      6230
f               6229      6262      6263
f               6262      6296      6263
f               6262      6295      6296
f               6295      6329      6296
f               6295      6328      6329
f               6328      6362      6329
f               6328      6361      6362
f               6361      6395      6362
f               6361      6394      6395
f               6394      6428      6395
f               6394      6427      6428
f               6427      6461      6428
f               6427      6460      6461
f               6460      6494      6461
f               6460      6493      6494
f               6493      4331      6494
f               6493      4332      4331
f               2171      5504      2172
f               2172      5504      5505
f               5504      5537      5505
f               5505      5537      5538
f               5537      5570      5538
f               5538      5570      5571
f               5570      5603      5571
f               5571      5603      5604
f               5603      5636      5604
f               5604      5636      5637
f               5636      5669      5637
f               5637      5669      5670
f               5669      5702      5670
f               5670      5702      5703
f               5702      5735      5703
f               5703      5735      5736
f               5735      5768      5736
f               5736      5768      5769
f               5768      5801      5769
f               5769      5801      5802
f               5801      5834      5802
f               5802      5834      5835
f               5834      5867      5835
f               5835      5867      5868
f               5867      5900      5868
f               5868      5900      5901
f               5900      5933      5901
f               5901      5933      5934
f               5933      5966      5934
f               5934      5966      5967
f               5966      5999      5967
f               5967      5999      6000
f               5999      6033      6000
f               5999      6032      6033
f               6032      6066      6033
f               6032      6065      6066
f               6065      6099      6066
f               6065      6098      6099
f               6098      6132      6099
f               6098      6131      6132
f               6131      6165      6132
f               6131      6164      6165
f               6164      6198      6165
f               6164      6197      6198
f               6197      6231      6198
f               6197      6230      6231
f               6230      6264      6231
f               6230      6263      6264
f               6263      6297      6264
f               6263      6296      6297
f               6296      6330      6297
f               6296      6329      6330
f               6329      6363      6330
f               6329      6362      6363
f               6362      6396      6363
f               6362      6395      6396
f               6395      6429      6396
f               6395      6428      6429
f               6428      6462      6429
f               6428      6461      6462
f               6461      6495      6462
f               6461      6494      6495
f               6494      4330      6495
f               6494      4331      4330
f               2172      5505      2173
f               2173      5505      5506
f               5505      5538      5506
f               5506      5538      5539
f               5538      5571      5539
f               5539      5571      5572
f               5571      5604      5572
f               5572      5604      5605
f               5604      5637      5605
f               5605      5637      5638
f               5637      5670      5638
f               5638      5670      5671
f               5670      5703      5671
f               5671      5703      5704
f               5703      5736      5704
f               5704      5736      5737
f               5736      5769      5737
f               5737      5769      5770
f               5769      5802      5770
f               5770      5802      5803
f               5802      5835      5803
f               5803      5835      5836
f               5835      5868      5836
f               5836      5868      5869
f               5868      5901      5869
f               5869      5901      5902
f               5901      5934      5902
f               5902      5934      5935
f               5934      5967      5935
f               5935      5967      5968
f               5967      6000      5968
f               5968      6000      6001
f               6000      6034      6001
f               6000      6033      6034
f               6033      6067      6034
f               6033      6066      6067
f               6066      6100      6067
f               6066      6099      6100
f               6099      6133      6100
f               6099      6132      6133
f               6132      6166      6133
f               6132      6165      6166
f               6165      6199      6166
f               6165      6198      6199
f               6198      6232      6199
f               6198      6231      6232
f               6231      6265      6232
f               6231      6264      6265
f               6264      6298      6265
f               6264      6297      6298
f               6297      6331      6298
f               6297      6330      6331
f               6330      6364      6331
f               6330      6363      6364
f               6363      6397      6364
f               6363      6396      6397
f               6396      6430      6397
f               6396      6429      6430
f               6429      6463      6430
f               6429      6462      6463
f               6462      6496      6463
f               6462      6495      6496
f               6495      4329      6496
f               6495      4330      4329
f               2173      5506      2174
f               2174      5506      5507
f               5506      5539      5507
f               5507      5539      5540
f               5539      5572      5540
f               5540      5572      5573
f               5572      5605      5573
f               5573      5605      5606
f               5605      5638      5606
f               5606      5638      5639
f               5638      5671      5639
f               5639      5671      5672
f               5671      5704      5672
f               5672      5704      5705
f               5704      5737      5705
f               5705      5737      5738
f               5737      5770      5738
f               5738      5770      5771
f               5770      5803      5771
f               5771      5803      5804
f               5803      5836      5804
f               5804      5836      5837
f               5836      5869      5837
f               5837      5869      5870
f               5869      5902      5870
f               5870      5902      5903
f               5902      5935      5903
f               5903      5935      5936
f               5935      5968      5936
f               5936      5968      5969
f               5968      6001      5969
f               5969      6001      6002
f               6001      6035      6002
f               6001      6034      6035
f               6034      6068      6035
f               6034      6067      6068
f               6067      6101      6068
f               6067      6100      6101
f               6100      6134      6101
f               6100      6133      6134
f               6133      6167      6134
f               6133      6166      6167
f               6166      6200      6167
f               6166      6199      6200
f               6199      6233      6200
f               6199      6232      6233
f               6232      6266      6233
f               6232      6265      6266
f               6265      6299      6266
f               6265      6298      6299
f               6298      6332      6299
f               6298      6331      6332
f               6331      6365      6332
f               6331      6364      6365
f               6364      6398      6365
f               6364      6397      6398
f               6397      6431      6398
f               6397      6430      6431
f               6430      6464      6431
f               6430      6463      6464
f               6463      6497      6464
f               6463      6496      6497
f               6496      4328      6497
f               6496      4329      4328
f               2174      5507      2175
f               2175      5507      5508
f               5507      5540      5508
f               5508      5540      5541
f               5540      5573      5541
f               5541      5573      5574
f               5573      5606      5574
f               5574      5606      5607
f               5606      5639      5607
f               5607      5639      5640
f               5639      5672      5640
f               5640      5672      5673
f               5672      5705      5673
f               5673      5705      5706
f               5705      5738      5706
f               5706      5738      5739
f               5738      5771      5739
f               5739      5771      5772
f               5771      5804      5772
f               5772      5804      5805
f               5804      5837      5805
f               5805      5837      5838
f               5837      5870      5838
f               5838      5870      5871
f               5870      5903      5871
f               5871      5903      5904
f               5903      5936      5904
f               5904      5936      5937
f               5936      5969      5937
f               5937      5969      5970
f               5969      6002      5970
f               5970      6002      6003
f               6002      6035      6003
f               6003      6035      6036
f               6035      6069      6036
f               6035      6068      6069
f               6068      6102      6069
f               6068      6101      6102
f               6101      6135      6102
f               6101      6134      6135
f               6134      6168      6135
f               6134      6167      6168
f               6167      6201      6168
f               6167      6200      6201
f               6200      6234      6201
f               6200      6233      6234
f               6233      6267      6234
f               6233      6266      6267
f               6266      6300      6267
f               6266      6299      6300
f               6299      6333      6300
f               6299      6332      6333
f               6332      6366      6333
f               6332      6365      6366
f               6365      6399      6366
f               6365      6398      6399
f               6398      6432      6399
f               6398      6431      6432
f               6431      6465      6432
f               6431      6464      6465
f               6464      6498      6465
f               6464      6497      6498
f               6497      4327      6498
f               6497      4328      4327
f               2175      5508      2176
f               2176      5508      5509
f               5508      5541      5509
f               5509      5541      5542
f               5541      5574      5542
f               5542      5574      5575
f               5574      5607      5575
f               5575      5607      5608
f               5607      5640      5608
f               5608      5640      5641
f               5640      5673      5641
f               5641      5673      5674
f               5673      5706      5674
f               5674      5706      5707
f               5706      5739      5707
f               5707      5739      5740
f               5739      5772      5740
f               5740      5772      5773
f               5772      5805      5773
f               5773      5805      5806
f               5805      5838      5806
f               5806      5838      5839
f               5838      5871      5839
f               5839      5871      5872
f               5871      5904      5872
f               5872      5904      5905
f               5904      5937      5905
f               5905      5937      5938
f               5937      5970      5938
f               5938      5970      5971
f               5970      6003      5971
f               5971      6003      6004
f               6003      6037      6004
f               6003      6036      6037
f               6036      6070      6037
f               6036      6069      6070
f               6069      6103      6070
f               6069      6102      6103
f               6102      6136      6103
f               6102      6135      6136
f               6135      6169      6136
f               6135      6168      6169
f               6168      6202      6169
f               6168      6201      6202
f               6201      6235      6202
f               6201      6234      6235
f               6234      6268      6235
f               6234      6267      6268
f               6267      6301      6268
f               6267      6300      6301
f               6300      6334      6301
f               6300      6333      6334
f               6333      6367      6334
f               6333      6366      6367
f               6366      6400      6367
f               6366      6399      6400
f               6399      6433      6400
f               6399      6432      6433
f               6432      6466      6433
f               6432      6465      6466
f               6465      6499      6466
f               6465      6498      6499
f               6498      4326      6499
f               6498      4327      4326
f               2176      5509      2177
f               2177      5509      5510
f               5509      5542      5510
f               5510      5542      5543
f               5542      5575      5543
f               5543      5575      5576
f               5575      5608      5576
f               5576      5608      5609
f               5608      5641      5609
f               5609      5641      5642
f               5641      5674      5642
f               5642      5674      5675
f               5674      5707      5675
f               5675      5707      5708
f               5707      5740      5708
f               5708      5740      5741
f               5740      5773      5741
f               5741      5773      5774
f               5773      5806      5774
f               5774      5806      5807
f               5806      5839      5807
f               5807      5839      5840
f               5839      5872      5840
f               5840      5872      5873
f               5872      5905      5873
f               5873      5905      5906
f               5905      5938      5906
f               5906      5938      5939
f               5938      5971      5939
f               5939      5971      5972
f               5971      6004      5972
f               5972      6004      6005
f               6004      6038      6005
f               6004      6037      6038
f               6037      6071      6038
f               6037      6070      6071
f               6070      6104      6071
f               6070      6103      6104
f               6103      6137      6104
f               6103      6136      6137
f               6136      6170      6137
f               6136      6169      6170
f               6169      6203      6170
f               6169      6202      6203
f               6202      6236      6203
f               6202      6235      6236
f               6235      6269      6236
f               6235      6268      6269
f               6268      6302      6269
f               6268      6301      6302
f               6301      6335      6302
f               6301      6334      6335
f               6334      6368      6335
f               6334      6367      6368
f               6367      6401      6368
f               6367      6400      6401
f               6400      6434      6401
f               6400      6433      6434
f               6433      6467      6434
f               6433      6466      6467
f               6466      6500      6467
f               6466      6499      6500
f               6499      4325      6500
f               6499      4326      4325
f               2177      5510      2178
f               2178      5510      5414
f               5510      5543      5414
f               5414      5543      5415
f               5543      5576      5415
f               5415      5576      5416
f               5576      5609      5416
f               5416      5609      5417
f               5609      5642      5417
f               5417      5642      5418
f               5642      5675      5418
f               5418      5675      5419
f               5675      5708      5419
f               5419      5708      5420
f               5708      5741      5420
f               5420      5741      5421
f               5741      5774      5421
f               5421      5774      5422
f               5774      5807      5422
f               5422      5807      5423
f               5807      5840      5423
f               5423      5840      5424
f               5840      5873      5424
f               5424      5873      5425
f               5873      5906      5425
f               5425      5906      5426
f               5906      5939      5426
f               5426      5939      5427
f               5939      5972      5427
f               5427      5972      5428
f               5972      6005      5428
f               5428      6005      5429
f               6005      6038      5429
f               5429      6038      5430
f               6038      5431      5430
f               6038      6071      5431
f               6071      5432      5431
f               6071      6104      5432
f               6104      5433      5432
f               6104      6137      5433
f               6137      5434      5433
f               6137      6170      5434
f               6170      5435      5434
f               6170      6203      5435
f               6203      5436      5435
f               6203      6236      5436
f               6236      5437      5436
f               6236      6269      5437
f               6269      5438      5437
f               6269      6302      5438
f               6302      5439      5438
f               6302      6335      5439
f               6335      5440      5439
f               6335      6368      5440
f               6368      5441      5440
f               6368      6401      5441
f               6401      5442      5441
f               6401      6434      5442
f               6434      5443      5442
f               6434      6467      5443
f               6467      5444      5443
f               6467      6500      5444
f               6500      4324      5444
f               6500      4325      4324
